time_ps,current_mA
0.0,304.4151
625.0,286.1459
1250.0,291.5918
1875.0,275.8480
2500.0,280.9316
3125.0,270.2361
3750.0,293.8542
4375.0,263.5037
5000.0,290.9529
5625.0,277.3309
6250.0,296.3975
6875.0,290.5122
7500.0,305.4890
8125.0,290.2308
8750.0,257.9914
9375.0,279.0627
10000.0,263.5919
10625.0,272.7441
11250.0,301.1572
11875.0,288.9255
12500.0,270.2150
13125.0,265.8080
13750.0,280.4589
14375.0,262.9682
15000.0,270.6040
15625.0,284.3681
16250.0,296.1744
16875.0,288.5227
17500.0,247.9219
18125.0,284.2611
18750.0,281.0085
19375.0,285.7945
20000.0,302.6269
20625.0,251.1147
21250.0,271.7246
21875.0,288.2727
22500.0,257.8577
23125.0,300.6633
23750.0,285.1570
24375.0,291.8522
25000.0,272.0068
25625.0,291.3927
26250.0,294.9586
26875.0,283.2603
27500.0,283.2816
28125.0,283.7848
28750.0,267.9132
29375.0,277.9346
30000.0,277.8647
30625.0,285.3675
31250.0,293.9975
31875.0,265.1805
32500.0,278.2499
33125.0,300.7404
33750.0,269.5898
34375.0,268.4885
35000.0,282.8323
35625.0,291.8214
36250.0,280.1600
36875.0,298.6054
37500.0,291.9951
38125.0,291.7855
38750.0,287.7576
39375.0,312.5871
40000.0,277.1277
40625.0,251.9507
41250.0,302.4596
41875.0,273.5922
42500.0,281.5103
43125.0,298.3337
43750.0,257.5684
44375.0,262.4769
45000.0,257.5821
45625.0,268.8821
46250.0,286.1549
46875.0,287.3386
47500.0,283.8678
48125.0,260.2213
48750.0,247.6586
49375.0,280.7610
50000.0,273.3951
50625.0,286.4314
51250.0,289.8274
51875.0,281.9354
52500.0,290.6419
53125.0,283.2090
53750.0,287.4209
54375.0,270.1346
55000.0,277.4854
55625.0,282.7549
56250.0,291.4874
56875.0,274.4876
57500.0,287.2963
58125.0,276.2783
58750.0,278.3544
59375.0,291.6133
60000.0,252.0972
60625.0,261.8494
61250.0,259.2494
61875.0,247.3294
62500.0,270.5043
63125.0,290.4921
63750.0,276.0116
64375.0,282.7691
65000.0,295.2490
65625.0,298.5876
66250.0,279.0321
66875.0,298.9502
67500.0,281.2898
68125.0,268.2764
68750.0,271.6784
69375.0,259.2725
70000.0,267.5661
70625.0,274.9878
71250.0,291.2502
71875.0,304.0908
72500.0,260.6495
73125.0,285.4996
73750.0,265.4324
74375.0,286.6458
75000.0,278.1648
75625.0,254.3673
76250.0,292.9962
76875.0,271.5300
77500.0,272.5254
78125.0,265.0235
78750.0,270.8400
79375.0,285.9905
80000.0,277.3506
80625.0,284.6013
81250.0,285.0669
81875.0,298.4893
82500.0,275.2010
83125.0,259.3240
83750.0,294.9411
84375.0,275.3592
85000.0,295.6043
85625.0,285.3673
86250.0,278.1641
86875.0,284.8829
87500.0,307.3142
88125.0,309.0777
88750.0,280.9713
89375.0,282.2427
90000.0,295.0674
90625.0,268.1607
91250.0,284.6630
91875.0,279.6379
92500.0,284.3947
93125.0,268.3328
93750.0,257.7461
94375.0,250.9782
95000.0,264.3566
95625.0,273.5785
96250.0,275.8953
96875.0,307.1212
97500.0,295.4839
98125.0,266.5307
98750.0,284.8679
99375.0,274.3009
100000.0,276.0189
100625.0,282.5946
101250.0,288.6684
101875.0,275.2504
102500.0,294.8939
103125.0,264.0129
103750.0,280.0887
104375.0,316.3674
105000.0,283.1231
105625.0,300.0650
106250.0,281.2813
106875.0,288.1309
107500.0,279.2050
108125.0,277.6143
108750.0,269.0872
109375.0,286.0242
110000.0,268.0785
110625.0,289.3182
111250.0,295.1940
111875.0,285.1314
112500.0,275.9925
113125.0,286.3555
113750.0,275.6786
114375.0,293.0977
115000.0,254.3603
115625.0,275.3015
116250.0,252.1286
116875.0,259.0691
117500.0,299.0941
118125.0,292.5326
118750.0,269.9273
119375.0,258.9650
120000.0,238.4966
120625.0,272.3911
121250.0,313.8858
121875.0,286.0884
122500.0,272.1660
123125.0,286.5111
123750.0,258.1466
124375.0,275.8375
125000.0,281.3927
125625.0,278.7946
126250.0,291.0713
126875.0,284.8250
127500.0,289.3566
128125.0,270.3628
128750.0,292.5694
129375.0,302.8051
130000.0,266.4179
130625.0,267.5723
131250.0,298.7010
131875.0,277.3212
132500.0,299.6535
133125.0,273.8045
133750.0,300.3706
134375.0,281.8408
135000.0,283.6152
135625.0,301.9061
136250.0,274.9352
136875.0,266.8243
137500.0,273.7201
138125.0,286.3327
138750.0,258.0794
139375.0,288.9246
140000.0,272.4572
140625.0,296.0694
141250.0,246.4804
141875.0,268.9881
142500.0,256.3894
143125.0,268.4328
143750.0,283.4673
144375.0,277.4908
145000.0,276.4527
145625.0,277.7714
146250.0,282.8474
146875.0,265.8805
147500.0,289.8959
148125.0,289.2773
148750.0,285.3905
149375.0,287.7915
150000.0,284.1499
150625.0,308.4910
151250.0,278.7807
151875.0,275.7008
152500.0,269.4506
153125.0,265.5483
153750.0,262.5774
154375.0,267.5568
155000.0,279.0105
155625.0,284.6801
156250.0,280.7160
156875.0,269.2825
157500.0,292.6026
158125.0,290.3518
158750.0,277.7649
159375.0,270.8592
160000.0,287.6780
160625.0,282.6316
161250.0,259.7262
161875.0,279.0483
162500.0,283.6685
163125.0,267.4043
163750.0,282.6578
164375.0,259.6325
165000.0,298.7066
165625.0,297.4713
166250.0,276.4648
166875.0,285.0884
167500.0,246.2611
168125.0,263.8111
168750.0,275.8871
169375.0,264.9901
170000.0,290.0016
170625.0,307.9622
171250.0,263.5274
171875.0,268.2755
172500.0,283.2963
173125.0,302.5556
173750.0,262.8868
174375.0,283.4865
175000.0,305.4982
175625.0,256.8754
176250.0,262.0650
176875.0,274.0695
177500.0,272.7118
178125.0,291.3764
178750.0,283.3832
179375.0,255.1505
180000.0,287.2157
180625.0,271.9145
181250.0,297.8423
181875.0,271.2138
182500.0,271.0874
183125.0,287.5758
183750.0,290.6810
184375.0,286.2734
185000.0,256.4016
185625.0,287.5325
186250.0,265.5197
186875.0,283.2939
187500.0,260.0677
188125.0,286.2485
188750.0,268.7076
189375.0,262.0431
190000.0,289.9935
190625.0,283.3830
191250.0,271.4043
191875.0,300.3165
192500.0,273.8309
193125.0,280.4495
193750.0,283.7648
194375.0,271.3247
195000.0,286.5959
195625.0,272.5317
196250.0,274.2371
196875.0,299.0770
197500.0,265.4318
198125.0,246.2211
198750.0,302.5531
199375.0,315.6906
200000.0,274.3262
200625.0,252.8843
201250.0,275.6532
201875.0,275.9929
202500.0,277.3411
203125.0,264.4126
203750.0,288.1139
204375.0,287.3431
205000.0,259.0783
205625.0,289.7888
206250.0,308.7376
206875.0,282.4074
207500.0,275.2774
208125.0,278.0120
208750.0,288.6136
209375.0,255.7706
210000.0,282.3015
210625.0,274.5335
211250.0,305.8696
211875.0,277.5616
212500.0,303.3504
213125.0,264.5476
213750.0,288.2216
214375.0,284.4716
215000.0,267.8333
215625.0,282.4835
216250.0,296.9753
216875.0,275.4669
217500.0,256.3125
218125.0,279.7541
218750.0,44.8793
219375.0,46.1955
220000.0,46.8083
220625.0,42.9917
221250.0,43.2032
221875.0,48.1329
222500.0,45.7716
223125.0,40.9729
223750.0,48.8444
224375.0,47.6401
225000.0,45.3224
225625.0,43.9054
226250.0,48.9641
226875.0,47.8210
227500.0,41.4078
228125.0,37.7773
228750.0,37.7173
229375.0,36.6912
230000.0,38.5110
230625.0,38.1564
231250.0,39.3157
231875.0,36.0356
232500.0,36.1945
233125.0,36.1137
233750.0,38.4630
234375.0,39.7720
235000.0,36.1511
235625.0,36.2142
236250.0,37.5810
236875.0,36.5453
237500.0,38.7613
238125.0,32.8342
238750.0,35.4706
239375.0,35.5525
240000.0,32.7073
240625.0,35.2173
241250.0,35.3070
241875.0,36.6280
242500.0,39.0590
243125.0,36.5466
243750.0,35.0930
244375.0,36.8946
245000.0,38.9410
245625.0,35.1945
246250.0,35.3154
246875.0,59.6198
247500.0,57.3575
248125.0,59.8777
248750.0,57.9604
249375.0,60.0348
250000.0,54.9983
250625.0,57.9650
251250.0,57.3890
251875.0,54.4739
252500.0,53.4659
253125.0,59.9887
253750.0,56.9822
254375.0,55.0354
255000.0,57.7211
255625.0,61.2713
256250.0,51.3859
256875.0,53.6597
257500.0,55.3236
258125.0,62.2374
258750.0,58.8195
259375.0,60.2252
260000.0,54.6935
260625.0,219.0134
261250.0,237.1946
261875.0,232.6760
262500.0,238.3654
263125.0,229.8230
263750.0,235.2265
264375.0,233.8342
265000.0,241.0221
265625.0,48.8965
266250.0,43.1933
266875.0,41.7189
267500.0,49.3541
268125.0,49.7912
268750.0,44.6015
269375.0,42.6294
270000.0,47.2327
270625.0,49.1875
271250.0,51.2243
271875.0,48.2133
272500.0,46.1265
273125.0,44.9011
273750.0,47.0269
274375.0,46.2967
275000.0,44.6146
275625.0,51.8146
276250.0,51.1951
276875.0,49.6697
277500.0,44.8360
278125.0,49.0093
278750.0,48.5031
279375.0,37.8187
280000.0,39.3119
280625.0,38.1754
281250.0,38.3690
281875.0,38.1783
282500.0,37.6305
283125.0,33.7003
283750.0,37.1547
284375.0,35.9710
285000.0,34.6323
285625.0,40.1114
286250.0,40.1986
286875.0,39.5146
287500.0,37.4721
288125.0,39.4987
288750.0,37.0223
289375.0,37.3752
290000.0,34.9771
290625.0,37.7344
291250.0,37.1117
291875.0,34.5901
292500.0,36.9053
293125.0,36.8525
293750.0,40.3255
294375.0,38.6543
295000.0,37.0212
295625.0,37.4603
296250.0,37.0818
296875.0,36.6246
297500.0,34.9975
298125.0,36.7206
298750.0,35.6197
299375.0,34.6869
300000.0,37.9458
300625.0,59.1347
301250.0,52.8185
301875.0,57.6442
302500.0,60.8875
303125.0,61.0717
303750.0,60.9749
304375.0,58.1128
305000.0,55.5494
305625.0,54.8573
306250.0,58.9994
306875.0,59.0999
307500.0,61.7333
308125.0,61.1899
308750.0,57.6165
309375.0,54.3918
310000.0,57.0746
310625.0,58.6300
311250.0,57.4140
311875.0,56.3241
312500.0,58.7334
313125.0,56.5385
313750.0,56.1786
314375.0,228.5038
315000.0,220.4776
315625.0,227.7462
316250.0,228.0735
316875.0,212.1814
317500.0,219.5860
318125.0,241.1750
318750.0,211.9266
319375.0,42.0259
320000.0,42.6247
320625.0,47.0684
321250.0,47.0727
321875.0,46.7236
322500.0,49.8533
323125.0,40.7188
323750.0,47.9304
324375.0,50.6694
325000.0,44.3497
325625.0,46.1075
326250.0,45.2307
326875.0,44.8983
327500.0,46.2333
328125.0,50.3546
328750.0,51.3179
329375.0,46.2105
330000.0,51.4769
330625.0,47.0836
331250.0,51.1212
331875.0,46.7807
332500.0,47.3080
333125.0,37.6761
333750.0,42.8809
334375.0,38.5749
335000.0,35.6916
335625.0,38.7926
336250.0,36.3306
336875.0,36.0940
337500.0,38.6809
338125.0,37.0575
338750.0,37.5154
339375.0,37.0259
340000.0,37.6227
340625.0,37.7862
341250.0,33.4166
341875.0,38.2332
342500.0,35.1833
343125.0,34.3317
343750.0,36.8919
344375.0,37.1554
345000.0,35.7170
345625.0,60.4100
346250.0,54.1077
346875.0,56.8199
347500.0,56.3039
348125.0,57.8649
348750.0,58.8087
349375.0,55.0771
350000.0,60.1004
350625.0,58.1827
351250.0,52.5134
351875.0,52.3201
352500.0,57.9643
353125.0,57.3592
353750.0,57.7001
354375.0,57.9189
355000.0,58.6541
355625.0,60.7482
356250.0,54.7778
356875.0,54.6013
357500.0,54.8294
358125.0,58.8379
358750.0,61.6103
359375.0,220.1474
360000.0,196.8559
360625.0,205.8301
361250.0,215.6283
361875.0,218.7256
362500.0,220.4056
363125.0,225.4340
363750.0,221.4929
364375.0,49.4659
365000.0,45.4114
365625.0,44.9736
366250.0,48.1254
366875.0,43.3912
367500.0,47.9158
368125.0,47.2410
368750.0,46.6535
369375.0,50.7324
370000.0,45.5378
370625.0,51.8417
371250.0,46.4702
371875.0,43.9990
372500.0,47.1643
373125.0,44.4708
373750.0,45.2334
374375.0,47.9330
375000.0,48.3056
375625.0,45.5379
376250.0,49.3204
376875.0,49.7201
377500.0,50.3753
378125.0,37.9794
378750.0,39.5223
379375.0,33.5205
380000.0,36.4119
380625.0,35.3960
381250.0,37.2206
381875.0,35.9428
382500.0,36.6926
383125.0,40.4820
383750.0,36.6860
384375.0,37.7655
385000.0,36.5703
385625.0,37.1401
386250.0,37.0111
386875.0,37.8294
387500.0,39.1558
388125.0,40.0477
388750.0,37.5728
389375.0,38.0907
390000.0,34.8709
390625.0,36.8374
391250.0,38.7395
391875.0,38.6020
392500.0,37.3915
393125.0,38.6398
393750.0,37.9079
394375.0,39.2206
395000.0,37.5353
395625.0,36.3420
396250.0,37.6213
396875.0,31.5784
397500.0,37.7083
398125.0,47.4196
398750.0,53.0020
399375.0,59.3101
400000.0,59.3848
400625.0,54.6290
401250.0,55.9349
401875.0,61.9746
402500.0,56.5963
403125.0,64.5045
403750.0,57.9944
404375.0,59.1833
405000.0,62.6889
405625.0,58.3800
406250.0,55.0932
406875.0,57.6818
407500.0,57.8967
408125.0,54.0422
408750.0,57.2581
409375.0,55.8476
410000.0,60.6806
410625.0,58.1004
411250.0,57.1799
411875.0,223.8055
412500.0,227.5101
413125.0,231.9392
413750.0,213.7532
414375.0,213.2821
415000.0,237.4276
415625.0,220.3612
416250.0,209.0605
416875.0,48.0430
417500.0,48.0889
418125.0,43.4028
418750.0,47.5393
419375.0,48.7286
420000.0,47.8798
420625.0,48.4852
421250.0,43.7000
421875.0,47.7779
422500.0,46.2888
423125.0,45.8654
423750.0,49.0458
424375.0,50.4763
425000.0,51.2168
425625.0,50.0898
426250.0,46.7421
426875.0,47.8289
427500.0,48.8020
428125.0,47.2848
428750.0,47.3073
429375.0,48.9358
430000.0,46.8607
430625.0,35.6508
431250.0,36.2332
431875.0,38.1727
432500.0,37.0055
433125.0,37.6294
433750.0,38.2396
434375.0,36.3065
435000.0,38.3991
435625.0,37.7009
436250.0,34.7156
436875.0,39.6683
437500.0,36.0736
438125.0,33.9381
438750.0,35.0667
439375.0,35.1111
440000.0,37.0965
440625.0,36.4934
441250.0,36.3769
441875.0,38.1464
442500.0,37.6288
443125.0,37.5847
443750.0,37.7582
444375.0,38.1398
445000.0,33.1003
445625.0,36.3258
446250.0,32.9666
446875.0,37.0667
447500.0,57.9866
448125.0,61.0320
448750.0,61.4441
449375.0,58.5880
450000.0,56.5490
450625.0,59.4070
451250.0,56.4690
451875.0,57.9960
452500.0,60.8598
453125.0,56.3825
453750.0,60.3365
454375.0,59.9645
455000.0,55.2311
455625.0,60.8243
456250.0,60.0258
456875.0,58.2956
457500.0,55.7893
458125.0,55.5083
458750.0,56.4408
459375.0,59.5735
460000.0,55.2287
460625.0,59.2688
461250.0,211.0303
461875.0,222.7042
462500.0,226.2335
463125.0,252.5077
463750.0,209.5052
464375.0,241.5602
465000.0,226.6857
465625.0,229.6257
466250.0,47.2781
466875.0,48.0451
467500.0,46.6388
468125.0,50.4170
468750.0,45.9273
469375.0,49.6608
470000.0,45.4857
470625.0,46.8584
471250.0,44.4809
471875.0,48.0693
472500.0,50.3960
473125.0,46.8182
473750.0,46.5373
474375.0,44.3807
475000.0,46.4612
475625.0,43.2569
476250.0,44.8547
476875.0,47.5329
477500.0,50.0997
478125.0,53.6016
478750.0,45.6215
479375.0,50.3730
480000.0,37.4509
480625.0,36.7202
481250.0,37.8003
481875.0,37.1145
482500.0,37.2042
483125.0,36.2446
483750.0,34.4135
484375.0,34.1443
485000.0,38.2085
485625.0,36.4881
486250.0,35.8972
486875.0,37.0157
487500.0,38.4706
488125.0,37.3337
488750.0,35.7863
489375.0,39.2686
490000.0,39.9215
490625.0,37.9149
491250.0,38.8013
491875.0,39.2976
492500.0,61.2773
493125.0,59.7809
493750.0,59.7352
494375.0,59.5070
495000.0,54.8177
495625.0,60.0321
496250.0,54.0681
496875.0,55.6957
497500.0,61.7803
498125.0,60.4366
498750.0,62.3135
499375.0,57.2121
500000.0,54.6585
500625.0,57.3027
501250.0,58.2959
501875.0,58.2291
502500.0,61.2877
503125.0,56.9523
503750.0,59.0209
504375.0,55.1330
505000.0,59.3059
505625.0,58.0090
506250.0,216.5646
506875.0,222.3469
507500.0,222.9280
508125.0,221.9608
508750.0,244.9276
509375.0,223.8925
510000.0,222.2562
510625.0,201.4037
511250.0,44.8986
511875.0,46.3818
512500.0,45.3882
513125.0,50.2470
513750.0,46.6124
514375.0,50.0278
515000.0,47.1450
515625.0,47.0875
516250.0,46.7913
516875.0,47.0089
517500.0,51.0392
518125.0,41.5489
518750.0,42.2964
519375.0,45.7235
520000.0,47.0341
520625.0,48.6217
521250.0,48.1118
521875.0,46.0970
522500.0,49.3948
523125.0,49.4210
523750.0,47.4325
524375.0,49.2622
525000.0,37.5044
525625.0,35.9613
526250.0,38.2910
526875.0,37.2046
527500.0,37.0025
528125.0,39.7250
528750.0,32.4659
529375.0,34.3773
530000.0,34.8039
530625.0,36.3280
531250.0,36.5290
531875.0,34.2114
532500.0,55.1430
533125.0,55.5036
533750.0,65.1265
534375.0,63.2251
535000.0,56.8059
535625.0,56.9456
536250.0,54.6673
536875.0,52.4664
537500.0,57.6610
538125.0,55.1062
538750.0,57.7539
539375.0,53.3594
540000.0,55.7903
540625.0,58.4310
541250.0,59.0620
541875.0,59.2107
542500.0,54.1706
543125.0,60.4786
543750.0,55.6794
544375.0,59.8353
545000.0,57.9691
545625.0,54.0085
546250.0,228.3321
546875.0,236.2382
547500.0,239.1104
548125.0,230.3645
548750.0,249.7686
549375.0,243.6871
550000.0,229.0228
550625.0,240.7014
551250.0,51.5444
551875.0,51.6071
552500.0,44.1142
553125.0,44.8226
553750.0,50.4896
554375.0,44.5130
555000.0,43.8920
555625.0,45.8574
556250.0,47.9875
556875.0,46.7594
557500.0,45.4712
558125.0,45.4156
558750.0,45.3260
559375.0,44.9332
560000.0,52.3618
560625.0,47.6992
561250.0,49.0839
561875.0,45.8507
562500.0,46.5630
563125.0,45.3231
563750.0,40.7685
564375.0,43.7617
565000.0,33.6504
565625.0,32.8379
566250.0,34.7886
566875.0,39.4512
567500.0,36.9178
568125.0,39.3875
568750.0,37.7603
569375.0,38.4477
570000.0,35.3333
570625.0,37.9693
571250.0,38.3481
571875.0,35.9332
572500.0,38.0351
573125.0,38.0474
573750.0,35.9833
574375.0,34.9229
575000.0,34.8094
575625.0,37.1600
576250.0,37.6050
576875.0,35.5338
577500.0,37.0492
578125.0,38.0555
578750.0,38.1437
579375.0,39.8710
580000.0,39.3624
580625.0,35.1476
581250.0,40.1146
581875.0,36.0177
582500.0,38.9330
583125.0,37.1258
583750.0,36.2375
584375.0,33.6558
585000.0,36.6826
585625.0,34.1151
586250.0,60.8052
586875.0,62.3987
587500.0,55.6890
588125.0,58.8757
588750.0,55.8964
589375.0,56.1774
590000.0,60.2460
590625.0,57.8882
591250.0,63.0450
591875.0,56.6015
592500.0,60.8981
593125.0,58.2825
593750.0,60.3078
594375.0,56.7032
595000.0,57.8563
595625.0,57.6651
596250.0,55.5754
596875.0,59.9200
597500.0,59.8857
598125.0,59.7213
598750.0,62.4572
599375.0,62.2031
600000.0,220.7819
600625.0,229.1968
601250.0,217.9845
601875.0,225.2627
602500.0,218.2528
603125.0,243.2258
603750.0,229.0916
604375.0,222.5472
605000.0,49.8050
605625.0,41.8991
606250.0,42.2669
606875.0,48.8702
607500.0,47.1421
608125.0,47.5885
608750.0,43.8830
609375.0,46.9454
610000.0,51.7082
610625.0,48.9369
611250.0,47.3988
611875.0,45.9682
612500.0,46.0728
613125.0,41.9964
613750.0,47.6055
614375.0,48.9869
615000.0,43.2973
615625.0,45.4457
616250.0,44.2800
616875.0,44.7314
617500.0,47.1257
618125.0,42.1017
618750.0,38.1364
619375.0,38.3946
620000.0,36.5355
620625.0,32.4107
621250.0,35.1566
621875.0,39.2809
622500.0,31.8607
623125.0,36.3571
623750.0,34.8170
624375.0,38.4885
625000.0,35.7510
625625.0,37.7473
626250.0,38.0461
626875.0,40.3970
627500.0,36.6246
628125.0,37.6957
628750.0,34.2526
629375.0,39.2023
630000.0,35.5931
630625.0,35.9626
631250.0,36.9588
631875.0,34.1087
632500.0,37.4232
633125.0,38.7898
633750.0,37.5419
634375.0,34.0605
635000.0,36.7710
635625.0,38.3728
636250.0,33.5257
636875.0,35.0117
637500.0,38.6216
638125.0,37.4997
638750.0,37.7621
639375.0,63.3925
640000.0,59.3588
640625.0,59.9079
641250.0,65.8612
641875.0,57.3800
642500.0,55.6861
643125.0,59.2406
643750.0,59.2731
644375.0,56.4725
645000.0,55.0060
645625.0,64.6985
646250.0,58.9478
646875.0,55.8764
647500.0,60.6562
648125.0,57.6835
648750.0,57.2666
649375.0,59.6306
650000.0,54.2535
650625.0,59.0226
651250.0,63.5476
651875.0,59.3519
652500.0,56.9090
653125.0,219.2951
653750.0,220.3837
654375.0,222.1429
655000.0,220.7497
655625.0,235.3085
656250.0,205.5014
656875.0,234.6975
657500.0,220.7285
658125.0,47.8858
658750.0,44.3516
659375.0,50.1223
660000.0,49.9272
660625.0,49.2550
661250.0,43.4403
661875.0,48.9484
662500.0,47.9514
663125.0,43.2276
663750.0,46.9429
664375.0,47.8567
665000.0,48.3068
665625.0,47.4166
666250.0,47.6844
666875.0,50.4630
667500.0,49.8812
668125.0,40.2624
668750.0,46.2540
669375.0,46.6131
670000.0,42.8826
670625.0,47.2213
671250.0,49.9346
671875.0,34.9898
672500.0,37.6223
673125.0,35.3057
673750.0,35.7570
674375.0,39.7332
675000.0,35.9963
675625.0,37.8551
676250.0,33.5382
676875.0,40.4453
677500.0,38.1149
678125.0,36.6624
678750.0,38.0648
679375.0,34.3918
680000.0,39.1877
680625.0,36.4006
681250.0,36.6225
681875.0,36.0904
682500.0,35.9258
683125.0,38.2851
683750.0,37.4734
684375.0,38.2057
685000.0,36.9837
685625.0,37.9494
686250.0,36.2251
686875.0,41.1250
687500.0,34.0993
688125.0,39.3327
688750.0,39.5306
689375.0,35.4235
690000.0,64.4649
690625.0,60.8869
691250.0,60.8163
691875.0,58.0813
692500.0,57.3700
693125.0,57.3927
693750.0,59.1325
694375.0,62.0634
695000.0,58.5258
695625.0,55.3568
696250.0,60.3908
696875.0,60.6713
697500.0,59.8985
698125.0,60.1619
698750.0,57.2143
699375.0,55.3059
700000.0,55.4822
700625.0,53.2572
701250.0,58.6872
701875.0,57.7580
702500.0,56.7240
703125.0,49.4287
703750.0,210.9677
704375.0,237.6095
705000.0,217.5230
705625.0,229.0567
706250.0,209.3548
706875.0,241.1854
707500.0,223.3797
708125.0,228.2630
708750.0,52.4656
709375.0,50.5636
710000.0,46.2796
710625.0,45.6059
711250.0,46.2350
711875.0,48.1983
712500.0,46.7527
713125.0,46.0712
713750.0,50.4479
714375.0,46.7316
715000.0,52.4040
715625.0,47.2132
716250.0,51.1955
716875.0,47.8397
717500.0,49.2630
718125.0,45.2972
718750.0,44.9937
719375.0,48.0803
720000.0,49.3231
720625.0,47.0946
721250.0,43.9770
721875.0,43.8034
722500.0,34.3598
723125.0,33.7299
723750.0,37.2025
724375.0,39.0813
725000.0,36.9752
725625.0,32.8182
726250.0,36.6471
726875.0,36.6988
727500.0,40.8776
728125.0,34.3043
728750.0,36.2772
729375.0,40.1558
730000.0,37.8325
730625.0,38.0421
731250.0,37.2120
731875.0,37.6104
732500.0,60.2551
733125.0,55.6525
733750.0,60.5464
734375.0,54.0183
735000.0,58.9523
735625.0,58.5183
736250.0,56.2128
736875.0,57.9342
737500.0,56.1946
738125.0,54.8921
738750.0,56.9745
739375.0,54.7984
740000.0,58.9361
740625.0,54.6648
741250.0,60.0647
741875.0,54.5737
742500.0,56.3577
743125.0,56.1887
743750.0,61.8429
744375.0,58.9578
745000.0,57.3860
745625.0,59.4463
746250.0,201.2941
746875.0,224.5147
747500.0,247.4720
748125.0,226.4889
748750.0,225.7640
749375.0,231.1664
750000.0,235.0756
750625.0,202.5285
751250.0,43.0465
751875.0,47.4942
752500.0,45.3200
753125.0,50.0833
753750.0,46.2593
754375.0,42.4539
755000.0,44.0202
755625.0,40.5383
756250.0,46.4498
756875.0,46.5573
757500.0,46.0025
758125.0,49.5354
758750.0,49.8165
759375.0,46.5996
760000.0,41.9835
760625.0,48.4506
761250.0,48.3051
761875.0,47.7271
762500.0,49.3065
763125.0,44.2627
763750.0,51.7206
764375.0,44.7453
765000.0,38.3861
765625.0,33.8784
766250.0,35.2790
766875.0,39.8053
767500.0,36.5173
768125.0,38.5539
768750.0,37.4384
769375.0,36.8058
770000.0,39.5231
770625.0,36.5622
771250.0,33.7056
771875.0,35.5140
772500.0,38.0197
773125.0,37.7317
773750.0,34.1009
774375.0,35.6600
775000.0,35.9238
775625.0,36.3239
776250.0,34.4546
776875.0,35.8375
777500.0,35.6521
778125.0,38.4273
778750.0,38.4969
779375.0,36.7303
780000.0,36.2747
780625.0,37.2589
781250.0,35.4893
781875.0,34.8784
782500.0,55.2734
783125.0,56.1590
783750.0,54.6259
784375.0,58.4700
785000.0,60.1162
785625.0,53.3974
786250.0,58.0729
786875.0,57.3622
787500.0,58.9904
788125.0,57.9625
788750.0,53.7846
789375.0,54.3391
790000.0,58.0853
790625.0,60.9835
791250.0,51.5789
791875.0,59.0026
792500.0,61.4499
793125.0,57.5562
793750.0,59.5956
794375.0,55.9611
795000.0,57.6538
795625.0,53.2994
796250.0,204.8056
796875.0,242.9361
797500.0,220.5741
798125.0,226.7159
798750.0,215.9173
799375.0,215.6444
800000.0,229.9835
800625.0,223.5369
801250.0,47.8882
801875.0,48.0635
802500.0,47.7540
803125.0,47.5607
803750.0,50.7078
804375.0,44.4912
805000.0,46.8709
805625.0,49.6618
806250.0,49.9717
806875.0,43.6589
807500.0,46.2660
808125.0,50.1916
808750.0,48.1940
809375.0,47.4589
810000.0,46.4884
810625.0,46.0981
811250.0,47.6773
811875.0,46.4069
812500.0,46.8999
813125.0,47.1847
813750.0,45.4065
814375.0,48.2505
815000.0,42.3914
815625.0,33.7126
816250.0,37.5994
816875.0,35.5936
817500.0,38.0682
818125.0,37.0861
818750.0,38.4094
819375.0,39.1747
820000.0,37.3560
820625.0,39.0943
821250.0,32.6630
821875.0,39.9423
822500.0,37.6939
823125.0,38.9940
823750.0,34.7432
824375.0,35.4631
825000.0,37.2700
825625.0,36.9685
826250.0,37.5237
826875.0,39.0064
827500.0,33.7343
828125.0,38.8016
828750.0,37.0153
829375.0,36.6230
830000.0,34.2784
830625.0,37.9306
831250.0,32.5339
831875.0,38.1995
832500.0,34.2396
833125.0,37.0989
833750.0,36.7795
834375.0,39.1636
835000.0,57.4819
835625.0,55.9870
836250.0,56.5309
836875.0,61.6914
837500.0,59.5553
838125.0,56.8817
838750.0,57.3143
839375.0,53.4552
840000.0,59.1266
840625.0,52.8965
841250.0,60.1802
841875.0,58.3730
842500.0,64.9222
843125.0,54.8096
843750.0,57.7023
844375.0,63.2150
845000.0,61.4550
845625.0,55.9810
846250.0,58.6495
846875.0,58.0058
847500.0,58.8177
848125.0,55.9738
848750.0,223.9951
849375.0,207.0219
850000.0,226.5201
850625.0,230.0627
851250.0,222.4415
851875.0,206.8307
852500.0,236.1210
853125.0,229.1009
853750.0,45.2939
854375.0,46.3406
855000.0,43.4734
855625.0,44.5903
856250.0,45.7361
856875.0,49.8868
857500.0,45.4972
858125.0,48.5045
858750.0,45.7350
859375.0,47.5827
860000.0,46.6677
860625.0,49.0517
861250.0,45.7432
861875.0,43.3046
862500.0,43.7524
863125.0,45.7501
863750.0,44.0647
864375.0,47.9640
865000.0,45.9054
865625.0,52.5803
866250.0,42.9164
866875.0,47.4785
867500.0,34.9133
868125.0,36.0872
868750.0,37.2616
869375.0,32.6981
870000.0,37.4381
870625.0,40.5204
871250.0,36.1611
871875.0,37.4806
872500.0,38.8961
873125.0,36.6967
873750.0,35.9252
874375.0,32.7899
875000.0,38.1858
875625.0,36.7906
876250.0,35.1265
876875.0,37.2342
877500.0,35.9202
878125.0,36.0224
878750.0,38.1216
879375.0,34.5240
880000.0,38.9375
880625.0,53.9467
881250.0,56.0782
881875.0,63.5765
882500.0,61.2693
883125.0,58.2831
883750.0,55.2725
884375.0,56.4651
885000.0,58.2125
885625.0,58.1088
886250.0,57.7365
886875.0,57.9106
887500.0,57.3783
888125.0,53.8183
888750.0,56.5021
889375.0,60.6524
890000.0,54.0318
890625.0,57.4503
891250.0,55.6227
891875.0,58.3229
892500.0,56.8730
893125.0,62.2844
893750.0,59.4691
894375.0,216.7831
895000.0,239.7862
895625.0,223.0140
896250.0,225.3068
896875.0,235.6403
897500.0,226.2957
898125.0,242.3571
898750.0,223.0157
899375.0,45.5455
900000.0,45.4575
900625.0,45.6707
901250.0,49.5831
901875.0,48.4777
902500.0,51.0184
903125.0,52.3290
903750.0,44.5778
904375.0,47.1655
905000.0,44.2359
905625.0,45.1726
906250.0,45.5193
906875.0,44.5157
907500.0,44.5281
908125.0,46.6609
908750.0,44.1407
909375.0,48.9790
910000.0,44.8433
910625.0,53.6025
911250.0,45.9392
911875.0,47.1692
912500.0,43.9559
913125.0,40.1563
913750.0,39.0711
914375.0,37.5493
915000.0,34.5084
915625.0,37.3897
916250.0,54.7478
916875.0,62.2408
917500.0,60.3467
918125.0,58.2768
918750.0,50.9345
919375.0,55.1481
920000.0,59.9945
920625.0,61.5174
921250.0,61.2166
921875.0,53.3832
922500.0,58.8745
923125.0,60.9450
923750.0,53.1908
924375.0,57.9771
925000.0,58.7941
925625.0,57.1278
926250.0,52.6287
926875.0,57.0555
927500.0,57.0508
928125.0,57.5706
928750.0,56.3659
929375.0,56.7153
930000.0,224.5533
930625.0,229.9776
931250.0,221.5752
931875.0,220.3914
932500.0,226.0390
933125.0,203.3897
933750.0,230.3666
934375.0,224.9937
935000.0,47.0933
935625.0,49.2577
936250.0,42.4109
936875.0,42.3615
937500.0,47.6434
938125.0,46.9833
938750.0,47.3999
939375.0,45.9140
940000.0,48.5612
940625.0,49.1917
941250.0,48.1374
941875.0,46.3871
942500.0,42.0469
943125.0,48.8077
943750.0,49.8711
944375.0,48.5147
945000.0,44.9328
945625.0,48.5834
946250.0,49.0222
946875.0,50.6632
947500.0,44.9411
948125.0,46.4678
948750.0,38.3825
949375.0,37.1062
950000.0,34.9329
950625.0,37.7670
951250.0,38.0705
951875.0,37.1627
952500.0,37.4062
953125.0,36.5214
953750.0,39.7348
954375.0,35.3337
955000.0,35.9135
955625.0,37.0203
956250.0,38.6261
956875.0,34.2299
957500.0,34.5760
958125.0,33.2302
958750.0,37.0605
959375.0,34.9311
960000.0,36.2886
960625.0,38.2235
961250.0,35.8131
961875.0,37.4279
962500.0,36.4462
963125.0,38.2434
963750.0,37.8790
964375.0,35.7199
965000.0,36.6880
965625.0,38.9309
966250.0,37.7277
966875.0,34.4156
967500.0,38.2129
968125.0,34.9935
968750.0,39.6131
969375.0,38.8946
970000.0,37.5363
970625.0,37.2909
971250.0,36.6133
971875.0,59.9677
972500.0,56.9247
973125.0,58.6832
973750.0,60.5286
974375.0,56.3708
975000.0,56.2130
975625.0,54.5363
976250.0,54.9130
976875.0,52.6977
977500.0,60.1165
978125.0,63.2459
978750.0,62.1335
979375.0,53.2844
980000.0,60.1021
980625.0,62.1241
981250.0,56.6753
981875.0,58.2942
982500.0,52.1771
983125.0,58.7735
983750.0,54.9157
984375.0,58.5789
985000.0,53.4725
985625.0,231.1072
986250.0,236.5258
986875.0,216.1892
987500.0,212.2096
988125.0,200.7447
988750.0,222.0028
989375.0,218.4571
990000.0,207.5510
990625.0,48.0646
991250.0,45.9426
991875.0,44.4720
992500.0,45.6968
993125.0,49.5176
993750.0,48.4169
994375.0,46.6944
995000.0,48.4549
995625.0,44.2719
996250.0,47.0761
996875.0,47.3462
997500.0,45.8959
998125.0,48.0233
998750.0,45.1660
999375.0,48.1981
1000000.0,48.2969
1000625.0,40.1447
1001250.0,49.7972
1001875.0,39.8381
1002500.0,45.5523
1003125.0,49.4096
1003750.0,46.2544
1004375.0,34.2876
1005000.0,34.9766
1005625.0,38.8998
1006250.0,33.4452
1006875.0,39.0886
1007500.0,36.8981
1008125.0,34.7941
1008750.0,35.9212
1009375.0,35.1181
1010000.0,38.6025
1010625.0,38.3550
1011250.0,33.8196
1011875.0,36.2534
1012500.0,35.4031
1013125.0,39.3930
1013750.0,34.5023
1014375.0,39.9678
1015000.0,36.9384
1015625.0,34.8504
1016250.0,35.7470
1016875.0,35.5170
1017500.0,34.6420
1018125.0,37.1754
1018750.0,34.7284
1019375.0,32.9663
1020000.0,36.2976
1020625.0,33.6647
1021250.0,35.6085
1021875.0,35.3182
1022500.0,35.3883
1023125.0,63.8028
1023750.0,58.1636
1024375.0,58.7116
1025000.0,52.8484
1025625.0,56.1035
1026250.0,58.6244
1026875.0,55.0289
1027500.0,60.6334
1028125.0,54.5122
1028750.0,57.1695
1029375.0,56.3005
1030000.0,58.4765
1030625.0,56.1426
1031250.0,57.2144
1031875.0,57.3152
1032500.0,55.8703
1033125.0,59.4068
1033750.0,58.6913
1034375.0,57.7430
1035000.0,56.7517
1035625.0,60.3100
1036250.0,57.3161
1036875.0,221.5497
1037500.0,226.1778
1038125.0,244.0866
1038750.0,209.9210
1039375.0,233.6609
1040000.0,203.7018
1040625.0,227.4443
1041250.0,242.7197
1041875.0,48.1484
1042500.0,47.4010
1043125.0,45.6829
1043750.0,47.0730
1044375.0,46.4077
1045000.0,45.1530
1045625.0,46.3188
1046250.0,47.4662
1046875.0,45.1970
1047500.0,45.1052
1048125.0,43.8034
1048750.0,47.9182
1049375.0,48.2815
1050000.0,47.5444
1050625.0,49.2682
1051250.0,47.2065
1051875.0,47.9212
1052500.0,47.7140
1053125.0,46.7849
1053750.0,45.7526
1054375.0,52.2033
1055000.0,45.9379
1055625.0,35.7681
1056250.0,37.8029
1056875.0,37.4659
1057500.0,34.4011
1058125.0,39.0770
1058750.0,36.8257
1059375.0,34.9448
1060000.0,39.1993
1060625.0,38.1575
1061250.0,34.6606
1061875.0,40.2878
1062500.0,38.2188
1063125.0,36.9811
1063750.0,39.9419
1064375.0,37.2947
1065000.0,36.9480
1065625.0,35.7784
1066250.0,38.0764
1066875.0,37.8817
1067500.0,37.0272
1068125.0,35.5385
1068750.0,37.2404
1069375.0,36.8709
1070000.0,34.5331
1070625.0,34.2771
1071250.0,38.0455
1071875.0,32.1865
1072500.0,37.3800
1073125.0,36.1155
1073750.0,39.4203
1074375.0,36.0871
1075000.0,38.2200
1075625.0,36.2657
1076250.0,37.2104
1076875.0,38.3631
1077500.0,36.1443
1078125.0,60.8900
1078750.0,55.1183
1079375.0,58.8543
1080000.0,60.6757
1080625.0,59.9141
1081250.0,63.5577
1081875.0,55.7860
1082500.0,54.0005
1083125.0,55.1164
1083750.0,59.9153
1084375.0,59.4440
1085000.0,58.2965
1085625.0,54.7434
1086250.0,60.2239
1086875.0,54.4484
1087500.0,61.3610
1088125.0,66.2866
1088750.0,59.0627
1089375.0,59.6910
1090000.0,56.5707
1090625.0,52.7504
1091250.0,56.2521
1091875.0,212.7049
1092500.0,208.7212
1093125.0,244.3765
1093750.0,228.0697
1094375.0,229.2715
1095000.0,221.5235
1095625.0,223.0552
1096250.0,235.8512
1096875.0,46.9240
1097500.0,48.2471
1098125.0,46.5394
1098750.0,46.1959
1099375.0,43.6938
1100000.0,42.3523
1100625.0,46.3853
1101250.0,47.1328
1101875.0,43.9776
1102500.0,46.9190
1103125.0,47.1263
1103750.0,41.9334
1104375.0,44.8495
1105000.0,47.9571
1105625.0,47.9096
1106250.0,44.2889
1106875.0,47.3724
1107500.0,49.4027
1108125.0,48.8261
1108750.0,46.7761
1109375.0,45.9003
1110000.0,45.5210
1110625.0,37.8655
1111250.0,37.3609
1111875.0,38.1644
1112500.0,37.2440
1113125.0,38.5147
1113750.0,37.1750
1114375.0,38.4517
1115000.0,38.6110
1115625.0,35.5116
1116250.0,33.6549
1116875.0,39.8555
1117500.0,37.4748
1118125.0,33.8282
1118750.0,35.6794
1119375.0,38.4280
1120000.0,36.4826
1120625.0,36.0527
1121250.0,62.0626
1121875.0,54.9629
1122500.0,55.6854
1123125.0,58.6130
1123750.0,59.1323
1124375.0,59.4394
1125000.0,60.6426
1125625.0,58.5759
1126250.0,59.4192
1126875.0,57.2483
1127500.0,58.1818
1128125.0,58.3118
1128750.0,58.6238
1129375.0,60.2404
1130000.0,59.6099
1130625.0,58.1282
1131250.0,55.6535
1131875.0,58.1962
1132500.0,57.9187
1133125.0,58.5602
1133750.0,64.3989
1134375.0,56.4811
1135000.0,236.8986
1135625.0,244.3942
1136250.0,233.1368
1136875.0,259.1190
1137500.0,227.6147
1138125.0,235.7594
1138750.0,222.7339
1139375.0,227.9223
1140000.0,47.5850
1140625.0,48.9888
1141250.0,47.7499
1141875.0,49.9589
1142500.0,46.7768
1143125.0,46.2194
1143750.0,53.3544
1144375.0,47.9265
1145000.0,45.3092
1145625.0,45.3685
1146250.0,44.7847
1146875.0,49.2009
1147500.0,46.1437
1148125.0,47.2993
1148750.0,46.8508
1149375.0,48.7190
1150000.0,45.0102
1150625.0,44.4724
1151250.0,47.5271
1151875.0,48.4123
1152500.0,47.7815
1153125.0,45.0978
1153750.0,38.2533
1154375.0,35.6239
1155000.0,36.0352
1155625.0,35.2537
1156250.0,39.4071
1156875.0,38.1718
1157500.0,38.1192
1158125.0,39.3073
1158750.0,42.2034
1159375.0,33.8379
1160000.0,35.6340
1160625.0,35.8601
1161250.0,35.4260
1161875.0,35.0065
1162500.0,36.4456
1163125.0,34.7493
1163750.0,37.6198
1164375.0,37.0956
1165000.0,37.8899
1165625.0,37.9393
1166250.0,59.7487
1166875.0,56.9171
1167500.0,64.1513
1168125.0,58.6799
1168750.0,52.5988
1169375.0,55.0931
1170000.0,52.9525
1170625.0,58.0503
1171250.0,57.6468
1171875.0,56.6416
1172500.0,63.8317
1173125.0,59.5921
1173750.0,60.1057
1174375.0,55.2999
1175000.0,55.1025
1175625.0,58.1067
1176250.0,58.5017
1176875.0,52.6167
1177500.0,57.4771
1178125.0,58.0408
1178750.0,57.3761
1179375.0,55.6412
1180000.0,218.9302
1180625.0,223.0103
1181250.0,226.0215
1181875.0,231.8039
1182500.0,237.1596
1183125.0,221.6886
1183750.0,219.8682
1184375.0,229.9236
1185000.0,48.4355
1185625.0,45.9796
1186250.0,48.8574
1186875.0,49.3020
1187500.0,50.0355
1188125.0,51.1791
1188750.0,44.9639
1189375.0,47.0327
1190000.0,47.0265
1190625.0,46.7695
1191250.0,45.4742
1191875.0,43.5089
1192500.0,47.2178
1193125.0,45.1944
1193750.0,47.2021
1194375.0,45.1340
1195000.0,44.4158
1195625.0,47.5506
1196250.0,47.3547
1196875.0,48.3613
1197500.0,52.1368
1198125.0,47.6516
1198750.0,37.8974
1199375.0,35.0065
1200000.0,34.6192
1200625.0,39.9282
1201250.0,35.2916
1201875.0,35.0687
1202500.0,36.9277
1203125.0,36.8331
1203750.0,55.3827
1204375.0,57.1156
1205000.0,61.5652
1205625.0,55.6626
1206250.0,53.9583
1206875.0,60.7335
1207500.0,59.4277
1208125.0,56.2005
1208750.0,53.4117
1209375.0,55.8406
1210000.0,57.8414
1210625.0,61.3804
1211250.0,54.9939
1211875.0,57.7549
1212500.0,59.9579
1213125.0,51.0943
1213750.0,60.9980
1214375.0,54.5709
1215000.0,58.9628
1215625.0,58.7154
1216250.0,61.1453
1216875.0,59.5977
1217500.0,204.4234
1218125.0,222.8966
1218750.0,233.6032
1219375.0,229.7382
1220000.0,237.5403
1220625.0,241.1567
1221250.0,239.0580
1221875.0,229.5144
1222500.0,42.6611
1223125.0,45.9296
1223750.0,47.9785
1224375.0,44.4374
1225000.0,48.4835
1225625.0,49.1347
1226250.0,47.2981
1226875.0,39.8001
1227500.0,43.9965
1228125.0,51.4325
1228750.0,45.7156
1229375.0,42.3373
1230000.0,49.9028
1230625.0,47.0314
1231250.0,49.5966
1231875.0,47.6509
1232500.0,48.0776
1233125.0,47.8531
1233750.0,48.6391
1234375.0,52.3520
1235000.0,49.2819
1235625.0,43.2862
1236250.0,37.8263
1236875.0,39.1117
1237500.0,39.2250
1238125.0,36.2108
1238750.0,39.1551
1239375.0,38.7163
1240000.0,41.7592
1240625.0,35.6125
1241250.0,36.0613
1241875.0,36.4337
1242500.0,36.0931
1243125.0,35.3535
1243750.0,31.8891
1244375.0,36.1958
1245000.0,37.6833
1245625.0,36.0875
1246250.0,40.5805
1246875.0,37.0247
1247500.0,39.3884
1248125.0,37.4836
1248750.0,38.5289
1249375.0,37.5166
1250000.0,39.5323
1250625.0,37.1035
1251250.0,59.4388
1251875.0,59.0624
1252500.0,57.1640
1253125.0,59.1744
1253750.0,64.4797
1254375.0,57.2158
1255000.0,59.2164
1255625.0,61.6476
1256250.0,61.3067
1256875.0,58.0340
1257500.0,51.0882
1258125.0,59.4984
1258750.0,51.5635
1259375.0,62.2628
1260000.0,58.4915
1260625.0,60.8991
1261250.0,55.3839
1261875.0,53.4977
1262500.0,58.7562
1263125.0,57.9026
1263750.0,56.5745
1264375.0,58.2455
1265000.0,256.1337
1265625.0,234.3884
1266250.0,236.8069
1266875.0,234.4943
1267500.0,241.6439
1268125.0,222.8617
1268750.0,201.8839
1269375.0,222.8784
1270000.0,48.9076
1270625.0,44.7210
1271250.0,46.5855
1271875.0,45.3743
1272500.0,50.5298
1273125.0,48.7612
1273750.0,48.5311
1274375.0,48.4608
1275000.0,46.9125
1275625.0,47.4643
1276250.0,44.2148
1276875.0,41.8619
1277500.0,47.3527
1278125.0,47.7614
1278750.0,49.8418
1279375.0,50.6926
1280000.0,50.6895
1280625.0,44.6546
1281250.0,46.1722
1281875.0,48.1288
1282500.0,52.9500
1283125.0,50.4782
1283750.0,39.0709
1284375.0,36.2826
1285000.0,35.3661
1285625.0,38.4595
1286250.0,34.9638
1286875.0,36.5589
1287500.0,36.7877
1288125.0,39.9469
1288750.0,36.3438
1289375.0,32.4874
1290000.0,37.9332
1290625.0,35.7068
1291250.0,37.0789
1291875.0,36.8396
1292500.0,36.4936
1293125.0,38.4621
1293750.0,34.1642
1294375.0,36.0435
1295000.0,38.2655
1295625.0,35.8639
1296250.0,34.0237
1296875.0,38.2368
1297500.0,39.0777
1298125.0,36.9168
1298750.0,33.3724
1299375.0,38.3060
1300000.0,33.9292
1300625.0,37.5713
1301250.0,55.4264
1301875.0,54.6365
1302500.0,56.7185
1303125.0,57.4684
1303750.0,56.1318
1304375.0,59.7072
1305000.0,56.7064
1305625.0,60.8426
1306250.0,58.8154
1306875.0,55.9771
1307500.0,55.4888
1308125.0,53.2223
1308750.0,58.8431
1309375.0,56.9717
1310000.0,51.1206
1310625.0,56.4464
1311250.0,55.3870
1311875.0,62.5695
1312500.0,53.0619
1313125.0,53.8201
1313750.0,61.2189
1314375.0,61.9346
1315000.0,216.6189
1315625.0,217.8890
1316250.0,231.9326
1316875.0,198.8201
1317500.0,204.0616
1318125.0,221.8417
1318750.0,242.4363
1319375.0,220.0980
1320000.0,47.2372
1320625.0,49.6644
1321250.0,51.9512
1321875.0,45.6444
1322500.0,46.9604
1323125.0,51.2818
1323750.0,43.4228
1324375.0,49.4148
1325000.0,44.6070
1325625.0,47.2408
1326250.0,46.4298
1326875.0,44.7487
1327500.0,44.6897
1328125.0,47.6496
1328750.0,49.3395
1329375.0,46.6951
1330000.0,47.1648
1330625.0,48.3423
1331250.0,44.7167
1331875.0,48.7383
1332500.0,48.9255
1333125.0,53.1185
1333750.0,36.3042
1334375.0,36.1525
1335000.0,38.4226
1335625.0,38.5153
1336250.0,36.0101
1336875.0,36.2541
1337500.0,38.0011
1338125.0,35.4690
1338750.0,36.2405
1339375.0,37.1657
1340000.0,38.8425
1340625.0,35.8815
1341250.0,33.5916
1341875.0,33.4543
1342500.0,34.6701
1343125.0,34.5706
1343750.0,36.7140
1344375.0,34.8006
1345000.0,35.6999
1345625.0,35.5679
1346250.0,36.1851
1346875.0,39.4466
1347500.0,38.2246
1348125.0,37.0298
1348750.0,36.1471
1349375.0,36.1985
1350000.0,58.9505
1350625.0,59.6941
1351250.0,55.3679
1351875.0,58.1058
1352500.0,52.1083
1353125.0,58.6140
1353750.0,60.2102
1354375.0,57.1878
1355000.0,63.2679
1355625.0,55.4444
1356250.0,58.6306
1356875.0,57.8961
1357500.0,57.7091
1358125.0,57.6685
1358750.0,58.3106
1359375.0,60.4591
1360000.0,61.9954
1360625.0,57.9935
1361250.0,60.3644
1361875.0,55.9649
1362500.0,60.2213
1363125.0,55.7902
1363750.0,237.2699
1364375.0,249.8697
1365000.0,223.6266
1365625.0,200.3339
1366250.0,218.8342
1366875.0,238.8586
1367500.0,231.2221
1368125.0,227.8003
1368750.0,49.3704
1369375.0,48.1385
1370000.0,49.8617
1370625.0,49.1606
1371250.0,50.5760
1371875.0,47.8432
1372500.0,49.1274
1373125.0,46.2783
1373750.0,45.5866
1374375.0,51.0109
1375000.0,47.5081
1375625.0,48.8915
1376250.0,47.2908
1376875.0,45.6217
1377500.0,47.0258
1378125.0,50.3746
1378750.0,48.3048
1379375.0,42.9780
1380000.0,46.4942
1380625.0,51.1884
1381250.0,46.4976
1381875.0,42.7689
1382500.0,40.5021
1383125.0,38.2624
1383750.0,36.8705
1384375.0,36.3129
1385000.0,39.0024
1385625.0,35.9973
1386250.0,39.1243
1386875.0,38.0031
1387500.0,37.4527
1388125.0,37.2692
1388750.0,36.6763
1389375.0,38.9344
1390000.0,35.3991
1390625.0,33.9994
1391250.0,38.1367
1391875.0,38.1678
1392500.0,37.8884
1393125.0,37.7543
1393750.0,36.4070
1394375.0,38.4568
1395000.0,36.9157
1395625.0,36.0988
1396250.0,36.4230
1396875.0,40.7382
1397500.0,33.7903
1398125.0,37.9246
1398750.0,33.8936
1399375.0,36.7998
1400000.0,36.1978
1400625.0,51.9534
1401250.0,59.1282
1401875.0,56.8979
1402500.0,51.9123
1403125.0,60.4347
1403750.0,62.1615
1404375.0,62.3214
1405000.0,59.0410
1405625.0,58.1336
1406250.0,61.8517
1406875.0,62.8789
1407500.0,61.2873
1408125.0,55.2695
1408750.0,58.5839
1409375.0,59.2746
1410000.0,52.7521
1410625.0,59.3611
1411250.0,64.5917
1411875.0,59.8558
1412500.0,62.2729
1413125.0,58.5305
1413750.0,57.7877
1414375.0,229.2893
1415000.0,215.8220
1415625.0,214.1575
1416250.0,239.2459
1416875.0,240.4389
1417500.0,213.8501
1418125.0,235.8900
1418750.0,224.0217
1419375.0,47.7986
1420000.0,48.0815
1420625.0,49.3367
1421250.0,47.1944
1421875.0,50.3139
1422500.0,47.7271
1423125.0,48.4668
1423750.0,45.0418
1424375.0,52.0728
1425000.0,48.1041
1425625.0,48.6755
1426250.0,43.2208
1426875.0,45.0667
1427500.0,49.9090
1428125.0,47.6742
1428750.0,42.5026
1429375.0,49.4400
1430000.0,45.7221
1430625.0,50.3166
1431250.0,46.7936
1431875.0,47.4811
1432500.0,49.7705
1433125.0,35.3396
1433750.0,35.1632
1434375.0,36.6365
1435000.0,38.5303
1435625.0,34.5379
1436250.0,33.9141
1436875.0,38.5239
1437500.0,35.8845
1438125.0,36.2744
1438750.0,33.5649
1439375.0,35.7439
1440000.0,36.9860
1440625.0,38.7212
1441250.0,35.5732
1441875.0,40.0661
1442500.0,35.7336
1443125.0,35.7363
1443750.0,39.8441
1444375.0,37.3912
1445000.0,56.3991
1445625.0,57.5501
1446250.0,61.9239
1446875.0,62.2520
1447500.0,55.6313
1448125.0,57.8769
1448750.0,58.2615
1449375.0,55.1399
1450000.0,57.8385
1450625.0,58.0154
1451250.0,61.3066
1451875.0,61.5015
1452500.0,57.0453
1453125.0,57.3795
1453750.0,59.9264
1454375.0,56.3030
1455000.0,59.7071
1455625.0,57.7451
1456250.0,55.1887
1456875.0,55.2252
1457500.0,62.1965
1458125.0,57.5464
1458750.0,243.4540
1459375.0,219.2216
1460000.0,228.2761
1460625.0,251.9176
1461250.0,213.1044
1461875.0,203.6496
1462500.0,239.4741
1463125.0,215.6984
1463750.0,46.9513
1464375.0,45.6231
1465000.0,47.6302
1465625.0,44.7662
1466250.0,46.5771
1466875.0,48.0571
1467500.0,44.6305
1468125.0,45.3548
1468750.0,46.1837
1469375.0,43.6423
1470000.0,46.0070
1470625.0,47.2792
1471250.0,46.0611
1471875.0,46.3623
1472500.0,46.9532
1473125.0,45.4590
1473750.0,48.6240
1474375.0,50.3745
1475000.0,45.9087
1475625.0,48.1402
1476250.0,46.4369
1476875.0,47.8589
1477500.0,39.8967
1478125.0,37.9410
1478750.0,33.7192
1479375.0,37.8399
1480000.0,39.2808
1480625.0,36.5900
1481250.0,38.8419
1481875.0,35.7233
1482500.0,34.2518
1483125.0,37.2612
1483750.0,33.7505
1484375.0,36.5564
1485000.0,39.3807
1485625.0,33.4669
1486250.0,34.6329
1486875.0,35.0907
1487500.0,36.8829
1488125.0,36.3234
1488750.0,39.5884
1489375.0,38.7655
1490000.0,37.9163
1490625.0,37.2694
1491250.0,37.7275
1491875.0,35.4053
1492500.0,38.5858
1493125.0,34.9427
1493750.0,38.5454
1494375.0,39.1944
1495000.0,37.3901
1495625.0,36.6740
1496250.0,37.7406
1496875.0,31.7062
1497500.0,58.8765
1498125.0,57.6713
1498750.0,57.8532
1499375.0,60.0489
1500000.0,57.7832
1500625.0,54.6934
1501250.0,57.5899
1501875.0,58.1959
1502500.0,58.3333
1503125.0,58.4696
1503750.0,61.0142
1504375.0,54.8505
1505000.0,58.5095
1505625.0,61.7408
1506250.0,52.9696
1506875.0,58.5210
1507500.0,56.3024
1508125.0,56.9249
1508750.0,55.3761
1509375.0,57.5083
1510000.0,63.3396
1510625.0,54.3332
1511250.0,218.4325
1511875.0,216.8976
1512500.0,252.0381
1513125.0,226.6369
1513750.0,231.7026
1514375.0,227.3277
1515000.0,221.0447
1515625.0,229.2723
1516250.0,52.7769
1516875.0,50.2714
1517500.0,44.9956
1518125.0,48.5218
1518750.0,45.0459
1519375.0,42.8255
1520000.0,49.3959
1520625.0,49.7262
1521250.0,49.4582
1521875.0,45.8958
1522500.0,46.6081
1523125.0,48.7619
1523750.0,47.9200
1524375.0,46.0750
1525000.0,43.1952
1525625.0,47.2676
1526250.0,49.5357
1526875.0,44.1857
1527500.0,48.5011
1528125.0,47.7791
1528750.0,48.7628
1529375.0,49.0491
1530000.0,35.7152
1530625.0,34.0086
1531250.0,36.0130
1531875.0,38.6449
1532500.0,35.9973
1533125.0,35.7160
1533750.0,33.6305
1534375.0,40.2424
1535000.0,38.5276
1535625.0,38.4243
1536250.0,38.7903
1536875.0,38.0669
1537500.0,57.2914
1538125.0,57.5251
1538750.0,56.7601
1539375.0,65.6407
1540000.0,59.6121
1540625.0,56.6550
1541250.0,59.3499
1541875.0,55.0685
1542500.0,62.3631
1543125.0,56.0829
1543750.0,59.4531
1544375.0,61.0913
1545000.0,59.1158
1545625.0,58.2740
1546250.0,58.0313
1546875.0,57.8363
1547500.0,56.3276
1548125.0,56.6965
1548750.0,62.2908
1549375.0,57.6852
1550000.0,55.7212
1550625.0,56.5027
1551250.0,244.7643
1551875.0,239.8370
1552500.0,238.4998
1553125.0,229.0128
1553750.0,238.6510
1554375.0,224.5347
1555000.0,228.9885
1555625.0,243.2497
1556250.0,49.0546
1556875.0,44.6925
1557500.0,44.9895
1558125.0,47.2555
1558750.0,51.0564
1559375.0,42.4984
1560000.0,47.6541
1560625.0,43.7663
1561250.0,45.5093
1561875.0,46.1436
1562500.0,46.0118
1563125.0,45.7456
1563750.0,47.0169
1564375.0,45.7421
1565000.0,43.5632
1565625.0,48.8327
1566250.0,48.7692
1566875.0,48.9815
1567500.0,43.3793
1568125.0,47.7025
1568750.0,48.5886
1569375.0,44.5767
1570000.0,37.0170
1570625.0,36.7849
1571250.0,40.4080
1571875.0,40.5603
1572500.0,33.9209
1573125.0,41.6138
1573750.0,35.3068
1574375.0,38.8142
1575000.0,38.7954
1575625.0,35.1580
1576250.0,37.9125
1576875.0,36.8011
1577500.0,38.0255
1578125.0,37.4267
1578750.0,39.2132
1579375.0,37.1395
1580000.0,36.6894
1580625.0,39.0277
1581250.0,38.0737
1581875.0,38.3539
1582500.0,35.7705
1583125.0,35.0663
1583750.0,35.9497
1584375.0,35.8515
1585000.0,38.4545
1585625.0,38.8056
1586250.0,36.7130
1586875.0,39.6472
1587500.0,61.9686
1588125.0,58.7059
1588750.0,55.6165
1589375.0,62.5686
1590000.0,57.8230
1590625.0,58.3659
1591250.0,57.0151
1591875.0,55.4196
1592500.0,53.7409
1593125.0,59.8353
1593750.0,55.7281
1594375.0,66.8726
1595000.0,54.8504
1595625.0,54.3536
1596250.0,59.4794
1596875.0,62.4350
1597500.0,58.1873
1598125.0,59.6595
1598750.0,52.6537
1599375.0,56.0352
1600000.0,54.8865
1600625.0,52.5044
1601250.0,233.3570
1601875.0,205.9832
1602500.0,216.6625
1603125.0,225.7686
1603750.0,222.3571
1604375.0,236.5983
1605000.0,235.5447
1605625.0,242.3681
1606250.0,48.7681
1606875.0,49.6809
1607500.0,46.9955
1608125.0,47.7131
1608750.0,48.2021
1609375.0,47.3329
1610000.0,46.0666
1610625.0,46.2188
1611250.0,45.0787
1611875.0,47.9908
1612500.0,46.7791
1613125.0,45.4415
1613750.0,45.4437
1614375.0,44.1556
1615000.0,49.3003
1615625.0,47.1848
1616250.0,44.9724
1616875.0,48.9001
1617500.0,45.6829
1618125.0,43.6947
1618750.0,49.3999
1619375.0,45.7378
1620000.0,36.2435
1620625.0,37.0762
1621250.0,39.1138
1621875.0,37.0371
1622500.0,34.7816
1623125.0,38.0062
1623750.0,36.1028
1624375.0,40.4927
1625000.0,36.9979
1625625.0,32.8652
1626250.0,37.6611
1626875.0,40.5975
1627500.0,39.9155
1628125.0,40.3873
1628750.0,35.1134
1629375.0,38.6875
1630000.0,35.6643
1630625.0,37.4149
1631250.0,34.6450
1631875.0,35.8078
1632500.0,35.7489
1633125.0,38.6623
1633750.0,38.4813
1634375.0,37.5121
1635000.0,34.5017
1635625.0,36.4235
1636250.0,35.6197
1636875.0,38.6089
1637500.0,39.1796
1638125.0,38.9543
1638750.0,35.6028
1639375.0,31.9319
1640000.0,52.8758
1640625.0,62.1227
1641250.0,56.8364
1641875.0,55.8229
1642500.0,62.7637
1643125.0,61.6690
1643750.0,58.0709
1644375.0,57.1491
1645000.0,57.6169
1645625.0,58.6588
1646250.0,62.6401
1646875.0,59.2252
1647500.0,60.1055
1648125.0,61.3909
1648750.0,54.6079
1649375.0,60.1891
1650000.0,57.1458
1650625.0,50.7033
1651250.0,51.8283
1651875.0,55.0475
1652500.0,59.5405
1653125.0,58.3300
1653750.0,227.0741
1654375.0,246.9481
1655000.0,210.7227
1655625.0,224.6914
1656250.0,228.4249
1656875.0,216.7169
1657500.0,225.3187
1658125.0,207.0006
1658750.0,50.3133
1659375.0,45.3982
1660000.0,51.7738
1660625.0,46.9237
1661250.0,49.4159
1661875.0,46.8747
1662500.0,46.9278
1663125.0,45.6275
1663750.0,47.2799
1664375.0,47.7473
1665000.0,45.1570
1665625.0,46.7061
1666250.0,45.5663
1666875.0,52.4042
1667500.0,46.7891
1668125.0,50.6313
1668750.0,46.5403
1669375.0,47.6093
1670000.0,43.8948
1670625.0,45.9494
1671250.0,47.4948
1671875.0,50.7271
1672500.0,37.4107
1673125.0,39.5599
1673750.0,38.1853
1674375.0,40.0107
1675000.0,57.8288
1675625.0,64.9316
1676250.0,56.5924
1676875.0,55.7773
1677500.0,54.4908
1678125.0,64.7600
1678750.0,60.3764
1679375.0,57.0310
1680000.0,61.6222
1680625.0,59.9943
1681250.0,63.7018
1681875.0,53.5113
1682500.0,57.2305
1683125.0,56.6587
1683750.0,52.2763
1684375.0,61.0749
1685000.0,57.2158
1685625.0,60.1449
1686250.0,64.8433
1686875.0,56.9756
1687500.0,56.7787
1688125.0,58.3441
1688750.0,236.1065
1689375.0,218.6245
1690000.0,217.9017
1690625.0,236.8934
1691250.0,229.2597
1691875.0,201.9968
1692500.0,211.2143
1693125.0,241.8889
1693750.0,47.9445
1694375.0,45.2088
1695000.0,46.5995
1695625.0,47.0311
1696250.0,48.7290
1696875.0,43.8081
1697500.0,45.0238
1698125.0,47.6414
1698750.0,46.7654
1699375.0,48.3439
1700000.0,44.1107
1700625.0,47.8393
1701250.0,49.5652
1701875.0,48.1440
1702500.0,47.3269
1703125.0,46.7747
1703750.0,45.0381
1704375.0,46.8308
1705000.0,49.9603
1705625.0,46.7203
1706250.0,44.9090
1706875.0,45.8432
1707500.0,37.3716
1708125.0,36.3090
1708750.0,37.8978
1709375.0,37.9673
1710000.0,38.6446
1710625.0,39.6336
1711250.0,38.8423
1711875.0,35.2717
1712500.0,35.3285
1713125.0,36.8598
1713750.0,36.1653
1714375.0,34.8941
1715000.0,36.1829
1715625.0,36.1222
1716250.0,35.7571
1716875.0,36.4158
1717500.0,39.1801
1718125.0,37.3686
1718750.0,41.5728
1719375.0,37.3154
1720000.0,57.1588
1720625.0,58.0120
1721250.0,58.7438
1721875.0,59.2622
1722500.0,64.0225
1723125.0,55.5486
1723750.0,60.4912
1724375.0,58.6025
1725000.0,53.4438
1725625.0,60.2350
1726250.0,61.6761
1726875.0,55.5142
1727500.0,57.9741
1728125.0,52.9965
1728750.0,54.3495
1729375.0,61.0393
1730000.0,56.6474
1730625.0,54.7845
1731250.0,58.6654
1731875.0,56.4850
1732500.0,56.6346
1733125.0,60.1440
1733750.0,211.9305
1734375.0,214.8146
1735000.0,226.7334
1735625.0,235.9059
1736250.0,238.9293
1736875.0,217.5181
1737500.0,235.5455
1738125.0,216.1784
1738750.0,51.2916
1739375.0,44.3356
1740000.0,50.1219
1740625.0,45.4573
1741250.0,51.7311
1741875.0,48.3896
1742500.0,44.6124
1743125.0,45.7727
1743750.0,48.8358
1744375.0,49.4737
1745000.0,46.8338
1745625.0,47.1049
1746250.0,48.7821
1746875.0,47.3097
1747500.0,43.9603
1748125.0,45.0895
1748750.0,47.5525
1749375.0,49.8564
1750000.0,50.7976
1750625.0,48.8319
1751250.0,47.6751
1751875.0,48.7597
1752500.0,35.7665
1753125.0,36.7165
1753750.0,35.4754
1754375.0,34.6898
1755000.0,37.6171
1755625.0,37.3432
1756250.0,38.2722
1756875.0,38.0103
1757500.0,37.4489
1758125.0,38.0297
1758750.0,36.9210
1759375.0,37.7638
1760000.0,35.6566
1760625.0,37.6840
1761250.0,38.2366
1761875.0,35.7611
1762500.0,37.0959
1763125.0,35.8463
1763750.0,36.0260
1764375.0,34.9189
1765000.0,39.3417
1765625.0,38.9715
1766250.0,37.9943
1766875.0,40.6486
1767500.0,36.6499
1768125.0,42.6088
1768750.0,36.5791
1769375.0,37.4721
1770000.0,36.2641
1770625.0,59.0797
1771250.0,60.4233
1771875.0,57.6696
1772500.0,63.1525
1773125.0,58.6935
1773750.0,58.7844
1774375.0,55.3639
1775000.0,59.2136
1775625.0,57.6113
1776250.0,56.2361
1776875.0,55.7482
1777500.0,65.7481
1778125.0,57.2359
1778750.0,53.7747
1779375.0,55.9752
1780000.0,57.8505
1780625.0,59.5853
1781250.0,59.6089
1781875.0,59.9622
1782500.0,56.1299
1783125.0,58.9873
1783750.0,55.4594
1784375.0,218.0290
1785000.0,214.6758
1785625.0,211.6306
1786250.0,236.9724
1786875.0,232.7469
1787500.0,235.9875
1788125.0,225.4423
1788750.0,233.7391
1789375.0,42.8610
1790000.0,49.0283
1790625.0,47.4162
1791250.0,48.4737
1791875.0,47.8931
1792500.0,44.6804
1793125.0,43.4796
1793750.0,45.3267
1794375.0,48.3276
1795000.0,48.6217
1795625.0,43.7853
1796250.0,44.6944
1796875.0,45.3004
1797500.0,46.1603
1798125.0,43.7992
1798750.0,43.6582
1799375.0,45.0687
1800000.0,47.2027
1800625.0,44.2256
1801250.0,46.7279
1801875.0,49.4876
1802500.0,43.9408
1803125.0,36.6181
1803750.0,38.8958
1804375.0,36.2262
1805000.0,35.9387
1805625.0,39.1525
1806250.0,36.4335
1806875.0,39.0433
1807500.0,37.7936
1808125.0,36.3657
1808750.0,37.8874
1809375.0,37.5928
1810000.0,38.8886
1810625.0,35.9856
1811250.0,37.0762
1811875.0,36.8862
1812500.0,38.3027
1813125.0,35.1034
1813750.0,38.8814
1814375.0,37.8627
1815000.0,34.5637
1815625.0,39.2353
1816250.0,41.1331
1816875.0,60.9053
1817500.0,62.1383
1818125.0,58.2476
1818750.0,53.1816
1819375.0,52.6521
1820000.0,58.7397
1820625.0,56.2833
1821250.0,55.3477
1821875.0,57.8180
1822500.0,59.7852
1823125.0,53.7870
1823750.0,56.6983
1824375.0,62.3786
1825000.0,54.8817
1825625.0,60.5223
1826250.0,56.5943
1826875.0,59.5828
1827500.0,61.1822
1828125.0,60.1497
1828750.0,60.6366
1829375.0,54.6604
1830000.0,61.2296
1830625.0,222.1088
1831250.0,235.0107
1831875.0,234.9957
1832500.0,237.6274
1833125.0,235.9087
1833750.0,222.2118
1834375.0,216.3415
1835000.0,242.1192
1835625.0,47.4367
1836250.0,49.7010
1836875.0,46.8949
1837500.0,43.6979
1838125.0,49.2704
1838750.0,46.1296
1839375.0,47.8037
1840000.0,45.4785
1840625.0,50.8641
1841250.0,44.9401
1841875.0,46.2070
1842500.0,47.2525
1843125.0,44.4334
1843750.0,47.7767
1844375.0,50.7880
1845000.0,45.8474
1845625.0,47.9286
1846250.0,40.5388
1846875.0,46.9085
1847500.0,46.2644
1848125.0,45.0765
1848750.0,49.5414
1849375.0,36.3964
1850000.0,36.6717
1850625.0,36.3022
1851250.0,33.4539
1851875.0,34.9058
1852500.0,38.7780
1853125.0,33.0966
1853750.0,35.5823
1854375.0,36.2605
1855000.0,40.2257
1855625.0,38.4219
1856250.0,35.9692
1856875.0,39.4134
1857500.0,35.6300
1858125.0,38.8668
1858750.0,34.4861
1859375.0,38.9855
1860000.0,36.2487
1860625.0,35.0973
1861250.0,36.5983
1861875.0,37.5131
1862500.0,36.0847
1863125.0,38.0248
1863750.0,35.9215
1864375.0,59.7991
1865000.0,59.2824
1865625.0,57.8233
1866250.0,56.7200
1866875.0,58.4395
1867500.0,59.5957
1868125.0,63.9792
1868750.0,60.7243
1869375.0,60.8304
1870000.0,66.9567
1870625.0,59.4963
1871250.0,59.4055
1871875.0,60.0416
1872500.0,55.0740
1873125.0,56.7127
1873750.0,56.5321
1874375.0,59.8781
1875000.0,57.4949
1875625.0,58.4008
1876250.0,61.1536
1876875.0,60.5031
1877500.0,57.5310
1878125.0,224.2281
1878750.0,245.1692
1879375.0,240.9771
1880000.0,213.3674
1880625.0,228.3674
1881250.0,233.9200
1881875.0,241.0344
1882500.0,242.5572
1883125.0,47.6672
1883750.0,48.3753
1884375.0,47.1507
1885000.0,45.4164
1885625.0,46.3860
1886250.0,47.0446
1886875.0,46.9185
1887500.0,42.5689
1888125.0,46.0659
1888750.0,47.1321
1889375.0,46.3388
1890000.0,46.4200
1890625.0,48.1468
1891250.0,44.4645
1891875.0,43.1741
1892500.0,46.1818
1893125.0,48.7957
1893750.0,50.9657
1894375.0,48.8380
1895000.0,43.5496
1895625.0,46.4539
1896250.0,47.6031
1896875.0,37.3285
1897500.0,37.9977
1898125.0,35.3035
1898750.0,37.1201
1899375.0,37.7776
1900000.0,38.5275
1900625.0,35.5094
1901250.0,36.3615
1901875.0,31.9979
1902500.0,35.8503
1903125.0,36.0298
1903750.0,35.1138
1904375.0,37.3064
1905000.0,36.8965
1905625.0,32.8205
1906250.0,37.3987
1906875.0,35.2826
1907500.0,37.8985
1908125.0,34.6286
1908750.0,58.0870
1909375.0,57.1788
1910000.0,58.8790
1910625.0,58.3616
1911250.0,57.2600
1911875.0,53.5448
1912500.0,53.7161
1913125.0,56.3067
1913750.0,57.9760
1914375.0,56.2361
1915000.0,59.8131
1915625.0,57.1903
1916250.0,55.2015
1916875.0,57.1935
1917500.0,58.6550
1918125.0,58.9422
1918750.0,63.4473
1919375.0,56.0602
1920000.0,57.7869
1920625.0,59.2358
1921250.0,57.9321
1921875.0,56.5482
1922500.0,207.5709
1923125.0,219.2531
1923750.0,212.9208
1924375.0,205.5757
1925000.0,216.0486
1925625.0,213.2202
1926250.0,231.5676
1926875.0,231.7623
1927500.0,44.8759
1928125.0,46.3885
1928750.0,42.6331
1929375.0,45.8383
1930000.0,47.9376
1930625.0,48.9386
1931250.0,45.3243
1931875.0,49.4719
1932500.0,43.4381
1933125.0,44.0681
1933750.0,48.6677
1934375.0,50.9271
1935000.0,48.1596
1935625.0,46.9052
1936250.0,41.8413
1936875.0,42.2472
1937500.0,47.3041
1938125.0,46.1586
1938750.0,44.4013
1939375.0,47.1540
1940000.0,47.2706
1940625.0,49.2194
1941250.0,37.2527
1941875.0,39.2725
1942500.0,37.0148
1943125.0,36.7866
1943750.0,38.9690
1944375.0,35.1899
1945000.0,42.2067
1945625.0,37.6942
1946250.0,37.7045
1946875.0,37.9714
1947500.0,40.4727
1948125.0,38.4661
1948750.0,34.0306
1949375.0,39.5964
1950000.0,36.3693
1950625.0,37.1982
1951250.0,34.6334
1951875.0,37.9735
1952500.0,35.7950
1953125.0,37.1853
1953750.0,36.4744
1954375.0,40.5613
1955000.0,40.6672
1955625.0,37.0860
1956250.0,37.1184
1956875.0,36.3091
1957500.0,39.0461
1958125.0,36.3915
1958750.0,56.7781
1959375.0,60.8379
1960000.0,56.4389
1960625.0,57.8905
1961250.0,53.4142
1961875.0,60.0422
1962500.0,63.6285
1963125.0,60.0916
1963750.0,62.2392
1964375.0,55.5463
1965000.0,58.6853
1965625.0,55.2648
1966250.0,57.3395
1966875.0,60.2394
1967500.0,58.2953
1968125.0,53.9033
1968750.0,54.1864
1969375.0,53.9946
1970000.0,59.4252
1970625.0,63.9853
1971250.0,61.9511
1971875.0,52.5016
1972500.0,240.9871
1973125.0,235.5345
1973750.0,207.6154
1974375.0,221.5890
1975000.0,237.3246
1975625.0,231.1924
1976250.0,210.2727
1976875.0,231.8708
1977500.0,41.9769
1978125.0,46.4764
1978750.0,49.6742
1979375.0,47.0432
1980000.0,45.8275
1980625.0,49.0900
1981250.0,49.2907
1981875.0,50.0786
1982500.0,49.0547
1983125.0,49.5412
1983750.0,48.7223
1984375.0,47.6240
1985000.0,47.2103
1985625.0,46.4424
1986250.0,44.1509
1986875.0,44.7550
1987500.0,46.3373
1988125.0,47.5674
1988750.0,50.3859
1989375.0,46.9018
1990000.0,49.3582
1990625.0,49.5364
1991250.0,36.5718
1991875.0,38.1002
1992500.0,36.5495
1993125.0,39.4460
1993750.0,38.1763
1994375.0,34.7976
1995000.0,58.4684
1995625.0,62.7795
1996250.0,57.4744
1996875.0,59.2984
1997500.0,59.5830
1998125.0,54.9938
1998750.0,59.4811
1999375.0,53.9579
2000000.0,56.1857
2000625.0,61.1196
2001250.0,59.0346
2001875.0,57.1170
2002500.0,59.2947
2003125.0,57.8257
2003750.0,58.0365
2004375.0,59.9048
2005000.0,55.8906
2005625.0,58.1170
2006250.0,57.0944
2006875.0,53.4018
2007500.0,55.3307
2008125.0,62.5478
2008750.0,229.3281
2009375.0,210.1096
2010000.0,207.6710
2010625.0,223.7382
2011250.0,242.5633
2011875.0,222.8990
2012500.0,239.7037
2013125.0,228.9592
2013750.0,48.1074
2014375.0,43.8611
2015000.0,49.2032
2015625.0,46.2129
2016250.0,49.0283
2016875.0,45.0867
2017500.0,47.4161
2018125.0,47.8272
2018750.0,46.6380
2019375.0,47.9507
2020000.0,46.3740
2020625.0,45.4747
2021250.0,50.7729
2021875.0,49.4650
2022500.0,45.2120
2023125.0,48.3358
2023750.0,45.2547
2024375.0,44.2160
2025000.0,49.4295
2025625.0,42.9954
2026250.0,49.1781
2026875.0,46.4061
2027500.0,36.6086
2028125.0,37.7580
2028750.0,38.0752
2029375.0,35.4713
2030000.0,38.3278
2030625.0,37.2097
2031250.0,34.6763
2031875.0,36.6857
2032500.0,39.5554
2033125.0,40.1017
2033750.0,38.3271
2034375.0,34.7979
2035000.0,37.9076
2035625.0,38.5741
2036250.0,38.3426
2036875.0,38.4522
2037500.0,37.6720
2038125.0,36.8660
2038750.0,35.8745
2039375.0,33.4888
2040000.0,37.6283
2040625.0,37.3442
2041250.0,38.0315
2041875.0,34.5255
2042500.0,38.1933
2043125.0,40.8009
2043750.0,37.1451
2044375.0,36.8859
2045000.0,37.5717
2045625.0,40.7598
2046250.0,35.1063
2046875.0,58.5893
2047500.0,55.6810
2048125.0,56.4137
2048750.0,57.8562
2049375.0,61.9072
2050000.0,63.2229
2050625.0,59.2996
2051250.0,56.9079
2051875.0,65.2289
2052500.0,56.7601
2053125.0,56.3437
2053750.0,52.8527
2054375.0,62.0487
2055000.0,60.8079
2055625.0,65.0116
2056250.0,53.9704
2056875.0,62.2287
2057500.0,58.2034
2058125.0,60.3377
2058750.0,53.2214
2059375.0,62.2574
2060000.0,60.2809
2060625.0,224.5623
2061250.0,232.2575
2061875.0,216.3882
2062500.0,218.4813
2063125.0,219.7862
2063750.0,204.1568
2064375.0,234.6948
2065000.0,238.4054
2065625.0,45.3518
2066250.0,47.8183
2066875.0,46.3760
2067500.0,47.7714
2068125.0,45.5252
2068750.0,44.9240
2069375.0,49.4724
2070000.0,46.8499
2070625.0,51.7520
2071250.0,47.1088
2071875.0,44.8237
2072500.0,49.8833
2073125.0,48.4824
2073750.0,48.7082
2074375.0,49.7979
2075000.0,45.4659
2075625.0,46.7010
2076250.0,46.5971
2076875.0,43.9667
2077500.0,46.3806
2078125.0,50.1405
2078750.0,47.5577
2079375.0,34.5098
2080000.0,34.1217
2080625.0,40.0798
2081250.0,36.8329
2081875.0,35.8023
2082500.0,36.4931
2083125.0,34.2670
2083750.0,62.1270
2084375.0,56.8601
2085000.0,61.9655
2085625.0,58.1498
2086250.0,62.1456
2086875.0,58.7444
2087500.0,60.4744
2088125.0,60.0854
2088750.0,59.8075
2089375.0,59.0090
2090000.0,57.3247
2090625.0,63.5548
2091250.0,55.3699
2091875.0,58.0125
2092500.0,58.0432
2093125.0,59.1671
2093750.0,56.7545
2094375.0,58.9128
2095000.0,57.5104
2095625.0,53.4123
2096250.0,58.0277
2096875.0,54.8084
2097500.0,205.4882
2098125.0,226.5398
2098750.0,230.4887
2099375.0,230.9254
2100000.0,231.3807
2100625.0,203.2584
2101250.0,209.6886
2101875.0,247.2021
2102500.0,44.5391
2103125.0,48.4355
2103750.0,45.3857
2104375.0,47.1872
2105000.0,45.5119
2105625.0,48.3196
2106250.0,47.3214
2106875.0,45.9465
2107500.0,44.5321
2108125.0,47.6293
2108750.0,44.1501
2109375.0,48.0046
2110000.0,53.1722
2110625.0,50.1729
2111250.0,48.6881
2111875.0,46.7988
2112500.0,42.4439
2113125.0,43.8926
2113750.0,50.0146
2114375.0,45.1441
2115000.0,45.3568
2115625.0,46.6107
2116250.0,35.0352
2116875.0,34.7305
2117500.0,36.9066
2118125.0,35.3507
2118750.0,35.6291
2119375.0,35.5548
2120000.0,37.9664
2120625.0,36.5706
2121250.0,36.6696
2121875.0,38.1043
2122500.0,36.7372
2123125.0,36.4852
2123750.0,37.8703
2124375.0,38.2362
2125000.0,36.7279
2125625.0,37.1491
2126250.0,35.5537
2126875.0,35.4077
2127500.0,38.4229
2128125.0,37.8231
2128750.0,37.8423
2129375.0,37.5196
2130000.0,37.0855
2130625.0,38.2884
2131250.0,60.7118
2131875.0,60.6426
2132500.0,57.7077
2133125.0,62.0223
2133750.0,58.6625
2134375.0,59.8339
2135000.0,58.8181
2135625.0,58.7163
2136250.0,55.8663
2136875.0,60.0339
2137500.0,66.2514
2138125.0,56.9131
2138750.0,58.2059
2139375.0,56.7060
2140000.0,56.5847
2140625.0,62.4789
2141250.0,56.0484
2141875.0,56.6252
2142500.0,53.3963
2143125.0,55.8029
2143750.0,53.0456
2144375.0,59.8322
2145000.0,264.4765
2145625.0,227.7465
2146250.0,212.6656
2146875.0,242.4400
2147500.0,223.5677
2148125.0,247.0724
2148750.0,228.7285
2149375.0,224.6709
2150000.0,46.5818
2150625.0,48.7808
2151250.0,46.4656
2151875.0,45.8327
2152500.0,46.5327
2153125.0,44.0111
2153750.0,47.9330
2154375.0,42.8012
2155000.0,45.9563
2155625.0,48.7846
2156250.0,47.7122
2156875.0,48.3873
2157500.0,46.8471
2158125.0,49.7489
2158750.0,49.1730
2159375.0,48.0484
2160000.0,49.1797
2160625.0,48.7635
2161250.0,45.9673
2161875.0,43.8418
2162500.0,47.9879
2163125.0,48.2833
2163750.0,39.0174
2164375.0,35.2678
2165000.0,35.3231
2165625.0,37.8508
2166250.0,36.8683
2166875.0,33.5113
2167500.0,37.6940
2168125.0,33.5730
2168750.0,35.2513
2169375.0,39.5006
2170000.0,40.3760
2170625.0,34.7510
2171250.0,36.3906
2171875.0,37.0789
2172500.0,40.2953
2173125.0,36.0882
2173750.0,56.6170
2174375.0,62.4913
2175000.0,56.9131
2175625.0,60.0944
2176250.0,53.7163
2176875.0,57.5034
2177500.0,53.1872
2178125.0,54.9392
2178750.0,60.4337
2179375.0,57.8553
2180000.0,57.0746
2180625.0,55.8286
2181250.0,57.3601
2181875.0,58.8732
2182500.0,60.8505
2183125.0,50.3871
2183750.0,55.5879
2184375.0,58.4614
2185000.0,57.7133
2185625.0,59.1698
2186250.0,58.7759
2186875.0,57.1159
2187500.0,225.8885
2188125.0,229.1522
2188750.0,245.3254
2189375.0,223.5087
2190000.0,231.2714
2190625.0,234.1268
2191250.0,250.1001
2191875.0,228.5164
2192500.0,49.2532
2193125.0,49.8952
2193750.0,46.8502
2194375.0,46.5048
2195000.0,46.2267
2195625.0,46.3988
2196250.0,49.0075
2196875.0,47.5429
2197500.0,47.5529
2198125.0,44.3557
2198750.0,44.7264
2199375.0,52.0371
2200000.0,46.5821
2200625.0,45.1793
2201250.0,50.3631
2201875.0,47.6623
2202500.0,48.3587
2203125.0,46.6756
2203750.0,46.2511
2204375.0,46.6015
2205000.0,43.7506
2205625.0,46.7934
2206250.0,37.5477
2206875.0,40.4234
2207500.0,37.1591
2208125.0,32.6818
2208750.0,36.8261
2209375.0,42.0681
2210000.0,38.6028
2210625.0,35.4999
2211250.0,38.0935
2211875.0,35.6273
2212500.0,34.4955
2213125.0,36.3555
2213750.0,37.1693
2214375.0,33.5365
2215000.0,34.8741
2215625.0,37.0191
2216250.0,36.2449
2216875.0,37.7304
2217500.0,34.7529
2218125.0,60.0709
2218750.0,54.5671
2219375.0,62.7639
2220000.0,53.0243
2220625.0,54.8316
2221250.0,59.2104
2221875.0,62.8263
2222500.0,58.9136
2223125.0,59.6323
2223750.0,58.0509
2224375.0,55.0234
2225000.0,56.5786
2225625.0,54.4855
2226250.0,54.2917
2226875.0,59.1651
2227500.0,54.7428
2228125.0,58.9267
2228750.0,54.2247
2229375.0,58.8595
2230000.0,56.5828
2230625.0,62.0792
2231250.0,58.9388
2231875.0,238.9026
2232500.0,216.4990
2233125.0,225.6316
2233750.0,213.9628
2234375.0,220.3469
2235000.0,222.0513
2235625.0,216.8341
2236250.0,211.3256
2236875.0,43.6782
2237500.0,41.5016
2238125.0,44.5176
2238750.0,48.4746
2239375.0,43.2435
2240000.0,43.7849
2240625.0,51.2086
2241250.0,45.5042
2241875.0,47.7545
2242500.0,48.5094
2243125.0,48.5569
2243750.0,43.4226
2244375.0,46.4570
2245000.0,43.1972
2245625.0,52.7488
2246250.0,43.2520
2246875.0,44.5376
2247500.0,44.5546
2248125.0,43.4828
2248750.0,50.1786
2249375.0,52.6928
2250000.0,45.8820
2250625.0,34.5572
2251250.0,32.8617
2251875.0,36.5484
2252500.0,36.4147
2253125.0,35.7951
2253750.0,37.4095
2254375.0,37.7311
2255000.0,37.5977
2255625.0,36.4152
2256250.0,34.9620
2256875.0,38.2318
2257500.0,37.0232
2258125.0,38.6435
2258750.0,38.4616
2259375.0,34.3697
2260000.0,34.3467
2260625.0,35.6022
2261250.0,35.0459
2261875.0,38.3972
2262500.0,37.6499
2263125.0,39.0335
2263750.0,37.7335
2264375.0,37.3860
2265000.0,39.2195
2265625.0,37.8690
2266250.0,37.1260
2266875.0,39.7388
2267500.0,37.2131
2268125.0,36.4370
2268750.0,35.4500
2269375.0,38.3006
2270000.0,39.2885
2270625.0,36.9064
2271250.0,39.4196
2271875.0,33.3555
2272500.0,36.8974
2273125.0,36.9258
2273750.0,35.6551
2274375.0,41.4101
2275000.0,57.8080
2275625.0,56.8176
2276250.0,58.0753
2276875.0,52.1918
2277500.0,55.7964
2278125.0,60.8514
2278750.0,56.1761
2279375.0,55.5963
2280000.0,61.7976
2280625.0,61.8867
2281250.0,59.4993
2281875.0,56.6802
2282500.0,57.3055
2283125.0,55.6680
2283750.0,55.1152
2284375.0,54.9712
2285000.0,56.2076
2285625.0,54.9993
2286250.0,53.4653
2286875.0,58.6363
2287500.0,58.6803
2288125.0,62.9323
2288750.0,224.2473
2289375.0,235.4348
2290000.0,235.6275
2290625.0,229.0555
2291250.0,240.6343
2291875.0,240.9927
2292500.0,235.7980
2293125.0,229.0346
2293750.0,46.1598
2294375.0,43.7858
2295000.0,45.1061
2295625.0,45.5383
2296250.0,44.3587
2296875.0,48.0338
2297500.0,49.8121
2298125.0,44.8661
2298750.0,47.6661
2299375.0,44.5698
2300000.0,46.2834
2300625.0,45.3777
2301250.0,48.4145
2301875.0,45.4048
2302500.0,49.3774
2303125.0,46.4226
2303750.0,45.4734
2304375.0,44.0547
2305000.0,47.5950
2305625.0,49.1038
2306250.0,47.6423
2306875.0,52.2613
2307500.0,39.6451
2308125.0,36.4311
2308750.0,36.4116
2309375.0,37.8689
2310000.0,35.4497
2310625.0,39.1576
2311250.0,37.6690
2311875.0,37.4744
2312500.0,38.2709
2313125.0,40.1872
2313750.0,37.3163
2314375.0,36.7909
2315000.0,39.7911
2315625.0,38.7900
2316250.0,36.4062
2316875.0,37.0096
2317500.0,37.3615
2318125.0,37.6694
2318750.0,34.4903
2319375.0,34.1464
2320000.0,35.3583
2320625.0,35.2152
2321250.0,35.8089
2321875.0,38.1742
2322500.0,36.6875
2323125.0,37.3633
2323750.0,34.7350
2324375.0,36.1460
2325000.0,38.0864
2325625.0,38.1007
2326250.0,35.6595
2326875.0,37.2991
2327500.0,41.0679
2328125.0,36.9674
2328750.0,55.9898
2329375.0,57.4961
2330000.0,58.2673
2330625.0,57.5616
2331250.0,57.9091
2331875.0,53.8140
2332500.0,55.2084
2333125.0,57.5669
2333750.0,57.5207
2334375.0,56.3581
2335000.0,57.4867
2335625.0,58.1769
2336250.0,60.5793
2336875.0,57.7123
2337500.0,59.1574
2338125.0,56.4294
2338750.0,59.6591
2339375.0,59.0896
2340000.0,60.5109
2340625.0,60.0690
2341250.0,59.7073
2341875.0,57.7146
2342500.0,234.8413
2343125.0,244.3367
2343750.0,224.4359
2344375.0,224.7105
2345000.0,234.1046
2345625.0,236.8172
2346250.0,222.4404
2346875.0,231.1328
2347500.0,46.7791
2348125.0,41.7941
2348750.0,46.4840
2349375.0,46.6303
2350000.0,46.6233
2350625.0,50.3274
2351250.0,44.1429
2351875.0,45.0621
2352500.0,40.8613
2353125.0,45.8698
2353750.0,46.0702
2354375.0,45.8016
2355000.0,49.6030
2355625.0,49.0225
2356250.0,47.1830
2356875.0,46.1291
2357500.0,49.4115
2358125.0,46.9536
2358750.0,45.0771
2359375.0,42.9668
2360000.0,45.9629
2360625.0,48.7734
2361250.0,41.2116
2361875.0,37.1140
2362500.0,35.5841
2363125.0,34.8078
2363750.0,38.0211
2364375.0,33.7355
2365000.0,38.0181
2365625.0,38.5128
2366250.0,37.8071
2366875.0,36.5936
2367500.0,38.0451
2368125.0,37.3162
2368750.0,35.5605
2369375.0,40.4233
2370000.0,36.3494
2370625.0,38.4351
2371250.0,32.5256
2371875.0,39.3615
2372500.0,39.7172
2373125.0,37.0552
2373750.0,38.0337
2374375.0,38.0333
2375000.0,35.8109
2375625.0,38.0122
2376250.0,35.5040
2376875.0,35.8738
2377500.0,39.0848
2378125.0,38.8031
2378750.0,35.6932
2379375.0,35.6429
2380000.0,35.8056
2380625.0,38.3554
2381250.0,35.1500
2381875.0,37.6599
2382500.0,60.1659
2383125.0,57.7441
2383750.0,60.9292
2384375.0,57.1175
2385000.0,57.3798
2385625.0,55.1660
2386250.0,60.9498
2386875.0,55.7771
2387500.0,59.0143
2388125.0,57.7932
2388750.0,54.9469
2389375.0,56.2336
2390000.0,62.0103
2390625.0,58.5848
2391250.0,55.0735
2391875.0,58.8855
2392500.0,57.5763
2393125.0,68.0167
2393750.0,58.8269
2394375.0,56.8962
2395000.0,62.1181
2395625.0,52.6610
2396250.0,233.0941
2396875.0,255.1354
2397500.0,230.6521
2398125.0,211.8937
2398750.0,227.4074
2399375.0,248.8724
2400000.0,236.3624
2400625.0,222.2693
2401250.0,45.3897
2401875.0,45.6847
2402500.0,47.8488
2403125.0,50.1448
2403750.0,49.4732
2404375.0,48.0716
2405000.0,43.8706
2405625.0,43.8794
2406250.0,48.2531
2406875.0,43.8381
2407500.0,46.4699
2408125.0,47.7148
2408750.0,44.3267
2409375.0,44.5930
2410000.0,46.7788
2410625.0,48.1836
2411250.0,49.4946
2411875.0,48.4266
2412500.0,47.1731
2413125.0,45.2464
2413750.0,44.4834
2414375.0,45.7994
2415000.0,37.7584
2415625.0,37.6228
2416250.0,33.1152
2416875.0,35.5465
2417500.0,39.2283
2418125.0,37.1465
2418750.0,34.3785
2419375.0,41.3583
2420000.0,36.9465
2420625.0,37.7110
2421250.0,37.7391
2421875.0,36.3199
2422500.0,35.6540
2423125.0,40.9251
2423750.0,60.9093
2424375.0,60.3836
2425000.0,59.6712
2425625.0,55.0904
2426250.0,61.7048
2426875.0,55.5549
2427500.0,58.8215
2428125.0,53.2458
2428750.0,52.0815
2429375.0,58.9230
2430000.0,55.6536
2430625.0,52.2314
2431250.0,59.5678
2431875.0,64.1482
2432500.0,62.0297
2433125.0,57.2538
2433750.0,58.0257
2434375.0,60.5743
2435000.0,61.2542
2435625.0,57.0037
2436250.0,58.0991
2436875.0,58.8718
2437500.0,231.2311
2438125.0,223.5029
2438750.0,223.6490
2439375.0,240.5231
2440000.0,238.6071
2440625.0,230.3709
2441250.0,244.3400
2441875.0,220.6525
2442500.0,50.8140
2443125.0,48.2749
2443750.0,54.6869
2444375.0,44.1977
2445000.0,45.3800
2445625.0,47.9842
2446250.0,47.9335
2446875.0,51.5828
2447500.0,45.4293
2448125.0,49.1266
2448750.0,49.7318
2449375.0,48.6559
2450000.0,44.7417
2450625.0,50.3082
2451250.0,49.8889
2451875.0,48.4090
2452500.0,47.4802
2453125.0,47.5314
2453750.0,46.8150
2454375.0,48.5058
2455000.0,47.0732
2455625.0,45.0060
2456250.0,35.0601
2456875.0,35.6087
2457500.0,37.4109
2458125.0,36.9501
2458750.0,37.3984
2459375.0,37.9265
2460000.0,35.8395
2460625.0,39.7115
2461250.0,57.2236
2461875.0,56.7431
2462500.0,59.3989
2463125.0,52.6741
2463750.0,55.7075
2464375.0,60.8451
2465000.0,52.9615
2465625.0,61.2410
2466250.0,62.3823
2466875.0,56.9286
2467500.0,58.8463
2468125.0,61.2454
2468750.0,56.6463
2469375.0,60.5165
2470000.0,56.0537
2470625.0,56.6150
2471250.0,55.6819
2471875.0,58.9937
2472500.0,61.3581
2473125.0,57.4661
2473750.0,54.3134
2474375.0,54.8602
2475000.0,229.4392
2475625.0,245.7463
2476250.0,229.4294
2476875.0,220.6474
2477500.0,233.6196
2478125.0,222.3056
2478750.0,220.7443
2479375.0,214.2173
2480000.0,50.3099
2480625.0,41.0329
2481250.0,48.8750
2481875.0,45.9102
2482500.0,46.0357
2483125.0,50.9769
2483750.0,45.3218
2484375.0,45.4018
2485000.0,46.6936
2485625.0,47.9725
2486250.0,45.9616
2486875.0,43.3014
2487500.0,44.9656
2488125.0,50.0111
2488750.0,47.1757
2489375.0,48.0601
2490000.0,46.3857
2490625.0,45.4502
2491250.0,50.9423
2491875.0,46.5577
2492500.0,45.9581
2493125.0,49.5759
2493750.0,35.6636
2494375.0,35.8998
2495000.0,37.0190
2495625.0,37.0005
2496250.0,37.4803
2496875.0,40.8696
2497500.0,37.6221
2498125.0,32.6006
2498750.0,37.6037
2499375.0,37.0701
2500000.0,37.0804
2500625.0,37.4550
2501250.0,36.9469
2501875.0,36.9027
2502500.0,38.1341
2503125.0,35.9972
2503750.0,35.2468
2504375.0,42.5940
2505000.0,35.6757
2505625.0,37.1853
2506250.0,34.2330
2506875.0,37.2155
2507500.0,35.2735
2508125.0,36.1814
2508750.0,61.0307
2509375.0,59.3688
2510000.0,59.6484
2510625.0,52.8635
2511250.0,63.3270
2511875.0,54.5435
2512500.0,62.4328
2513125.0,60.9625
2513750.0,59.6743
2514375.0,55.5205
2515000.0,58.4396
2515625.0,56.6343
2516250.0,58.0842
2516875.0,57.2754
2517500.0,52.0880
2518125.0,61.2532
2518750.0,57.7648
2519375.0,56.5941
2520000.0,56.3751
2520625.0,59.0395
2521250.0,55.4081
2521875.0,51.4600
2522500.0,229.5802
2523125.0,230.8399
2523750.0,222.7541
2524375.0,212.0861
2525000.0,226.0005
2525625.0,208.5240
2526250.0,213.4437
2526875.0,216.5546
2527500.0,48.9833
2528125.0,46.1479
2528750.0,45.9475
2529375.0,51.5935
2530000.0,47.8283
2530625.0,47.7966
2531250.0,46.1312
2531875.0,45.5985
2532500.0,41.8619
2533125.0,49.2765
2533750.0,48.0535
2534375.0,46.5790
2535000.0,46.6775
2535625.0,48.7299
2536250.0,43.3464
2536875.0,45.6138
2537500.0,44.3297
2538125.0,51.1630
2538750.0,49.0578
2539375.0,41.8237
2540000.0,43.4427
2540625.0,46.6890
2541250.0,36.1260
2541875.0,34.5499
2542500.0,40.5978
2543125.0,37.5782
2543750.0,37.8784
2544375.0,35.7198
2545000.0,38.3362
2545625.0,36.2962
2546250.0,36.4758
2546875.0,38.1304
2547500.0,33.9864
2548125.0,39.9545
2548750.0,37.3374
2549375.0,39.3697
2550000.0,35.0105
2550625.0,35.2921
2551250.0,34.8505
2551875.0,37.4631
2552500.0,58.1914
2553125.0,56.6532
2553750.0,55.0592
2554375.0,54.3269
2555000.0,57.8594
2555625.0,56.6498
2556250.0,56.0117
2556875.0,62.4866
2557500.0,57.7613
2558125.0,61.6831
2558750.0,56.4536
2559375.0,58.7099
2560000.0,57.8391
2560625.0,53.0769
2561250.0,62.1422
2561875.0,57.6081
2562500.0,60.1646
2563125.0,55.8191
2563750.0,57.5220
2564375.0,55.4861
2565000.0,61.5844
2565625.0,58.9031
2566250.0,229.1294
2566875.0,240.2796
2567500.0,238.0088
2568125.0,233.6101
2568750.0,209.0056
2569375.0,217.1736
2570000.0,213.7063
2570625.0,233.1848
2571250.0,47.4010
2571875.0,43.7323
2572500.0,46.5565
2573125.0,43.4888
2573750.0,46.8751
2574375.0,43.1099
2575000.0,48.2427
2575625.0,47.8882
2576250.0,51.4837
2576875.0,48.9925
2577500.0,46.0062
2578125.0,48.9225
2578750.0,43.7155
2579375.0,44.7382
2580000.0,47.7829
2580625.0,41.9281
2581250.0,46.9127
2581875.0,44.6024
2582500.0,47.2381
2583125.0,44.4673
2583750.0,47.9970
2584375.0,47.0454
2585000.0,39.5907
2585625.0,37.0125
2586250.0,35.5780
2586875.0,36.5433
2587500.0,34.5132
2588125.0,37.7514
2588750.0,38.0912
2589375.0,41.5680
2590000.0,35.8496
2590625.0,36.5046
2591250.0,35.9348
2591875.0,37.3924
2592500.0,37.7061
2593125.0,36.9013
2593750.0,39.0097
2594375.0,35.8586
2595000.0,38.8244
2595625.0,37.9962
2596250.0,57.9651
2596875.0,57.0867
2597500.0,65.0373
2598125.0,55.6307
2598750.0,58.8640
2599375.0,55.8244
2600000.0,63.1783
2600625.0,60.5718
2601250.0,56.0328
2601875.0,59.4865
2602500.0,58.7473
2603125.0,56.5018
2603750.0,60.1987
2604375.0,59.1290
2605000.0,58.6255
2605625.0,57.8784
2606250.0,59.2501
2606875.0,58.6652
2607500.0,58.1714
2608125.0,56.1411
2608750.0,62.9119
2609375.0,54.9538
2610000.0,236.9606
2610625.0,228.2852
2611250.0,252.4107
2611875.0,221.5196
2612500.0,223.4709
2613125.0,220.7501
2613750.0,235.7522
2614375.0,216.0726
2615000.0,45.8755
2615625.0,41.9419
2616250.0,47.5650
2616875.0,45.8245
2617500.0,43.5031
2618125.0,49.5512
2618750.0,43.9270
2619375.0,48.8728
2620000.0,45.3526
2620625.0,50.7637
2621250.0,48.7614
2621875.0,44.6311
2622500.0,44.8449
2623125.0,48.4230
2623750.0,46.3834
2624375.0,46.6020
2625000.0,49.9898
2625625.0,45.2406
2626250.0,47.2145
2626875.0,49.2434
2627500.0,48.9014
2628125.0,46.6249
2628750.0,36.4655
2629375.0,33.7832
2630000.0,35.0459
2630625.0,37.5890
2631250.0,36.7449
2631875.0,37.1386
2632500.0,38.9226
2633125.0,34.8035
2633750.0,36.5631
2634375.0,37.3491
2635000.0,35.6973
2635625.0,39.6482
2636250.0,38.6809
2636875.0,37.5367
2637500.0,40.3193
2638125.0,34.2270
2638750.0,57.9776
2639375.0,59.0624
2640000.0,55.3478
2640625.0,58.8721
2641250.0,54.7909
2641875.0,60.0026
2642500.0,61.0677
2643125.0,58.7898
2643750.0,52.6269
2644375.0,55.1963
2645000.0,59.6377
2645625.0,58.0615
2646250.0,50.1874
2646875.0,61.6042
2647500.0,58.3963
2648125.0,55.6247
2648750.0,60.8854
2649375.0,56.0351
2650000.0,56.0035
2650625.0,59.0392
2651250.0,63.1650
2651875.0,62.7084
2652500.0,236.1727
2653125.0,237.3637
2653750.0,241.1814
2654375.0,217.4190
2655000.0,239.4721
2655625.0,223.4847
2656250.0,235.6943
2656875.0,229.3614
2657500.0,48.1778
2658125.0,47.2775
2658750.0,39.7784
2659375.0,47.4204
2660000.0,48.5091
2660625.0,48.0479
2661250.0,46.7589
2661875.0,50.8591
2662500.0,47.7317
2663125.0,48.0285
2663750.0,49.4546
2664375.0,47.8521
2665000.0,44.8897
2665625.0,41.2699
2666250.0,45.8788
2666875.0,48.7882
2667500.0,46.1702
2668125.0,48.8828
2668750.0,47.3495
2669375.0,50.0270
2670000.0,46.3062
2670625.0,48.0989
2671250.0,37.9359
2671875.0,39.7780
2672500.0,33.8427
2673125.0,36.1519
2673750.0,60.4607
2674375.0,62.4831
2675000.0,58.6962
2675625.0,57.1512
2676250.0,60.1956
2676875.0,60.5192
2677500.0,56.9570
2678125.0,58.9579
2678750.0,61.4235
2679375.0,63.4823
2680000.0,60.1536
2680625.0,58.1280
2681250.0,57.8432
2681875.0,59.6165
2682500.0,57.6645
2683125.0,58.5500
2683750.0,54.9322
2684375.0,61.7615
2685000.0,54.6935
2685625.0,56.7469
2686250.0,58.2830
2686875.0,63.7739
2687500.0,220.2448
2688125.0,217.5073
2688750.0,218.8033
2689375.0,243.6626
2690000.0,193.3611
2690625.0,213.7192
2691250.0,255.7270
2691875.0,231.6474
2692500.0,44.4009
2693125.0,46.9015
2693750.0,47.1585
2694375.0,48.9884
2695000.0,51.3228
2695625.0,47.9131
2696250.0,45.7315
2696875.0,48.8496
2697500.0,45.3591
2698125.0,44.5717
2698750.0,42.8642
2699375.0,43.3219
2700000.0,44.8934
2700625.0,44.2322
2701250.0,47.7361
2701875.0,44.1814
2702500.0,39.6124
2703125.0,44.5468
2703750.0,45.8911
2704375.0,45.5772
2705000.0,50.5709
2705625.0,45.5582
2706250.0,38.6297
2706875.0,36.9649
2707500.0,36.9217
2708125.0,35.4545
2708750.0,36.8913
2709375.0,35.5846
2710000.0,37.3145
2710625.0,36.5629
2711250.0,35.2524
2711875.0,38.8350
2712500.0,37.7897
2713125.0,36.1711
2713750.0,37.2692
2714375.0,36.8449
2715000.0,35.3950
2715625.0,37.1304
2716250.0,35.8511
2716875.0,35.2519
2717500.0,33.9979
2718125.0,36.3366
2718750.0,38.0489
2719375.0,35.7149
2720000.0,41.6633
2720625.0,38.6385
2721250.0,39.4130
2721875.0,38.4712
2722500.0,40.4278
2723125.0,35.5440
2723750.0,32.2626
2724375.0,56.7062
2725000.0,59.6188
2725625.0,58.4394
2726250.0,58.7989
2726875.0,61.8306
2727500.0,59.1080
2728125.0,60.3168
2728750.0,55.2753
2729375.0,54.8234
2730000.0,62.6809
2730625.0,58.2926
2731250.0,56.1926
2731875.0,56.1980
2732500.0,56.1175
2733125.0,55.9440
2733750.0,54.2789
2734375.0,53.6488
2735000.0,57.4345
2735625.0,56.2805
2736250.0,61.2108
2736875.0,58.8499
2737500.0,58.7694
2738125.0,223.3798
2738750.0,230.5961
2739375.0,236.1876
2740000.0,240.3079
2740625.0,230.9109
2741250.0,244.5178
2741875.0,232.0927
2742500.0,241.1970
2743125.0,45.8488
2743750.0,42.7404
2744375.0,47.6306
2745000.0,48.7045
2745625.0,48.3521
2746250.0,47.9921
2746875.0,46.1808
2747500.0,45.1041
2748125.0,48.2966
2748750.0,48.0022
2749375.0,45.6819
2750000.0,49.6071
2750625.0,44.9253
2751250.0,45.6287
2751875.0,50.8456
2752500.0,49.0412
2753125.0,46.1587
2753750.0,47.6753
2754375.0,47.3638
2755000.0,40.5478
2755625.0,44.8698
2756250.0,46.8805
2756875.0,36.3403
2757500.0,37.4571
2758125.0,39.0895
2758750.0,36.4052
2759375.0,35.0433
2760000.0,37.6010
2760625.0,36.3957
2761250.0,36.7113
2761875.0,36.4602
2762500.0,41.1474
2763125.0,32.8547
2763750.0,36.2816
2764375.0,36.9932
2765000.0,35.5549
2765625.0,38.6647
2766250.0,38.5045
2766875.0,36.9117
2767500.0,36.4993
2768125.0,36.7929
2768750.0,36.8061
2769375.0,57.7727
2770000.0,57.4548
2770625.0,58.7321
2771250.0,60.1843
2771875.0,54.4322
2772500.0,54.9531
2773125.0,52.9293
2773750.0,60.5126
2774375.0,58.7259
2775000.0,59.4653
2775625.0,53.8545
2776250.0,63.1763
2776875.0,56.2343
2777500.0,58.4878
2778125.0,60.4777
2778750.0,55.1378
2779375.0,56.4157
2780000.0,58.5196
2780625.0,66.2867
2781250.0,58.8733
2781875.0,62.6584
2782500.0,61.4965
2783125.0,229.1401
2783750.0,213.8715
2784375.0,236.9222
2785000.0,208.1463
2785625.0,243.0098
2786250.0,227.2501
2786875.0,195.1850
2787500.0,221.1693
2788125.0,48.5368
2788750.0,46.4430
2789375.0,48.6803
2790000.0,45.0024
2790625.0,43.9309
2791250.0,46.8321
2791875.0,47.0742
2792500.0,46.1813
2793125.0,49.8841
2793750.0,45.0020
2794375.0,47.7359
2795000.0,47.1597
2795625.0,43.3417
2796250.0,43.9003
2796875.0,47.0280
2797500.0,51.6558
2798125.0,48.3613
2798750.0,42.9448
2799375.0,39.6904
2800000.0,48.7227
2800625.0,46.7739
2801250.0,49.6820
2801875.0,35.3707
2802500.0,37.6479
2803125.0,38.5654
2803750.0,36.1722
2804375.0,36.2117
2805000.0,37.0467
2805625.0,38.0040
2806250.0,36.9735
2806875.0,38.8019
2807500.0,36.1454
2808125.0,34.5425
2808750.0,40.6574
2809375.0,35.8814
2810000.0,35.9484
2810625.0,36.8783
2811250.0,37.1243
2811875.0,36.2846
2812500.0,36.9677
2813125.0,36.9264
2813750.0,37.3234
2814375.0,32.6386
2815000.0,40.4796
2815625.0,36.7275
2816250.0,38.0742
2816875.0,34.4505
2817500.0,36.1286
2818125.0,35.7562
2818750.0,39.7190
2819375.0,35.9162
2820000.0,38.4024
2820625.0,35.7967
2821250.0,36.1627
2821875.0,36.5457
2822500.0,39.3751
2823125.0,33.5038
2823750.0,34.5660
2824375.0,33.3975
2825000.0,54.8462
2825625.0,55.6464
2826250.0,53.3180
2826875.0,55.8710
2827500.0,52.1573
2828125.0,55.0478
2828750.0,61.4812
2829375.0,59.1704
2830000.0,58.5437
2830625.0,55.0919
2831250.0,53.5454
2831875.0,54.6964
2832500.0,57.8747
2833125.0,60.5177
2833750.0,60.6169
2834375.0,59.8288
2835000.0,55.8611
2835625.0,58.0712
2836250.0,57.0681
2836875.0,57.4165
2837500.0,63.9077
2838125.0,52.8902
2838750.0,222.3599
2839375.0,238.6322
2840000.0,208.5087
2840625.0,217.7578
2841250.0,219.0483
2841875.0,222.4880
2842500.0,207.0455
2843125.0,231.6970
2843750.0,48.5658
2844375.0,48.1947
2845000.0,44.9546
2845625.0,47.2033
2846250.0,44.8863
2846875.0,46.2184
2847500.0,52.0606
2848125.0,47.2249
2848750.0,44.2093
2849375.0,47.4238
2850000.0,43.8233
2850625.0,44.1823
2851250.0,44.5534
2851875.0,45.9559
2852500.0,49.2019
2853125.0,48.3592
2853750.0,48.2290
2854375.0,44.4175
2855000.0,45.7279
2855625.0,47.6392
2856250.0,45.5234
2856875.0,46.3458
2857500.0,37.8165
2858125.0,36.3548
2858750.0,37.4182
2859375.0,39.9465
2860000.0,36.6821
2860625.0,39.1818
2861250.0,38.0348
2861875.0,34.2856
2862500.0,34.9610
2863125.0,55.5826
2863750.0,55.5210
2864375.0,57.7382
2865000.0,59.7825
2865625.0,61.6400
2866250.0,58.8937
2866875.0,56.7075
2867500.0,51.9615
2868125.0,58.2047
2868750.0,58.0747
2869375.0,58.5305
2870000.0,64.1081
2870625.0,61.5977
2871250.0,60.2767
2871875.0,55.2100
2872500.0,56.5123
2873125.0,57.7250
2873750.0,55.7513
2874375.0,59.4513
2875000.0,59.0350
2875625.0,54.8439
2876250.0,61.4708
2876875.0,226.1510
2877500.0,205.5479
2878125.0,224.4224
2878750.0,228.1636
2879375.0,235.9439
2880000.0,221.2034
2880625.0,234.3143
2881250.0,227.1053
2881875.0,43.9096
2882500.0,43.6744
2883125.0,49.6380
2883750.0,49.8106
2884375.0,47.7588
2885000.0,50.5149
2885625.0,49.4830
2886250.0,48.6065
2886875.0,44.8584
2887500.0,51.0689
2888125.0,48.2603
2888750.0,46.0933
2889375.0,45.4296
2890000.0,47.6034
2890625.0,43.0730
2891250.0,48.6442
2891875.0,44.7591
2892500.0,47.8709
2893125.0,45.7742
2893750.0,46.3786
2894375.0,45.2213
2895000.0,46.6211
2895625.0,40.4954
2896250.0,39.5624
2896875.0,37.6558
2897500.0,36.9532
2898125.0,38.5618
2898750.0,39.0904
2899375.0,35.4648
2900000.0,36.8567
2900625.0,33.6294
2901250.0,61.2570
2901875.0,63.9886
2902500.0,58.2322
2903125.0,51.8375
2903750.0,59.7658
2904375.0,55.3781
2905000.0,56.0763
2905625.0,59.8171
2906250.0,58.7382
2906875.0,56.5845
2907500.0,56.1161
2908125.0,58.3649
2908750.0,56.8125
2909375.0,54.7832
2910000.0,57.0356
2910625.0,58.9848
2911250.0,57.4835
2911875.0,53.9008
2912500.0,60.8683
2913125.0,50.0574
2913750.0,56.7055
2914375.0,56.2014
2915000.0,226.6670
2915625.0,231.3187
2916250.0,237.6761
2916875.0,216.9854
2917500.0,231.5991
2918125.0,227.2030
2918750.0,205.7452
2919375.0,246.3811
2920000.0,43.6189
2920625.0,47.9858
2921250.0,47.9164
2921875.0,47.6477
2922500.0,45.8377
2923125.0,48.9440
2923750.0,43.3331
2924375.0,46.8453
2925000.0,45.6749
2925625.0,45.4083
2926250.0,48.0076
2926875.0,49.5321
2927500.0,46.1933
2928125.0,48.8346
2928750.0,47.1169
2929375.0,44.9021
2930000.0,46.3938
2930625.0,46.2962
2931250.0,45.3628
2931875.0,48.0069
2932500.0,47.5514
2933125.0,43.2620
2933750.0,33.9447
2934375.0,37.7857
2935000.0,35.4917
2935625.0,37.5588
2936250.0,38.4447
2936875.0,34.6487
2937500.0,34.3887
2938125.0,40.0977
2938750.0,37.6504
2939375.0,36.2244
2940000.0,35.2722
2940625.0,36.0557
2941250.0,34.7974
2941875.0,38.6343
2942500.0,35.5630
2943125.0,39.0230
2943750.0,36.2588
2944375.0,54.9743
2945000.0,56.7637
2945625.0,50.3899
2946250.0,57.6498
2946875.0,57.5067
2947500.0,60.3918
2948125.0,52.5297
2948750.0,61.3694
2949375.0,60.3797
2950000.0,61.6309
2950625.0,57.8471
2951250.0,60.9403
2951875.0,53.7334
2952500.0,60.0678
2953125.0,55.7636
2953750.0,53.2109
2954375.0,54.7400
2955000.0,58.0160
2955625.0,55.6095
2956250.0,59.0906
2956875.0,52.7561
2957500.0,51.8314
2958125.0,240.4394
2958750.0,235.1678
2959375.0,213.1954
2960000.0,224.9663
2960625.0,236.4695
2961250.0,229.7160
2961875.0,226.6675
2962500.0,237.3205
2963125.0,45.2828
2963750.0,47.0733
2964375.0,46.9581
2965000.0,46.3590
2965625.0,46.0840
2966250.0,47.1712
2966875.0,47.0809
2967500.0,44.5362
2968125.0,48.8842
2968750.0,44.7055
2969375.0,46.4872
2970000.0,46.3061
2970625.0,47.8415
2971250.0,42.0201
2971875.0,49.0936
2972500.0,45.4091
2973125.0,49.8669
2973750.0,45.8763
2974375.0,46.8852
2975000.0,51.4974
2975625.0,46.3483
2976250.0,49.9113
2976875.0,37.0722
2977500.0,37.7685
2978125.0,37.1294
2978750.0,38.5685
2979375.0,35.7318
2980000.0,35.1795
2980625.0,35.8186
2981250.0,37.1845
2981875.0,36.5915
2982500.0,38.3140
2983125.0,39.4138
2983750.0,35.1947
2984375.0,35.6422
2985000.0,34.3430
2985625.0,40.7562
2986250.0,37.5636
2986875.0,37.8876
2987500.0,34.5206
2988125.0,36.9978
2988750.0,37.9421
2989375.0,36.5324
2990000.0,38.9901
2990625.0,41.2769
2991250.0,35.2479
2991875.0,35.1091
2992500.0,55.4545
2993125.0,62.6580
2993750.0,61.0228
2994375.0,57.6070
2995000.0,58.1060
2995625.0,55.6320
2996250.0,60.5811
2996875.0,56.8983
2997500.0,57.2458
2998125.0,59.7655
2998750.0,57.4548
2999375.0,57.3186
3000000.0,58.0307
3000625.0,60.3065
3001250.0,62.7748
3001875.0,59.6979
3002500.0,60.3296
3003125.0,57.4204
3003750.0,55.9474
3004375.0,59.8966
3005000.0,58.4966
3005625.0,53.8744
3006250.0,228.1944
3006875.0,231.0384
3007500.0,226.0787
3008125.0,249.1881
3008750.0,237.5661
3009375.0,247.9288
3010000.0,235.0557
3010625.0,232.9441
3011250.0,44.7990
3011875.0,47.0280
3012500.0,47.0307
3013125.0,43.7873
3013750.0,45.7321
3014375.0,46.2403
3015000.0,47.9717
3015625.0,48.0842
3016250.0,45.6339
3016875.0,48.1018
3017500.0,46.5721
3018125.0,40.2564
3018750.0,45.8610
3019375.0,49.5356
3020000.0,43.0478
3020625.0,47.2648
3021250.0,50.7254
3021875.0,45.2126
3022500.0,47.0051
3023125.0,43.9356
3023750.0,50.8240
3024375.0,46.8042
3025000.0,37.0863
3025625.0,39.5055
3026250.0,38.2237
3026875.0,35.3801
3027500.0,35.8025
3028125.0,37.9156
3028750.0,35.8454
3029375.0,33.0831
3030000.0,36.9015
3030625.0,34.2616
3031250.0,39.9901
3031875.0,37.3271
3032500.0,35.3254
3033125.0,35.7075
3033750.0,33.5046
3034375.0,34.9660
3035000.0,38.8802
3035625.0,64.4722
3036250.0,60.1065
3036875.0,57.7331
3037500.0,56.7473
3038125.0,55.2262
3038750.0,63.9733
3039375.0,57.4526
3040000.0,64.1353
3040625.0,62.0412
3041250.0,52.9517
3041875.0,56.0687
3042500.0,56.0598
3043125.0,57.7684
3043750.0,57.8251
3044375.0,66.6891
3045000.0,54.8760
3045625.0,58.6640
3046250.0,59.7879
3046875.0,57.9954
3047500.0,58.3195
3048125.0,54.9701
3048750.0,58.3088
3049375.0,237.9322
3050000.0,235.8002
3050625.0,238.6143
3051250.0,248.3863
3051875.0,242.8688
3052500.0,232.8270
3053125.0,218.4076
3053750.0,225.0399
3054375.0,46.4839
3055000.0,47.5930
3055625.0,45.8759
3056250.0,44.8010
3056875.0,44.2077
3057500.0,43.1197
3058125.0,46.4479
3058750.0,43.5463
3059375.0,44.6488
3060000.0,46.0743
3060625.0,43.8606
3061250.0,47.8924
3061875.0,48.7395
3062500.0,45.7088
3063125.0,45.9730
3063750.0,48.2630
3064375.0,45.3221
3065000.0,45.1606
3065625.0,49.8118
3066250.0,49.0778
3066875.0,48.4136
3067500.0,49.1753
3068125.0,33.3420
3068750.0,39.5046
3069375.0,37.7253
3070000.0,38.8699
3070625.0,37.7162
3071250.0,37.0905
3071875.0,36.4907
3072500.0,37.6792
3073125.0,36.4233
3073750.0,38.6056
3074375.0,34.0651
3075000.0,35.9981
3075625.0,40.7829
3076250.0,35.8418
3076875.0,36.5584
3077500.0,35.3672
3078125.0,58.9740
3078750.0,55.8648
3079375.0,57.4617
3080000.0,60.4617
3080625.0,55.9736
3081250.0,60.2870
3081875.0,60.3845
3082500.0,61.0594
3083125.0,58.4076
3083750.0,67.3997
3084375.0,61.0581
3085000.0,58.9421
3085625.0,55.4598
3086250.0,57.7185
3086875.0,62.1363
3087500.0,62.9577
3088125.0,62.2872
3088750.0,60.2771
3089375.0,54.3586
3090000.0,59.4128
3090625.0,54.3999
3091250.0,53.6863
3091875.0,227.6905
3092500.0,230.8860
3093125.0,235.1630
3093750.0,230.5928
3094375.0,230.9803
3095000.0,213.9227
3095625.0,223.8190
3096250.0,208.0449
3096875.0,42.2921
3097500.0,48.7405
3098125.0,45.2302
3098750.0,49.0504
3099375.0,49.6046
3100000.0,45.5446
3100625.0,48.3872
3101250.0,45.4463
3101875.0,42.6622
3102500.0,47.2898
3103125.0,45.8934
3103750.0,45.9658
3104375.0,51.6421
3105000.0,43.4142
3105625.0,47.8997
3106250.0,44.6622
3106875.0,49.1344
3107500.0,47.7013
3108125.0,47.8915
3108750.0,44.7795
3109375.0,45.2009
3110000.0,49.1790
3110625.0,40.2760
3111250.0,37.8886
3111875.0,35.3398
3112500.0,37.6270
3113125.0,41.4908
3113750.0,37.1895
3114375.0,39.7044
3115000.0,35.6304
3115625.0,36.9221
3116250.0,38.1462
3116875.0,37.7351
3117500.0,35.5822
3118125.0,35.5024
3118750.0,38.8283
3119375.0,39.2044
3120000.0,39.7975
3120625.0,40.3373
3121250.0,37.2490
3121875.0,36.4243
3122500.0,39.4993
3123125.0,38.3192
3123750.0,35.1825
3124375.0,35.0878
3125000.0,37.9101
3125625.0,36.6720
3126250.0,36.9511
3126875.0,38.9842
3127500.0,38.4042
3128125.0,39.4603
3128750.0,33.4267
3129375.0,37.4688
3130000.0,38.2852
3130625.0,34.1758
3131250.0,35.7884
3131875.0,35.4451
3132500.0,37.0401
3133125.0,40.0115
3133750.0,40.7418
3134375.0,55.6386
3135000.0,59.5270
3135625.0,59.6205
3136250.0,59.1241
3136875.0,59.1570
3137500.0,58.8809
3138125.0,62.8940
3138750.0,61.1972
3139375.0,54.9256
3140000.0,60.3076
3140625.0,60.5879
3141250.0,58.9134
3141875.0,61.2811
3142500.0,58.5454
3143125.0,58.5814
3143750.0,58.3516
3144375.0,52.1471
3145000.0,57.7668
3145625.0,56.0621
3146250.0,54.5593
3146875.0,62.1587
3147500.0,59.4622
3148125.0,224.6644
3148750.0,218.6460
3149375.0,228.3319
3150000.0,236.1537
3150625.0,215.6966
3151250.0,224.9457
3151875.0,234.7657
3152500.0,203.2200
3153125.0,46.8647
3153750.0,45.9912
3154375.0,46.6855
3155000.0,45.8212
3155625.0,47.3234
3156250.0,51.5205
3156875.0,46.2388
3157500.0,47.6855
3158125.0,51.6877
3158750.0,45.7075
3159375.0,51.2645
3160000.0,47.0125
3160625.0,51.1875
3161250.0,48.7630
3161875.0,47.7217
3162500.0,46.8458
3163125.0,45.5335
3163750.0,47.1781
3164375.0,49.1088
3165000.0,46.9692
3165625.0,46.2559
3166250.0,46.4107
3166875.0,38.8361
3167500.0,39.2665
3168125.0,35.7658
3168750.0,35.7631
3169375.0,37.7018
3170000.0,39.8259
3170625.0,39.1201
3171250.0,34.6841
3171875.0,36.5115
3172500.0,35.2784
3173125.0,36.5051
3173750.0,39.9682
3174375.0,34.3682
3175000.0,34.0051
3175625.0,35.4672
3176250.0,37.5315
3176875.0,38.1484
3177500.0,37.8093
3178125.0,39.1750
3178750.0,33.7383
3179375.0,61.4462
3180000.0,57.0949
3180625.0,60.1213
3181250.0,54.1621
3181875.0,58.0144
3182500.0,58.6852
3183125.0,61.3517
3183750.0,53.4028
3184375.0,58.0892
3185000.0,54.8528
3185625.0,59.4659
3186250.0,60.2539
3186875.0,61.7328
3187500.0,56.4484
3188125.0,60.6890
3188750.0,61.9466
3189375.0,53.2346
3190000.0,59.7758
3190625.0,60.7797
3191250.0,57.2497
3191875.0,54.4888
3192500.0,60.7346
3193125.0,211.5055
3193750.0,222.9935
3194375.0,224.5486
3195000.0,233.0498
3195625.0,217.9504
3196250.0,217.2984
3196875.0,226.1128
3197500.0,236.3219
3198125.0,52.3755
3198750.0,43.4574
3199375.0,47.7411
3200000.0,44.4466
3200625.0,49.3942
3201250.0,44.7944
3201875.0,45.4146
3202500.0,45.6152
3203125.0,46.8209
3203750.0,47.7595
3204375.0,48.1367
3205000.0,46.9864
3205625.0,43.8748
3206250.0,48.7103
3206875.0,46.8755
3207500.0,49.7301
3208125.0,45.3368
3208750.0,43.2347
3209375.0,46.9200
3210000.0,50.0455
3210625.0,47.3782
3211250.0,46.5308
3211875.0,35.3899
3212500.0,40.2519
3213125.0,35.0952
3213750.0,35.6580
3214375.0,38.0546
3215000.0,33.5664
3215625.0,39.3580
3216250.0,38.1548
3216875.0,38.6636
3217500.0,38.0325
3218125.0,36.7019
3218750.0,35.0332
3219375.0,36.7409
3220000.0,55.1718
3220625.0,59.4099
3221250.0,60.3397
3221875.0,62.2827
3222500.0,59.0781
3223125.0,60.6813
3223750.0,57.1383
3224375.0,56.6130
3225000.0,59.3736
3225625.0,56.8792
3226250.0,58.7806
3226875.0,54.9225
3227500.0,55.4433
3228125.0,59.8427
3228750.0,60.5714
3229375.0,55.1416
3230000.0,59.9448
3230625.0,56.4551
3231250.0,58.0479
3231875.0,62.1091
3232500.0,60.3417
3233125.0,60.3080
3233750.0,246.4739
3234375.0,217.0814
3235000.0,213.9089
3235625.0,216.8761
3236250.0,222.1369
3236875.0,198.5113
3237500.0,222.6664
3238125.0,218.8736
3238750.0,48.8418
3239375.0,47.8282
3240000.0,45.5884
3240625.0,48.3864
3241250.0,48.6997
3241875.0,45.1939
3242500.0,45.8414
3243125.0,41.7704
3243750.0,44.4369
3244375.0,45.2552
3245000.0,47.1743
3245625.0,44.7784
3246250.0,45.7934
3246875.0,44.1205
3247500.0,47.4021
3248125.0,48.0004
3248750.0,47.9456
3249375.0,47.0290
3250000.0,43.3785
3250625.0,45.5431
3251250.0,46.0428
3251875.0,46.0523
3252500.0,37.1387
3253125.0,39.6373
3253750.0,38.5024
3254375.0,35.1731
3255000.0,38.2550
3255625.0,38.1846
3256250.0,35.5088
3256875.0,38.5704
3257500.0,36.7033
3258125.0,34.3916
3258750.0,37.8421
3259375.0,37.4014
3260000.0,36.5788
3260625.0,57.8914
3261250.0,55.9147
3261875.0,59.7694
3262500.0,57.8740
3263125.0,58.4827
3263750.0,59.0357
3264375.0,54.6517
3265000.0,55.4066
3265625.0,51.5912
3266250.0,59.6378
3266875.0,54.4846
3267500.0,58.3845
3268125.0,59.0759
3268750.0,59.7468
3269375.0,54.5084
3270000.0,57.8110
3270625.0,62.8438
3271250.0,62.9715
3271875.0,60.8632
3272500.0,58.9787
3273125.0,55.0852
3273750.0,60.0840
3274375.0,223.2223
3275000.0,231.3059
3275625.0,217.8805
3276250.0,223.0545
3276875.0,226.8467
3277500.0,227.7706
3278125.0,230.5544
3278750.0,218.4841
3279375.0,43.8433
3280000.0,50.8182
3280625.0,52.8497
3281250.0,48.0514
3281875.0,43.8886
3282500.0,45.1830
3283125.0,48.1964
3283750.0,50.1516
3284375.0,44.1497
3285000.0,46.7078
3285625.0,47.4604
3286250.0,49.0318
3286875.0,46.1925
3287500.0,43.3250
3288125.0,48.4598
3288750.0,49.6433
3289375.0,46.8059
3290000.0,47.9523
3290625.0,45.8849
3291250.0,45.0124
3291875.0,49.4121
3292500.0,47.9106
3293125.0,37.9072
3293750.0,39.7789
3294375.0,35.0485
3295000.0,35.9788
3295625.0,37.2922
3296250.0,35.9560
3296875.0,38.4488
3297500.0,36.6533
3298125.0,35.1638
3298750.0,37.1217
3299375.0,37.3151
3300000.0,38.7292
3300625.0,37.7273
3301250.0,37.8531
3301875.0,37.5925
3302500.0,36.6518
3303125.0,35.6750
3303750.0,37.5344
3304375.0,36.3837
3305000.0,40.1262
3305625.0,39.4830
3306250.0,38.1708
3306875.0,37.7002
3307500.0,36.8373
3308125.0,34.6669
3308750.0,36.6001
3309375.0,37.1876
3310000.0,37.4245
3310625.0,37.8686
3311250.0,60.6719
3311875.0,55.9928
3312500.0,56.0191
3313125.0,62.2075
3313750.0,60.2358
3314375.0,56.8668
3315000.0,57.6891
3315625.0,57.7021
3316250.0,58.0916
3316875.0,59.3708
3317500.0,65.3515
3318125.0,58.5503
3318750.0,59.9215
3319375.0,53.1092
3320000.0,56.5938
3320625.0,61.5636
3321250.0,59.1667
3321875.0,45.2716
3322500.0,59.9547
3323125.0,63.5627
3323750.0,52.2119
3324375.0,62.4062
3325000.0,199.8453
3325625.0,242.8808
3326250.0,231.8997
3326875.0,204.7403
3327500.0,237.1752
3328125.0,245.3497
3328750.0,236.2211
3329375.0,238.7840
3330000.0,46.0326
3330625.0,42.6257
3331250.0,48.6259
3331875.0,51.1119
3332500.0,49.6545
3333125.0,42.3285
3333750.0,43.4400
3334375.0,45.0120
3335000.0,43.2565
3335625.0,47.1038
3336250.0,47.9245
3336875.0,43.6389
3337500.0,48.8263
3338125.0,48.4126
3338750.0,45.7118
3339375.0,46.5946
3340000.0,42.4180
3340625.0,46.2192
3341250.0,47.0174
3341875.0,47.3966
3342500.0,47.8904
3343125.0,47.5740
3343750.0,36.5110
3344375.0,37.5295
3345000.0,38.8538
3345625.0,36.8233
3346250.0,37.5876
3346875.0,36.6556
3347500.0,56.1244
3348125.0,59.5164
3348750.0,56.3898
3349375.0,59.1198
3350000.0,58.0819
3350625.0,57.1186
3351250.0,57.0484
3351875.0,56.5264
3352500.0,53.2272
3353125.0,59.1104
3353750.0,58.6715
3354375.0,60.4640
3355000.0,56.4588
3355625.0,63.4966
3356250.0,56.8988
3356875.0,55.4622
3357500.0,55.1183
3358125.0,52.9716
3358750.0,62.4446
3359375.0,61.9761
3360000.0,59.7422
3360625.0,55.4013
3361250.0,245.3768
3361875.0,221.0432
3362500.0,221.9735
3363125.0,241.1692
3363750.0,232.4127
3364375.0,249.7624
3365000.0,227.7981
3365625.0,220.5334
3366250.0,45.5623
3366875.0,42.6596
3367500.0,46.3453
3368125.0,49.6898
3368750.0,48.4073
3369375.0,47.0477
3370000.0,44.6619
3370625.0,47.5332
3371250.0,49.3801
3371875.0,48.0122
3372500.0,47.3918
3373125.0,45.1271
3373750.0,49.0379
3374375.0,39.6400
3375000.0,47.8997
3375625.0,53.0403
3376250.0,43.4553
3376875.0,46.4328
3377500.0,46.9814
3378125.0,45.9129
3378750.0,49.4355
3379375.0,48.1103
3380000.0,37.2818
3380625.0,38.4750
3381250.0,37.0310
3381875.0,42.8827
3382500.0,37.2800
3383125.0,37.3613
3383750.0,33.8356
3384375.0,56.4240
3385000.0,61.3274
3385625.0,54.1272
3386250.0,51.7431
3386875.0,58.0937
3387500.0,61.9752
3388125.0,58.1229
3388750.0,57.0252
3389375.0,52.6104
3390000.0,59.3115
3390625.0,59.9177
3391250.0,52.8330
3391875.0,61.2901
3392500.0,60.2205
3393125.0,61.2837
3393750.0,59.6922
3394375.0,59.8957
3395000.0,59.5101
3395625.0,60.5186
3396250.0,52.7256
3396875.0,53.6469
3397500.0,55.8656
3398125.0,223.5395
3398750.0,229.3665
3399375.0,228.6527
3400000.0,237.5674
3400625.0,237.9206
3401250.0,215.1857
3401875.0,227.6840
3402500.0,215.4619
3403125.0,46.5576
3403750.0,47.7562
3404375.0,38.9895
3405000.0,52.6664
3405625.0,48.3311
3406250.0,45.6001
3406875.0,51.5293
3407500.0,46.1835
3408125.0,47.3114
3408750.0,45.8553
3409375.0,50.8822
3410000.0,46.7533
3410625.0,47.3513
3411250.0,49.8289
3411875.0,48.3751
3412500.0,46.8723
3413125.0,49.6094
3413750.0,52.9654
3414375.0,47.7459
3415000.0,47.2744
3415625.0,47.4010
3416250.0,50.0795
3416875.0,35.8915
3417500.0,36.4851
3418125.0,34.1557
3418750.0,34.8098
3419375.0,36.0421
3420000.0,36.8965
3420625.0,40.2728
3421250.0,37.9916
3421875.0,35.3127
3422500.0,35.6532
3423125.0,39.5433
3423750.0,39.0842
3424375.0,37.0521
3425000.0,36.1813
3425625.0,39.0811
3426250.0,35.1623
3426875.0,37.7253
3427500.0,41.2044
3428125.0,37.3799
3428750.0,35.5651
3429375.0,37.7592
3430000.0,36.1305
3430625.0,34.4209
3431250.0,38.2969
3431875.0,39.0680
3432500.0,36.4248
3433125.0,36.3021
3433750.0,35.2211
3434375.0,36.7226
3435000.0,56.3691
3435625.0,55.0680
3436250.0,63.4873
3436875.0,59.3528
3437500.0,59.6599
3438125.0,60.5619
3438750.0,60.2360
3439375.0,56.8020
3440000.0,58.7904
3440625.0,57.2198
3441250.0,59.2715
3441875.0,58.9909
3442500.0,56.8903
3443125.0,54.1450
3443750.0,58.4241
3444375.0,57.4076
3445000.0,52.5179
3445625.0,59.4722
3446250.0,60.7995
3446875.0,65.3322
3447500.0,56.8655
3448125.0,56.4377
3448750.0,212.5190
3449375.0,227.3472
3450000.0,227.2761
3450625.0,215.8729
3451250.0,223.0320
3451875.0,202.7400
3452500.0,235.4217
3453125.0,216.3299
3453750.0,46.9186
3454375.0,43.6473
3455000.0,45.6315
3455625.0,46.3430
3456250.0,46.9735
3456875.0,48.1274
3457500.0,50.3818
3458125.0,48.7219
3458750.0,49.2611
3459375.0,50.3983
3460000.0,48.3388
3460625.0,46.9137
3461250.0,49.3714
3461875.0,49.5216
3462500.0,48.5241
3463125.0,43.5816
3463750.0,45.0226
3464375.0,46.3541
3465000.0,48.8321
3465625.0,46.9498
3466250.0,49.6716
3466875.0,50.0908
3467500.0,39.2185
3468125.0,39.2303
3468750.0,35.0816
3469375.0,37.8929
3470000.0,35.8761
3470625.0,33.9492
3471250.0,36.4682
3471875.0,39.4508
3472500.0,37.8524
3473125.0,40.7329
3473750.0,37.3279
3474375.0,65.0986
3475000.0,58.5148
3475625.0,58.0652
3476250.0,54.2898
3476875.0,61.2206
3477500.0,56.5438
3478125.0,56.1236
3478750.0,61.7156
3479375.0,61.3588
3480000.0,61.2829
3480625.0,56.9496
3481250.0,57.8522
3481875.0,57.8264
3482500.0,60.2693
3483125.0,62.5053
3483750.0,59.0676
3484375.0,63.7272
3485000.0,60.6019
3485625.0,57.3191
3486250.0,60.4033
3486875.0,62.9472
3487500.0,63.7950
3488125.0,238.3525
3488750.0,225.2888
3489375.0,222.5622
3490000.0,231.4808
3490625.0,243.8322
3491250.0,229.8799
3491875.0,230.1135
3492500.0,225.5782
3493125.0,46.2295
3493750.0,46.6190
3494375.0,47.3183
3495000.0,51.0375
3495625.0,46.4367
3496250.0,47.1236
3496875.0,44.9664
3497500.0,48.6841
3498125.0,50.2117
3498750.0,50.8176
3499375.0,47.4779
3500000.0,48.3497
3500625.0,46.6392
3501250.0,48.2408
3501875.0,47.7378
3502500.0,47.1369
3503125.0,47.3237
3503750.0,48.0620
3504375.0,46.3087
3505000.0,46.4301
3505625.0,51.0123
3506250.0,53.3698
3506875.0,34.7719
3507500.0,34.6700
3508125.0,35.2293
3508750.0,36.8089
3509375.0,38.6572
3510000.0,38.0938
3510625.0,37.3183
3511250.0,37.9785
3511875.0,35.7196
3512500.0,36.5484
3513125.0,36.9628
3513750.0,34.0692
3514375.0,34.8516
3515000.0,34.9251
3515625.0,38.4136
3516250.0,37.4539
3516875.0,38.1305
3517500.0,33.5966
3518125.0,34.2554
3518750.0,38.2269
3519375.0,31.8595
3520000.0,39.2656
3520625.0,33.6269
3521250.0,60.4457
3521875.0,55.4231
3522500.0,61.0418
3523125.0,67.3037
3523750.0,51.4078
3524375.0,60.0166
3525000.0,52.7563
3525625.0,59.2376
3526250.0,57.4004
3526875.0,58.3764
3527500.0,55.3561
3528125.0,60.2636
3528750.0,53.7998
3529375.0,61.6007
3530000.0,56.8132
3530625.0,53.9322
3531250.0,62.6253
3531875.0,57.8047
3532500.0,63.5321
3533125.0,61.5419
3533750.0,55.6854
3534375.0,57.7535
3535000.0,226.3617
3535625.0,242.1709
3536250.0,229.9221
3536875.0,226.9833
3537500.0,222.7514
3538125.0,224.4312
3538750.0,239.6767
3539375.0,225.0417
3540000.0,46.0718
3540625.0,45.6734
3541250.0,45.6987
3541875.0,43.7051
3542500.0,45.2366
3543125.0,50.5213
3543750.0,46.5145
3544375.0,48.6554
3545000.0,41.1749
3545625.0,48.3355
3546250.0,46.6208
3546875.0,45.8686
3547500.0,47.4253
3548125.0,45.8348
3548750.0,42.0089
3549375.0,49.1673
3550000.0,47.5711
3550625.0,46.2622
3551250.0,44.7295
3551875.0,43.5458
3552500.0,47.5261
3553125.0,50.7916
3553750.0,37.3759
3554375.0,34.4419
3555000.0,37.4165
3555625.0,36.9013
3556250.0,38.5985
3556875.0,38.1225
3557500.0,31.4762
3558125.0,38.0087
3558750.0,35.1436
3559375.0,34.3698
3560000.0,57.4534
3560625.0,59.1918
3561250.0,53.2419
3561875.0,60.0433
3562500.0,60.2137
3563125.0,58.1362
3563750.0,55.4839
3564375.0,55.1598
3565000.0,60.9752
3565625.0,53.6175
3566250.0,61.0870
3566875.0,57.5209
3567500.0,57.7221
3568125.0,53.0465
3568750.0,57.5745
3569375.0,59.7794
3570000.0,54.1244
3570625.0,59.4460
3571250.0,58.2581
3571875.0,56.1331
3572500.0,60.4786
3573125.0,51.6135
3573750.0,228.9002
3574375.0,243.2186
3575000.0,241.1994
3575625.0,229.3853
3576250.0,221.6061
3576875.0,217.8472
3577500.0,221.5921
3578125.0,231.1178
3578750.0,45.1030
3579375.0,48.7799
3580000.0,52.0129
3580625.0,46.8546
3581250.0,43.8407
3581875.0,43.8398
3582500.0,48.8249
3583125.0,46.8596
3583750.0,49.0606
3584375.0,45.7460
3585000.0,48.9520
3585625.0,46.6280
3586250.0,45.2786
3586875.0,46.0577
3587500.0,44.1869
3588125.0,51.6750
3588750.0,46.7735
3589375.0,48.5146
3590000.0,45.7384
3590625.0,44.5280
3591250.0,46.4504
3591875.0,49.5878
3592500.0,36.0366
3593125.0,35.3895
3593750.0,37.2876
3594375.0,37.9232
3595000.0,40.0393
3595625.0,37.6544
3596250.0,38.1914
3596875.0,38.3307
3597500.0,34.8669
3598125.0,35.2178
3598750.0,34.9948
3599375.0,34.5355
3600000.0,38.4716
3600625.0,37.5366
3601250.0,37.1471
3601875.0,32.2035
3602500.0,40.8026
3603125.0,35.3456
3603750.0,40.7959
3604375.0,34.3189
3605000.0,35.4971
3605625.0,51.6117
3606250.0,59.0502
3606875.0,54.8064
3607500.0,54.8883
3608125.0,54.0197
3608750.0,60.2543
3609375.0,60.0632
3610000.0,63.2549
3610625.0,56.0115
3611250.0,58.6346
3611875.0,54.2609
3612500.0,57.0284
3613125.0,56.4953
3613750.0,59.3469
3614375.0,60.9494
3615000.0,60.8741
3615625.0,55.5558
3616250.0,60.8956
3616875.0,57.8722
3617500.0,57.0587
3618125.0,55.9453
3618750.0,56.3762
3619375.0,244.6010
3620000.0,228.4584
3620625.0,226.9644
3621250.0,222.0497
3621875.0,252.5173
3622500.0,239.6814
3623125.0,216.8881
3623750.0,221.9218
3624375.0,46.4965
3625000.0,47.3428
3625625.0,45.3521
3626250.0,48.0312
3626875.0,50.4124
3627500.0,43.9130
3628125.0,44.3489
3628750.0,45.8646
3629375.0,45.9735
3630000.0,51.6964
3630625.0,49.3540
3631250.0,49.2192
3631875.0,46.3787
3632500.0,46.3272
3633125.0,43.5885
3633750.0,48.8371
3634375.0,48.1540
3635000.0,50.0221
3635625.0,46.5046
3636250.0,46.6668
3636875.0,47.3996
3637500.0,49.0960
3638125.0,34.2801
3638750.0,38.3617
3639375.0,36.9621
3640000.0,35.0415
3640625.0,33.1435
3641250.0,36.7475
3641875.0,39.6783
3642500.0,40.0982
3643125.0,37.6574
3643750.0,40.6297
3644375.0,36.9206
3645000.0,38.7636
3645625.0,36.1652
3646250.0,36.0480
3646875.0,35.7466
3647500.0,33.1880
3648125.0,39.3811
3648750.0,35.8130
3649375.0,35.5173
3650000.0,34.8171
3650625.0,36.6219
3651250.0,40.2625
3651875.0,40.8735
3652500.0,33.9274
3653125.0,36.3443
3653750.0,35.0864
3654375.0,38.8284
3655000.0,37.5302
3655625.0,35.8223
3656250.0,58.2105
3656875.0,56.6155
3657500.0,62.6813
3658125.0,59.5862
3658750.0,59.9425
3659375.0,50.2659
3660000.0,57.8063
3660625.0,64.0413
3661250.0,61.8458
3661875.0,52.6434
3662500.0,57.0911
3663125.0,54.5156
3663750.0,62.9622
3664375.0,58.7084
3665000.0,55.7734
3665625.0,58.0991
3666250.0,50.4386
3666875.0,54.8536
3667500.0,58.1057
3668125.0,60.4525
3668750.0,52.3702
3669375.0,56.8946
3670000.0,236.3590
3670625.0,208.6712
3671250.0,227.5783
3671875.0,225.7422
3672500.0,244.2868
3673125.0,222.4110
3673750.0,223.0695
3674375.0,234.6183
3675000.0,43.8831
3675625.0,46.4809
3676250.0,45.9290
3676875.0,46.6736
3677500.0,48.9938
3678125.0,48.3023
3678750.0,45.2406
3679375.0,47.3212
3680000.0,50.5025
3680625.0,45.0463
3681250.0,47.3411
3681875.0,46.5461
3682500.0,46.8519
3683125.0,43.1680
3683750.0,50.3153
3684375.0,45.1803
3685000.0,49.4113
3685625.0,45.5398
3686250.0,45.5301
3686875.0,49.8508
3687500.0,49.3356
3688125.0,47.4904
3688750.0,38.4081
3689375.0,36.4662
3690000.0,36.9845
3690625.0,35.7760
3691250.0,38.6725
3691875.0,35.7172
3692500.0,39.7475
3693125.0,36.4157
3693750.0,37.0379
3694375.0,60.2003
3695000.0,58.0692
3695625.0,57.1361
3696250.0,57.9129
3696875.0,60.5921
3697500.0,56.0777
3698125.0,57.6339
3698750.0,58.0298
3699375.0,60.5073
3700000.0,57.7104
3700625.0,63.2441
3701250.0,57.5460
3701875.0,57.3107
3702500.0,57.5040
3703125.0,54.1817
3703750.0,54.9935
3704375.0,56.4611
3705000.0,61.2939
3705625.0,57.9039
3706250.0,56.5945
3706875.0,61.5570
3707500.0,62.4984
3708125.0,239.1231
3708750.0,215.4027
3709375.0,219.4285
3710000.0,245.4045
3710625.0,227.7128
3711250.0,221.9892
3711875.0,233.0814
3712500.0,236.3321
3713125.0,45.6571
3713750.0,47.5157
3714375.0,49.1774
3715000.0,44.2733
3715625.0,47.0290
3716250.0,44.3812
3716875.0,44.6886
3717500.0,45.6767
3718125.0,48.1212
3718750.0,46.2432
3719375.0,45.4762
3720000.0,47.1212
3720625.0,44.3046
3721250.0,48.0077
3721875.0,49.6588
3722500.0,46.8139
3723125.0,46.5238
3723750.0,47.8776
3724375.0,42.2331
3725000.0,48.2615
3725625.0,54.2894
3726250.0,46.7117
3726875.0,36.7796
3727500.0,38.3757
3728125.0,40.0439
3728750.0,38.8037
3729375.0,33.0121
3730000.0,38.0423
3730625.0,41.7581
3731250.0,38.1515
3731875.0,34.8640
3732500.0,37.5214
3733125.0,34.6307
3733750.0,39.2807
3734375.0,35.2316
3735000.0,37.1374
3735625.0,35.4131
3736250.0,35.9891
3736875.0,39.7494
3737500.0,37.1914
3738125.0,35.9655
3738750.0,34.8813
3739375.0,33.5374
3740000.0,34.6851
3740625.0,37.2071
3741250.0,38.8134
3741875.0,35.9633
3742500.0,62.5546
3743125.0,55.9192
3743750.0,57.3098
3744375.0,54.8692
3745000.0,60.8732
3745625.0,64.0828
3746250.0,52.8907
3746875.0,56.9961
3747500.0,61.6679
3748125.0,53.8039
3748750.0,59.6434
3749375.0,61.5423
3750000.0,58.2269
3750625.0,59.5958
3751250.0,63.1066
3751875.0,63.6504
3752500.0,57.8203
3753125.0,56.4561
3753750.0,55.3321
3754375.0,60.8332
3755000.0,54.0219
3755625.0,57.2675
3756250.0,233.1912
3756875.0,226.1652
3757500.0,235.2459
3758125.0,261.7484
3758750.0,230.5895
3759375.0,226.9493
3760000.0,243.7778
3760625.0,234.7792
3761250.0,50.3824
3761875.0,47.3870
3762500.0,46.4162
3763125.0,42.8082
3763750.0,43.1936
3764375.0,42.6861
3765000.0,47.8914
3765625.0,43.7987
3766250.0,49.9506
3766875.0,47.0711
3767500.0,46.4262
3768125.0,45.0169
3768750.0,48.4623
3769375.0,45.1094
3770000.0,44.6844
3770625.0,49.7926
3771250.0,47.8334
3771875.0,46.4479
3772500.0,48.5074
3773125.0,47.0210
3773750.0,47.9001
3774375.0,45.0804
3775000.0,40.8302
3775625.0,35.9277
3776250.0,39.8786
3776875.0,36.6506
3777500.0,38.4931
3778125.0,38.3583
3778750.0,39.1217
3779375.0,35.4448
3780000.0,38.9899
3780625.0,40.4159
3781250.0,36.5214
3781875.0,37.0642
3782500.0,36.0316
3783125.0,36.3591
3783750.0,40.1661
3784375.0,35.1422
3785000.0,35.2571
3785625.0,39.9802
3786250.0,38.1554
3786875.0,40.9227
3787500.0,36.1667
3788125.0,37.2336
3788750.0,35.7777
3789375.0,37.2651
3790000.0,33.7179
3790625.0,38.2672
3791250.0,37.5984
3791875.0,36.8935
3792500.0,36.2778
3793125.0,35.3447
3793750.0,38.3463
3794375.0,54.6038
3795000.0,59.4845
3795625.0,64.0159
3796250.0,62.3080
3796875.0,53.6351
3797500.0,56.4435
3798125.0,59.2222
3798750.0,57.7962
3799375.0,53.9417
3800000.0,59.1174
3800625.0,57.9710
3801250.0,63.5515
3801875.0,57.2656
3802500.0,61.3872
3803125.0,54.3254
3803750.0,55.0188
3804375.0,60.0928
3805000.0,61.1428
3805625.0,55.2236
3806250.0,58.0698
3806875.0,53.9934
3807500.0,57.4745
3808125.0,241.7083
3808750.0,226.9545
3809375.0,229.1112
3810000.0,218.8944
3810625.0,224.4790
3811250.0,252.3941
3811875.0,232.8459
3812500.0,220.3732
3813125.0,46.2603
3813750.0,43.2460
3814375.0,44.6167
3815000.0,50.1968
3815625.0,46.6652
3816250.0,51.4432
3816875.0,46.7759
3817500.0,46.9155
3818125.0,48.5061
3818750.0,40.7194
3819375.0,47.4816
3820000.0,46.8849
3820625.0,50.4922
3821250.0,49.2670
3821875.0,44.3358
3822500.0,49.9190
3823125.0,46.3836
3823750.0,44.8745
3824375.0,47.4632
3825000.0,46.5235
3825625.0,50.6154
3826250.0,47.8005
3826875.0,37.3805
3827500.0,38.6662
3828125.0,39.0218
3828750.0,38.4497
3829375.0,39.6260
3830000.0,38.1261
3830625.0,37.3102
3831250.0,39.2925
3831875.0,36.8318
3832500.0,37.0615
3833125.0,40.1849
3833750.0,40.0006
3834375.0,36.9849
3835000.0,36.1609
3835625.0,39.7069
3836250.0,38.4808
3836875.0,37.5838
3837500.0,36.4045
3838125.0,58.9619
3838750.0,57.9370
3839375.0,56.0734
3840000.0,58.3742
3840625.0,58.7697
3841250.0,56.9114
3841875.0,60.6211
3842500.0,61.7376
3843125.0,60.8127
3843750.0,57.1989
3844375.0,60.1919
3845000.0,58.2261
3845625.0,54.4163
3846250.0,59.9509
3846875.0,58.4238
3847500.0,65.5213
3848125.0,62.2261
3848750.0,60.0623
3849375.0,58.7226
3850000.0,58.4748
3850625.0,55.0893
3851250.0,52.9569
3851875.0,215.1837
3852500.0,224.4632
3853125.0,201.3127
3853750.0,218.8764
3854375.0,222.2144
3855000.0,222.5765
3855625.0,217.5556
3856250.0,221.1580
3856875.0,51.0512
3857500.0,48.5560
3858125.0,45.6833
3858750.0,46.8394
3859375.0,46.9335
3860000.0,45.1953
3860625.0,45.1925
3861250.0,49.3747
3861875.0,46.0135
3862500.0,44.4275
3863125.0,46.8986
3863750.0,47.2773
3864375.0,42.3641
3865000.0,46.9042
3865625.0,49.0398
3866250.0,48.0604
3866875.0,52.2400
3867500.0,49.9401
3868125.0,50.4050
3868750.0,53.5802
3869375.0,48.7817
3870000.0,47.3832
3870625.0,38.8014
3871250.0,35.9654
3871875.0,37.1992
3872500.0,35.8017
3873125.0,37.7363
3873750.0,35.7940
3874375.0,35.7292
3875000.0,37.7649
3875625.0,36.7452
3876250.0,33.4341
3876875.0,53.7789
3877500.0,54.6729
3878125.0,55.4394
3878750.0,59.2018
3879375.0,58.6349
3880000.0,61.0893
3880625.0,60.1831
3881250.0,61.1085
3881875.0,59.7643
3882500.0,58.6081
3883125.0,61.1881
3883750.0,60.6663
3884375.0,59.0907
3885000.0,61.6861
3885625.0,51.1972
3886250.0,57.1577
3886875.0,57.1132
3887500.0,61.3428
3888125.0,62.5570
3888750.0,53.7945
3889375.0,62.0924
3890000.0,54.6028
3890625.0,218.7619
3891250.0,229.2823
3891875.0,228.3088
3892500.0,213.9224
3893125.0,239.5386
3893750.0,239.8811
3894375.0,244.2269
3895000.0,226.9719
3895625.0,46.9070
3896250.0,46.9285
3896875.0,50.9668
3897500.0,40.3395
3898125.0,44.7512
3898750.0,47.0130
3899375.0,44.4489
3900000.0,46.3929
3900625.0,46.7037
3901250.0,45.4544
3901875.0,47.1515
3902500.0,48.4762
3903125.0,46.4448
3903750.0,45.9350
3904375.0,46.6105
3905000.0,46.9825
3905625.0,42.9102
3906250.0,48.0847
3906875.0,45.9401
3907500.0,49.9646
3908125.0,48.3890
3908750.0,49.7497
3909375.0,35.1296
3910000.0,36.3129
3910625.0,34.7015
3911250.0,35.6954
3911875.0,39.3164
3912500.0,39.7519
3913125.0,34.8760
3913750.0,36.1522
3914375.0,36.8590
3915000.0,38.0834
3915625.0,33.7444
3916250.0,34.0344
3916875.0,37.9058
3917500.0,33.3943
3918125.0,36.1734
3918750.0,58.4701
3919375.0,59.2054
3920000.0,57.5890
3920625.0,56.9393
3921250.0,60.4493
3921875.0,58.8271
3922500.0,56.1237
3923125.0,58.1094
3923750.0,59.1112
3924375.0,62.9829
3925000.0,60.2803
3925625.0,61.5222
3926250.0,56.2292
3926875.0,56.4799
3927500.0,57.3174
3928125.0,57.5836
3928750.0,55.0767
3929375.0,61.6712
3930000.0,60.5617
3930625.0,57.1135
3931250.0,59.8610
3931875.0,58.6464
3932500.0,240.3500
3933125.0,216.4060
3933750.0,230.3103
3934375.0,231.3268
3935000.0,239.2342
3935625.0,224.7101
3936250.0,203.0008
3936875.0,219.4523
3937500.0,46.8565
3938125.0,47.1501
3938750.0,50.9568
3939375.0,48.3695
3940000.0,47.1916
3940625.0,46.9239
3941250.0,49.5948
3941875.0,45.6132
3942500.0,46.6703
3943125.0,44.4402
3943750.0,50.3344
3944375.0,47.9224
3945000.0,45.3373
3945625.0,46.7310
3946250.0,48.1977
3946875.0,46.4108
3947500.0,45.7440
3948125.0,45.4625
3948750.0,47.7966
3949375.0,46.1586
3950000.0,45.9337
3950625.0,43.8603
3951250.0,37.1436
3951875.0,36.6647
3952500.0,36.4050
3953125.0,37.3677
3953750.0,38.3838
3954375.0,38.2979
3955000.0,38.0225
3955625.0,36.5548
3956250.0,35.9511
3956875.0,35.0688
3957500.0,56.2798
3958125.0,58.0570
3958750.0,55.7198
3959375.0,58.2786
3960000.0,55.2002
3960625.0,53.1831
3961250.0,60.3763
3961875.0,56.6242
3962500.0,55.5726
3963125.0,54.8278
3963750.0,59.2268
3964375.0,61.9872
3965000.0,56.8311
3965625.0,57.3749
3966250.0,61.1077
3966875.0,52.7497
3967500.0,63.7039
3968125.0,65.0879
3968750.0,50.1516
3969375.0,57.7172
3970000.0,55.9151
3970625.0,57.2322
3971250.0,227.1467
3971875.0,241.4164
3972500.0,230.6942
3973125.0,221.4335
3973750.0,230.0027
3974375.0,237.9715
3975000.0,218.2688
3975625.0,212.9037
3976250.0,51.6829
3976875.0,45.4903
3977500.0,46.6772
3978125.0,46.0652
3978750.0,48.2880
3979375.0,51.1661
3980000.0,48.3628
3980625.0,43.4318
3981250.0,43.7473
3981875.0,46.0624
3982500.0,46.3697
3983125.0,42.9534
3983750.0,48.9255
3984375.0,44.4471
3985000.0,50.5093
3985625.0,51.2785
3986250.0,46.4166
3986875.0,48.0316
3987500.0,44.1049
3988125.0,48.4656
3988750.0,45.8292
3989375.0,44.4450
3990000.0,36.4647
3990625.0,36.1384
3991250.0,36.3985
3991875.0,38.7569
3992500.0,35.5472
3993125.0,40.2098
3993750.0,34.5486
3994375.0,39.9885
3995000.0,35.1195
3995625.0,36.9981
3996250.0,36.0931
3996875.0,36.3641
3997500.0,38.4825
3998125.0,39.7747
3998750.0,39.2025
3999375.0,36.2510
4000000.0,37.3409
4000625.0,35.5532
4001250.0,35.1656
4001875.0,34.8793
4002500.0,36.1905
4003125.0,37.4618
4003750.0,33.4631
4004375.0,36.9142
4005000.0,39.8046
4005625.0,61.2535
4006250.0,56.3030
4006875.0,53.9491
4007500.0,59.3335
4008125.0,51.2795
4008750.0,61.2194
4009375.0,57.3806
4010000.0,63.3108
4010625.0,52.9918
4011250.0,60.6626
4011875.0,57.7085
4012500.0,57.0400
4013125.0,54.0275
4013750.0,59.7277
4014375.0,59.9608
4015000.0,63.1769
4015625.0,60.9233
4016250.0,56.2777
4016875.0,55.0888
4017500.0,54.0314
4018125.0,62.2724
4018750.0,55.7433
4019375.0,241.6526
4020000.0,230.9071
4020625.0,228.7114
4021250.0,221.5477
4021875.0,232.4326
4022500.0,224.8260
4023125.0,220.8464
4023750.0,232.8301
4024375.0,46.6617
4025000.0,45.1239
4025625.0,48.4096
4026250.0,46.8496
4026875.0,48.1489
4027500.0,45.9334
4028125.0,44.1586
4028750.0,51.0774
4029375.0,50.6345
4030000.0,49.0769
4030625.0,46.0886
4031250.0,46.2943
4031875.0,50.2485
4032500.0,46.1685
4033125.0,45.5135
4033750.0,51.3998
4034375.0,46.8880
4035000.0,51.1558
4035625.0,43.7138
4036250.0,48.2177
4036875.0,51.8670
4037500.0,47.0699
4038125.0,36.5116
4038750.0,34.8397
4039375.0,39.0023
4040000.0,35.5753
4040625.0,36.8246
4041250.0,34.7162
4041875.0,39.8803
4042500.0,39.1365
4043125.0,36.9416
4043750.0,34.8648
4044375.0,39.8414
4045000.0,36.3230
4045625.0,34.9554
4046250.0,33.7401
4046875.0,35.8050
4047500.0,34.3089
4048125.0,35.8478
4048750.0,38.3772
4049375.0,36.3055
4050000.0,37.6580
4050625.0,35.6618
4051250.0,37.1206
4051875.0,40.5537
4052500.0,36.3553
4053125.0,37.7112
4053750.0,34.1038
4054375.0,39.8122
4055000.0,36.1172
4055625.0,38.9435
4056250.0,36.7721
4056875.0,38.1314
4057500.0,38.2414
4058125.0,36.1630
4058750.0,39.0200
4059375.0,35.5959
4060000.0,38.4392
4060625.0,36.2781
4061250.0,37.6467
4061875.0,36.1453
4062500.0,58.1449
4063125.0,54.8834
4063750.0,58.7179
4064375.0,58.1281
4065000.0,56.4336
4065625.0,57.8404
4066250.0,58.3886
4066875.0,56.2126
4067500.0,57.6266
4068125.0,55.0839
4068750.0,64.8026
4069375.0,61.0714
4070000.0,58.7920
4070625.0,61.3991
4071250.0,52.2602
4071875.0,50.5827
4072500.0,56.8421
4073125.0,54.0022
4073750.0,57.3138
4074375.0,58.5964
4075000.0,60.6692
4075625.0,54.6990
4076250.0,229.4958
4076875.0,225.1619
4077500.0,228.9095
4078125.0,219.1526
4078750.0,240.5603
4079375.0,223.8355
4080000.0,244.9596
4080625.0,216.1081
4081250.0,48.7456
4081875.0,46.8598
4082500.0,46.2298
4083125.0,48.4859
4083750.0,46.2969
4084375.0,40.7444
4085000.0,39.8023
4085625.0,49.9902
4086250.0,49.8911
4086875.0,51.4353
4087500.0,46.9588
4088125.0,43.9623
4088750.0,46.0140
4089375.0,47.0268
4090000.0,44.6335
4090625.0,50.8742
4091250.0,52.2628
4091875.0,48.1240
4092500.0,46.9745
4093125.0,43.9568
4093750.0,50.6341
4094375.0,47.1793
4095000.0,36.4650
4095625.0,37.8902
4096250.0,35.9164
4096875.0,37.2717
4097500.0,34.3314
4098125.0,39.0111
4098750.0,36.8068
4099375.0,39.1438
4100000.0,36.6279
4100625.0,36.7480
4101250.0,34.7572
4101875.0,38.4056
4102500.0,35.3797
4103125.0,36.1001
4103750.0,37.0019
4104375.0,37.2243
4105000.0,33.8437
4105625.0,36.5730
4106250.0,38.4712
4106875.0,36.3001
4107500.0,36.5842
4108125.0,37.3005
4108750.0,36.7670
4109375.0,35.0935
4110000.0,57.8946
4110625.0,60.8828
4111250.0,54.9516
4111875.0,56.9140
4112500.0,53.9933
4113125.0,60.7300
4113750.0,57.7322
4114375.0,55.5344
4115000.0,58.2676
4115625.0,54.5096
4116250.0,55.0029
4116875.0,53.7656
4117500.0,54.9063
4118125.0,61.9363
4118750.0,55.8740
4119375.0,59.3521
4120000.0,55.5747
4120625.0,60.2026
4121250.0,55.0244
4121875.0,58.1138
4122500.0,58.1533
4123125.0,64.7506
4123750.0,232.0923
4124375.0,218.3298
4125000.0,232.7068
4125625.0,249.0545
4126250.0,206.6666
4126875.0,215.5221
4127500.0,222.3349
4128125.0,220.3078
4128750.0,46.2180
4129375.0,43.9351
4130000.0,50.2993
4130625.0,43.6569
4131250.0,46.5295
4131875.0,49.4577
4132500.0,46.9291
4133125.0,44.6984
4133750.0,43.8306
4134375.0,46.4595
4135000.0,45.2210
4135625.0,47.4823
4136250.0,43.7066
4136875.0,48.9106
4137500.0,47.2715
4138125.0,47.4461
4138750.0,50.3865
4139375.0,45.9712
4140000.0,45.2943
4140625.0,45.7128
4141250.0,46.5476
4141875.0,46.7862
4142500.0,35.4632
4143125.0,33.2573
4143750.0,35.9623
4144375.0,37.6657
4145000.0,37.2521
4145625.0,39.2192
4146250.0,40.6177
4146875.0,38.4048
4147500.0,39.5577
4148125.0,38.4185
4148750.0,40.1633
4149375.0,40.4241
4150000.0,38.7597
4150625.0,38.3068
4151250.0,57.4048
4151875.0,57.8801
4152500.0,57.0203
4153125.0,59.8016
4153750.0,55.9110
4154375.0,57.4458
4155000.0,51.1700
4155625.0,62.9970
4156250.0,57.3606
4156875.0,59.3212
4157500.0,62.2276
4158125.0,58.8709
4158750.0,62.1886
4159375.0,54.3990
4160000.0,64.9524
4160625.0,61.1526
4161250.0,58.6067
4161875.0,62.1327
4162500.0,54.6110
4163125.0,57.1630
4163750.0,62.1883
4164375.0,52.5855
4165000.0,231.3051
4165625.0,230.9870
4166250.0,247.1538
4166875.0,207.1918
4167500.0,243.1083
4168125.0,218.7060
4168750.0,219.9711
4169375.0,211.2525
4170000.0,44.4435
4170625.0,47.9483
4171250.0,44.3860
4171875.0,48.7397
4172500.0,45.4420
4173125.0,44.1494
4173750.0,45.7596
4174375.0,47.7913
4175000.0,46.3482
4175625.0,47.0804
4176250.0,48.6361
4176875.0,49.5437
4177500.0,46.2713
4178125.0,44.5461
4178750.0,47.1788
4179375.0,48.1060
4180000.0,43.5673
4180625.0,44.9071
4181250.0,45.3099
4181875.0,46.5116
4182500.0,45.2116
4183125.0,48.6615
4183750.0,34.0305
4184375.0,34.0775
4185000.0,36.3823
4185625.0,36.6750
4186250.0,53.7815
4186875.0,56.2404
4187500.0,56.8370
4188125.0,56.8594
4188750.0,58.4405
4189375.0,56.0814
4190000.0,62.2857
4190625.0,59.4158
4191250.0,55.6594
4191875.0,58.2741
4192500.0,58.3596
4193125.0,61.5227
4193750.0,56.2589
4194375.0,60.2253
4195000.0,58.1214
4195625.0,62.3255
4196250.0,61.7436
4196875.0,58.5712
4197500.0,57.2394
4198125.0,59.4692
4198750.0,57.4767
4199375.0,62.8729
4200000.0,225.8828
4200625.0,220.4365
4201250.0,219.8293
4201875.0,211.3533
4202500.0,231.2613
4203125.0,215.7749
4203750.0,237.3542
4204375.0,210.4545
4205000.0,47.2990
4205625.0,49.7030
4206250.0,41.9422
4206875.0,51.7429
4207500.0,46.0006
4208125.0,47.3316
4208750.0,48.3429
4209375.0,48.7064
4210000.0,47.6436
4210625.0,49.3439
4211250.0,48.2198
4211875.0,51.1381
4212500.0,48.2275
4213125.0,51.6169
4213750.0,49.1175
4214375.0,42.7565
4215000.0,53.1361
4215625.0,45.6503
4216250.0,50.5145
4216875.0,47.0630
4217500.0,49.4936
4218125.0,45.3821
4218750.0,38.1576
4219375.0,36.5316
4220000.0,39.9212
4220625.0,37.8115
4221250.0,38.7315
4221875.0,32.9965
4222500.0,36.8417
4223125.0,37.7595
4223750.0,37.4137
4224375.0,38.7781
4225000.0,36.3231
4225625.0,37.0903
4226250.0,39.1853
4226875.0,32.7844
4227500.0,38.0903
4228125.0,36.3823
4228750.0,35.3122
4229375.0,37.6226
4230000.0,39.2708
4230625.0,38.9224
4231250.0,57.6082
4231875.0,60.5396
4232500.0,60.5174
4233125.0,57.7466
4233750.0,55.9901
4234375.0,56.1578
4235000.0,60.4298
4235625.0,57.8778
4236250.0,54.9661
4236875.0,53.1139
4237500.0,60.4123
4238125.0,56.4143
4238750.0,58.9581
4239375.0,61.5952
4240000.0,54.2041
4240625.0,57.8691
4241250.0,57.5050
4241875.0,59.1013
4242500.0,61.5936
4243125.0,54.1446
4243750.0,59.6524
4244375.0,60.9914
4245000.0,229.8380
4245625.0,230.4056
4246250.0,236.8540
4246875.0,235.9999
4247500.0,238.7553
4248125.0,238.5109
4248750.0,220.6091
4249375.0,243.4871
4250000.0,49.7419
4250625.0,47.4373
4251250.0,43.4887
4251875.0,46.7303
4252500.0,47.4569
4253125.0,44.3102
4253750.0,46.1537
4254375.0,43.6880
4255000.0,48.4271
4255625.0,47.3900
4256250.0,43.1324
4256875.0,47.8259
4257500.0,46.8672
4258125.0,48.2136
4258750.0,46.0799
4259375.0,45.1165
4260000.0,45.1885
4260625.0,45.7353
4261250.0,47.0442
4261875.0,47.3477
4262500.0,46.5518
4263125.0,46.0052
4263750.0,36.3499
4264375.0,41.6393
4265000.0,35.5742
4265625.0,35.9678
4266250.0,43.0936
4266875.0,37.7789
4267500.0,34.4470
4268125.0,38.5590
4268750.0,35.3164
4269375.0,38.6818
4270000.0,36.6097
4270625.0,36.1864
4271250.0,39.9770
4271875.0,38.0478
4272500.0,38.8000
4273125.0,37.8046
4273750.0,36.1778
4274375.0,38.1310
4275000.0,39.2370
4275625.0,37.2493
4276250.0,40.3330
4276875.0,38.5734
4277500.0,37.3922
4278125.0,37.4653
4278750.0,37.2539
4279375.0,34.6852
4280000.0,36.8334
4280625.0,37.4092
4281250.0,36.2302
4281875.0,37.6247
4282500.0,37.0394
4283125.0,38.4313
4283750.0,59.9230
4284375.0,58.4847
4285000.0,54.0351
4285625.0,63.1931
4286250.0,57.5885
4286875.0,57.7654
4287500.0,57.0067
4288125.0,56.5836
4288750.0,62.4778
4289375.0,62.0195
4290000.0,59.2887
4290625.0,57.6882
4291250.0,59.7954
4291875.0,58.2140
4292500.0,57.4484
4293125.0,58.9805
4293750.0,56.7206
4294375.0,58.7316
4295000.0,58.5922
4295625.0,59.7485
4296250.0,56.2045
4296875.0,60.0594
4297500.0,214.8040
4298125.0,218.5586
4298750.0,219.0496
4299375.0,212.9394
4300000.0,236.4262
4300625.0,214.0982
4301250.0,217.1372
4301875.0,239.1233
4302500.0,45.6591
4303125.0,46.5579
4303750.0,44.6217
4304375.0,48.9574
4305000.0,48.9898
4305625.0,48.7365
4306250.0,48.2632
4306875.0,47.1729
4307500.0,45.7677
4308125.0,45.0848
4308750.0,50.0313
4309375.0,48.7973
4310000.0,45.3707
4310625.0,47.0936
4311250.0,46.2947
4311875.0,44.3487
4312500.0,47.4175
4313125.0,46.0236
4313750.0,44.7615
4314375.0,43.5240
4315000.0,43.3251
4315625.0,46.1271
4316250.0,36.8426
4316875.0,35.3807
4317500.0,38.2039
4318125.0,36.8787
4318750.0,38.0672
4319375.0,36.6616
4320000.0,35.5438
4320625.0,37.2111
4321250.0,34.6641
4321875.0,37.9980
4322500.0,35.2663
4323125.0,38.6987
4323750.0,36.3739
4324375.0,38.9657
4325000.0,34.9231
4325625.0,35.7461
4326250.0,37.7047
4326875.0,39.1654
4327500.0,40.0832
4328125.0,37.0765
4328750.0,40.3998
4329375.0,36.4641
4330000.0,39.0327
4330625.0,35.2570
4331250.0,37.7774
4331875.0,32.6679
4332500.0,34.9251
4333125.0,37.8634
4333750.0,54.1939
4334375.0,59.2382
4335000.0,60.6287
4335625.0,56.5462
4336250.0,55.1900
4336875.0,56.6249
4337500.0,55.1991
4338125.0,57.7065
4338750.0,58.2961
4339375.0,57.1126
4340000.0,62.8556
4340625.0,55.9137
4341250.0,62.0352
4341875.0,54.9804
4342500.0,58.2111
4343125.0,61.4310
4343750.0,61.2809
4344375.0,56.7813
4345000.0,59.6097
4345625.0,59.2214
4346250.0,56.4342
4346875.0,59.7863
4347500.0,245.9530
4348125.0,230.3066
4348750.0,231.3715
4349375.0,232.5617
4350000.0,208.5640
4350625.0,230.1775
4351250.0,213.5615
4351875.0,218.3638
4352500.0,52.0806
4353125.0,46.4048
4353750.0,45.2606
4354375.0,49.7086
4355000.0,44.7730
4355625.0,45.9486
4356250.0,49.9353
4356875.0,47.1005
4357500.0,43.3302
4358125.0,48.2784
4358750.0,46.0683
4359375.0,50.6187
4360000.0,45.5755
4360625.0,49.4704
4361250.0,51.1729
4361875.0,45.0003
4362500.0,46.5459
4363125.0,47.9133
4363750.0,44.9852
4364375.0,47.6352
4365000.0,46.4714
4365625.0,46.4241
4366250.0,37.0905
4366875.0,37.1318
4367500.0,37.3032
4368125.0,35.8922
4368750.0,35.9729
4369375.0,36.7806
4370000.0,36.9172
4370625.0,36.1881
4371250.0,37.5993
4371875.0,33.6427
4372500.0,35.6486
4373125.0,36.4821
4373750.0,35.4162
4374375.0,40.0140
4375000.0,37.0349
4375625.0,37.3270
4376250.0,36.1060
4376875.0,36.9708
4377500.0,34.7518
4378125.0,36.6858
4378750.0,35.2665
4379375.0,57.1955
4380000.0,50.5762
4380625.0,54.7288
4381250.0,62.2454
4381875.0,60.4082
4382500.0,61.8252
4383125.0,62.0244
4383750.0,59.9517
4384375.0,56.6867
4385000.0,54.9920
4385625.0,61.3256
4386250.0,58.1872
4386875.0,65.2327
4387500.0,56.9412
4388125.0,63.7214
4388750.0,57.5453
4389375.0,61.8745
4390000.0,62.9204
4390625.0,55.0334
4391250.0,56.5935
4391875.0,55.0044
4392500.0,54.4332
4393125.0,232.5045
4393750.0,222.7879
4394375.0,225.5891
4395000.0,231.2577
4395625.0,204.1044
4396250.0,239.4761
4396875.0,221.0727
4397500.0,230.9895
4398125.0,48.4587
4398750.0,50.2214
4399375.0,46.7536
4400000.0,42.0095
4400625.0,47.1342
4401250.0,47.4717
4401875.0,44.5695
4402500.0,47.3466
4403125.0,46.1516
4403750.0,43.8445
4404375.0,48.5780
4405000.0,45.6752
4405625.0,46.0450
4406250.0,45.9129
4406875.0,49.9034
4407500.0,46.9038
4408125.0,47.1859
4408750.0,45.9645
4409375.0,48.0877
4410000.0,50.1709
4410625.0,48.5225
4411250.0,48.6141
4411875.0,38.1215
4412500.0,34.4466
4413125.0,35.3792
4413750.0,36.6208
4414375.0,35.6572
4415000.0,35.0306
4415625.0,33.5365
4416250.0,34.5089
4416875.0,36.5254
4417500.0,36.8716
4418125.0,35.5329
4418750.0,37.1460
4419375.0,36.1974
4420000.0,39.0176
4420625.0,36.7010
4421250.0,38.2882
4421875.0,37.3759
4422500.0,34.4062
4423125.0,36.8323
4423750.0,34.7141
4424375.0,36.8000
4425000.0,35.6215
4425625.0,37.7066
4426250.0,54.1072
4426875.0,58.0426
4427500.0,59.6600
4428125.0,60.6320
4428750.0,55.7839
4429375.0,58.0515
4430000.0,58.5340
4430625.0,62.4867
4431250.0,53.7041
4431875.0,55.3578
4432500.0,66.1329
4433125.0,57.2080
4433750.0,52.5161
4434375.0,56.3106
4435000.0,49.9703
4435625.0,58.6987
4436250.0,60.3484
4436875.0,55.3562
4437500.0,56.6349
4438125.0,60.6786
4438750.0,52.9244
4439375.0,54.1674
4440000.0,229.3539
4440625.0,223.2729
4441250.0,228.5911
4441875.0,217.3405
4442500.0,234.4860
4443125.0,230.2689
4443750.0,238.3706
4444375.0,234.3246
4445000.0,47.4857
4445625.0,43.6012
4446250.0,48.1576
4446875.0,46.2225
4447500.0,46.6085
4448125.0,49.4634
4448750.0,45.3093
4449375.0,50.1753
4450000.0,50.3945
4450625.0,48.7690
4451250.0,44.6955
4451875.0,41.8622
4452500.0,49.5353
4453125.0,47.2618
4453750.0,45.2488
4454375.0,49.7579
4455000.0,44.9753
4455625.0,46.0032
4456250.0,48.2335
4456875.0,44.3830
4457500.0,46.7427
4458125.0,49.5595
4458750.0,37.3906
4459375.0,39.3077
4460000.0,39.0972
4460625.0,37.0143
4461250.0,32.6770
4461875.0,34.9543
4462500.0,38.4122
4463125.0,34.1320
4463750.0,36.3956
4464375.0,37.6262
4465000.0,39.7187
4465625.0,35.9362
4466250.0,35.8095
4466875.0,36.9030
4467500.0,37.6492
4468125.0,36.7146
4468750.0,38.9411
4469375.0,35.5216
4470000.0,37.2223
4470625.0,37.8236
4471250.0,36.2596
4471875.0,60.4352
4472500.0,58.4320
4473125.0,60.2877
4473750.0,58.5629
4474375.0,59.0916
4475000.0,56.1661
4475625.0,56.1708
4476250.0,61.5507
4476875.0,59.8430
4477500.0,55.0334
4478125.0,58.5245
4478750.0,51.1160
4479375.0,56.3356
4480000.0,60.7870
4480625.0,57.6371
4481250.0,58.3419
4481875.0,49.2525
4482500.0,56.8625
4483125.0,58.9810
4483750.0,59.3493
4484375.0,60.7908
4485000.0,57.3903
4485625.0,223.1364
4486250.0,210.0137
4486875.0,222.6991
4487500.0,210.8073
4488125.0,204.2115
4488750.0,212.7917
4489375.0,241.9727
4490000.0,221.9562
4490625.0,47.5167
4491250.0,45.7933
4491875.0,42.7922
4492500.0,49.1999
4493125.0,41.8953
4493750.0,45.6962
4494375.0,46.8717
4495000.0,47.5417
4495625.0,45.2928
4496250.0,42.6808
4496875.0,45.1174
4497500.0,45.2404
4498125.0,45.1832
4498750.0,49.2796
4499375.0,44.1480
4500000.0,47.7073
4500625.0,47.3720
4501250.0,49.2571
4501875.0,46.6871
4502500.0,48.8592
4503125.0,46.5953
4503750.0,48.0208
4504375.0,34.2196
4505000.0,32.1192
4505625.0,37.6985
4506250.0,37.7977
4506875.0,37.8797
4507500.0,36.0289
4508125.0,39.7560
4508750.0,36.1492
4509375.0,37.7786
4510000.0,38.1001
4510625.0,40.1797
4511250.0,36.4135
4511875.0,35.7916
4512500.0,34.2284
4513125.0,39.8719
4513750.0,37.7796
4514375.0,37.8382
4515000.0,42.7659
4515625.0,37.6013
4516250.0,34.5907
4516875.0,36.6376
4517500.0,35.1967
4518125.0,36.2676
4518750.0,56.8325
4519375.0,56.2976
4520000.0,53.9595
4520625.0,62.6183
4521250.0,58.8667
4521875.0,57.3461
4522500.0,60.1971
4523125.0,59.3661
4523750.0,58.7995
4524375.0,59.9865
4525000.0,58.3884
4525625.0,59.9436
4526250.0,60.1840
4526875.0,58.4719
4527500.0,57.3609
4528125.0,62.4382
4528750.0,56.6141
4529375.0,59.1348
4530000.0,59.2003
4530625.0,56.2323
4531250.0,55.6573
4531875.0,56.9738
4532500.0,219.4626
4533125.0,208.5960
4533750.0,217.6707
4534375.0,227.9950
4535000.0,239.2419
4535625.0,231.2369
4536250.0,195.7552
4536875.0,232.2147
4537500.0,45.6883
4538125.0,48.0647
4538750.0,46.9668
4539375.0,46.5472
4540000.0,46.7597
4540625.0,46.9473
4541250.0,50.1594
4541875.0,46.9538
4542500.0,49.5510
4543125.0,49.2088
4543750.0,48.5676
4544375.0,42.8014
4545000.0,49.6241
4545625.0,45.9239
4546250.0,48.6820
4546875.0,44.7145
4547500.0,44.2151
4548125.0,51.6445
4548750.0,44.7511
4549375.0,49.6934
4550000.0,47.2783
4550625.0,46.0127
4551250.0,36.9171
4551875.0,34.5930
4552500.0,36.9746
4553125.0,34.9969
4553750.0,36.2684
4554375.0,38.7118
4555000.0,37.4703
4555625.0,34.2580
4556250.0,38.5753
4556875.0,36.9869
4557500.0,35.9970
4558125.0,38.3814
4558750.0,36.6907
4559375.0,34.8435
4560000.0,40.4184
4560625.0,36.9680
4561250.0,36.8494
4561875.0,36.2506
4562500.0,39.1829
4563125.0,36.0290
4563750.0,34.1418
4564375.0,35.7444
4565000.0,61.8476
4565625.0,60.4132
4566250.0,57.2605
4566875.0,61.9824
4567500.0,60.1690
4568125.0,57.2269
4568750.0,57.5189
4569375.0,58.9550
4570000.0,55.5875
4570625.0,58.0131
4571250.0,58.8947
4571875.0,53.1078
4572500.0,57.4510
4573125.0,57.1211
4573750.0,60.9814
4574375.0,52.6510
4575000.0,56.8936
4575625.0,56.6029
4576250.0,60.7842
4576875.0,57.8737
4577500.0,63.2087
4578125.0,59.9204
4578750.0,227.2414
4579375.0,234.7800
4580000.0,227.8928
4580625.0,241.9690
4581250.0,216.5465
4581875.0,222.4451
4582500.0,237.2860
4583125.0,246.2188
4583750.0,41.8254
4584375.0,50.2300
4585000.0,46.6707
4585625.0,42.5729
4586250.0,39.9459
4586875.0,43.4059
4587500.0,46.9537
4588125.0,46.8451
4588750.0,48.4880
4589375.0,45.7087
4590000.0,44.3961
4590625.0,46.0292
4591250.0,47.0790
4591875.0,47.5423
4592500.0,45.1455
4593125.0,49.1184
4593750.0,45.5397
4594375.0,44.9562
4595000.0,45.7254
4595625.0,49.5259
4596250.0,46.6879
4596875.0,45.3679
4597500.0,38.7133
4598125.0,40.9641
4598750.0,37.3879
4599375.0,39.2826
4600000.0,38.9167
4600625.0,35.8796
4601250.0,37.0493
4601875.0,34.6273
4602500.0,36.6209
4603125.0,35.8415
4603750.0,36.2547
4604375.0,35.6127
4605000.0,36.4689
4605625.0,37.9846
4606250.0,36.7789
4606875.0,33.5509
4607500.0,35.6197
4608125.0,53.5937
4608750.0,58.7078
4609375.0,59.4596
4610000.0,58.7440
4610625.0,55.7165
4611250.0,58.7159
4611875.0,56.6367
4612500.0,54.6991
4613125.0,60.1516
4613750.0,60.3723
4614375.0,60.7518
4615000.0,56.2358
4615625.0,61.4202
4616250.0,56.5686
4616875.0,59.8952
4617500.0,56.5184
4618125.0,57.3505
4618750.0,50.9786
4619375.0,57.1245
4620000.0,58.2642
4620625.0,56.8109
4621250.0,63.0929
4621875.0,211.9223
4622500.0,218.6597
4623125.0,214.8202
4623750.0,218.6575
4624375.0,236.6034
4625000.0,241.6279
4625625.0,217.1161
4626250.0,216.8662
4626875.0,44.2807
4627500.0,50.0698
4628125.0,49.6344
4628750.0,46.7509
4629375.0,43.7192
4630000.0,43.9293
4630625.0,47.4010
4631250.0,48.2909
4631875.0,42.1446
4632500.0,46.2449
4633125.0,50.8030
4633750.0,46.4889
4634375.0,50.5006
4635000.0,48.5253
4635625.0,44.4519
4636250.0,46.3122
4636875.0,46.6976
4637500.0,44.7616
4638125.0,44.7208
4638750.0,50.5409
4639375.0,44.7032
4640000.0,49.5343
4640625.0,36.1925
4641250.0,36.9526
4641875.0,38.0394
4642500.0,35.8927
4643125.0,38.0506
4643750.0,33.2141
4644375.0,37.8135
4645000.0,32.4332
4645625.0,36.5803
4646250.0,38.5803
4646875.0,38.1512
4647500.0,34.5979
4648125.0,34.8361
4648750.0,35.7260
4649375.0,37.3445
4650000.0,33.2409
4650625.0,36.9755
4651250.0,37.5761
4651875.0,36.4764
4652500.0,37.9718
4653125.0,37.4139
4653750.0,35.9979
4654375.0,33.4180
4655000.0,37.2468
4655625.0,35.2368
4656250.0,35.9301
4656875.0,37.8864
4657500.0,39.6221
4658125.0,36.9296
4658750.0,38.0250
4659375.0,34.3277
4660000.0,37.4542
4660625.0,36.8892
4661250.0,61.5648
4661875.0,56.4327
4662500.0,57.2993
4663125.0,61.0706
4663750.0,57.7331
4664375.0,54.7844
4665000.0,65.3997
4665625.0,54.8721
4666250.0,57.8124
4666875.0,59.0054
4667500.0,58.7761
4668125.0,57.4497
4668750.0,57.4642
4669375.0,57.3187
4670000.0,54.7638
4670625.0,64.2356
4671250.0,57.3620
4671875.0,59.7311
4672500.0,57.0295
4673125.0,56.9712
4673750.0,56.6792
4674375.0,53.5054
4675000.0,230.1368
4675625.0,227.2787
4676250.0,245.5897
4676875.0,218.1183
4677500.0,225.3051
4678125.0,221.5781
4678750.0,248.7334
4679375.0,221.9149
4680000.0,48.3214
4680625.0,49.2799
4681250.0,46.6566
4681875.0,43.7645
4682500.0,43.7942
4683125.0,49.0204
4683750.0,44.0376
4684375.0,47.9213
4685000.0,47.2687
4685625.0,47.8863
4686250.0,48.1082
4686875.0,44.8059
4687500.0,44.7075
4688125.0,48.6801
4688750.0,45.5210
4689375.0,40.5372
4690000.0,48.5246
4690625.0,44.5648
4691250.0,48.0978
4691875.0,50.2731
4692500.0,47.0394
4693125.0,49.3400
4693750.0,37.2845
4694375.0,39.9367
4695000.0,35.0351
4695625.0,36.9848
4696250.0,38.2453
4696875.0,36.6477
4697500.0,39.1316
4698125.0,36.2007
4698750.0,40.8283
4699375.0,40.9261
4700000.0,37.5218
4700625.0,38.0223
4701250.0,39.2046
4701875.0,34.8037
4702500.0,54.1952
4703125.0,61.6436
4703750.0,58.7946
4704375.0,57.3431
4705000.0,58.0323
4705625.0,51.0805
4706250.0,57.4474
4706875.0,55.8162
4707500.0,60.6624
4708125.0,60.8856
4708750.0,59.6724
4709375.0,59.1468
4710000.0,53.6577
4710625.0,59.7129
4711250.0,59.8253
4711875.0,61.6111
4712500.0,64.1428
4713125.0,53.0916
4713750.0,56.8734
4714375.0,55.8474
4715000.0,58.5003
4715625.0,58.0389
4716250.0,229.2846
4716875.0,243.9202
4717500.0,219.2236
4718125.0,219.9230
4718750.0,220.1190
4719375.0,227.8202
4720000.0,217.7484
4720625.0,231.4366
4721250.0,46.6111
4721875.0,45.1517
4722500.0,49.0534
4723125.0,46.8602
4723750.0,49.4972
4724375.0,46.5416
4725000.0,46.9431
4725625.0,45.6775
4726250.0,46.9834
4726875.0,48.6737
4727500.0,46.0334
4728125.0,48.2183
4728750.0,45.0900
4729375.0,48.7838
4730000.0,45.6372
4730625.0,49.0014
4731250.0,47.1433
4731875.0,50.5742
4732500.0,44.2879
4733125.0,43.5310
4733750.0,45.5519
4734375.0,43.7462
4735000.0,34.4419
4735625.0,38.1499
4736250.0,36.9923
4736875.0,36.1126
4737500.0,36.2841
4738125.0,35.8951
4738750.0,40.0532
4739375.0,35.6393
4740000.0,34.5541
4740625.0,38.4727
4741250.0,36.6009
4741875.0,40.7717
4742500.0,36.0265
4743125.0,38.5651
4743750.0,39.0021
4744375.0,36.0355
4745000.0,35.6256
4745625.0,38.3715
4746250.0,38.0636
4746875.0,34.3904
4747500.0,34.9124
4748125.0,32.3076
4748750.0,38.1015
4749375.0,57.2407
4750000.0,57.5298
4750625.0,53.0948
4751250.0,54.8155
4751875.0,56.6139
4752500.0,56.0503
4753125.0,58.3417
4753750.0,59.6921
4754375.0,64.5819
4755000.0,57.9420
4755625.0,61.2347
4756250.0,55.5931
4756875.0,53.1427
4757500.0,56.9783
4758125.0,53.3666
4758750.0,58.0426
4759375.0,55.7367
4760000.0,52.3326
4760625.0,63.0345
4761250.0,56.4411
4761875.0,53.2509
4762500.0,60.6047
4763125.0,216.8031
4763750.0,237.2644
4764375.0,216.7493
4765000.0,218.9149
4765625.0,228.8794
4766250.0,231.6737
4766875.0,233.6454
4767500.0,223.9904
4768125.0,48.2422
4768750.0,48.7522
4769375.0,47.4713
4770000.0,46.6648
4770625.0,43.6036
4771250.0,48.4081
4771875.0,47.0991
4772500.0,46.0280
4773125.0,50.0028
4773750.0,43.6446
4774375.0,50.8635
4775000.0,46.9477
4775625.0,47.7462
4776250.0,46.0716
4776875.0,43.0824
4777500.0,46.6719
4778125.0,47.7867
4778750.0,48.5891
4779375.0,46.5346
4780000.0,41.8475
4780625.0,43.3771
4781250.0,51.8222
4781875.0,34.9788
4782500.0,39.6400
4783125.0,35.2719
4783750.0,36.6625
4784375.0,38.1566
4785000.0,35.4826
4785625.0,39.9456
4786250.0,37.1401
4786875.0,59.3365
4787500.0,57.2239
4788125.0,59.9103
4788750.0,62.5785
4789375.0,57.6193
4790000.0,63.0162
4790625.0,56.2264
4791250.0,60.2159
4791875.0,59.4184
4792500.0,54.9011
4793125.0,58.6200
4793750.0,58.0214
4794375.0,55.5257
4795000.0,59.0382
4795625.0,58.4242
4796250.0,57.7895
4796875.0,57.8011
4797500.0,57.7390
4798125.0,56.9337
4798750.0,58.4055
4799375.0,56.1326
4800000.0,65.7047
4800625.0,209.1450
4801250.0,218.4217
4801875.0,219.3104
4802500.0,247.9556
4803125.0,210.1485
4803750.0,229.7916
4804375.0,227.7944
4805000.0,228.7530
4805625.0,49.9054
4806250.0,49.8572
4806875.0,45.9403
4807500.0,47.4559
4808125.0,42.6194
4808750.0,47.2329
4809375.0,45.1341
4810000.0,46.5620
4810625.0,43.0394
4811250.0,47.9514
4811875.0,43.0131
4812500.0,47.3485
4813125.0,44.1177
4813750.0,45.0033
4814375.0,49.7136
4815000.0,48.3816
4815625.0,49.7006
4816250.0,50.6654
4816875.0,45.1838
4817500.0,50.5226
4818125.0,43.5561
4818750.0,48.7533
4819375.0,36.0873
4820000.0,35.2789
4820625.0,38.1368
4821250.0,38.7482
4821875.0,38.6932
4822500.0,37.3975
4823125.0,37.2441
4823750.0,37.9747
4824375.0,37.5620
4825000.0,38.0015
4825625.0,37.3774
4826250.0,38.5592
4826875.0,33.9897
4827500.0,36.7571
4828125.0,53.9868
4828750.0,58.8024
4829375.0,62.7616
4830000.0,56.6252
4830625.0,58.3690
4831250.0,60.1938
4831875.0,52.0036
4832500.0,56.4859
4833125.0,59.0571
4833750.0,49.5987
4834375.0,55.1673
4835000.0,61.1925
4835625.0,60.9087
4836250.0,59.0855
4836875.0,60.5584
4837500.0,58.6238
4838125.0,59.6106
4838750.0,57.0846
4839375.0,58.3359
4840000.0,56.1661
4840625.0,61.6641
4841250.0,62.4125
4841875.0,240.5240
4842500.0,220.4088
4843125.0,214.2700
4843750.0,239.3660
4844375.0,231.1190
4845000.0,228.6966
4845625.0,217.8716
4846250.0,229.7887
4846875.0,44.4496
4847500.0,48.4900
4848125.0,50.2404
4848750.0,50.8330
4849375.0,48.6650
4850000.0,43.7522
4850625.0,47.4637
4851250.0,52.0283
4851875.0,44.9588
4852500.0,46.8609
4853125.0,50.3218
4853750.0,48.4503
4854375.0,52.8284
4855000.0,45.2778
4855625.0,44.6741
4856250.0,49.8767
4856875.0,44.1897
4857500.0,46.5376
4858125.0,46.8457
4858750.0,49.4346
4859375.0,48.4435
4860000.0,48.0741
4860625.0,36.2555
4861250.0,39.2478
4861875.0,44.4478
4862500.0,38.2789
4863125.0,37.1844
4863750.0,34.5990
4864375.0,35.8207
4865000.0,36.6046
4865625.0,36.0110
4866250.0,36.9703
4866875.0,40.2893
4867500.0,39.3073
4868125.0,36.7062
4868750.0,34.7647
4869375.0,39.4741
4870000.0,36.9092
4870625.0,33.8060
4871250.0,38.3180
4871875.0,38.8975
4872500.0,32.5121
4873125.0,35.4746
4873750.0,36.7957
4874375.0,38.3588
4875000.0,36.0459
4875625.0,35.4605
4876250.0,38.3453
4876875.0,36.1336
4877500.0,38.0028
4878125.0,34.9437
4878750.0,34.4982
4879375.0,38.3972
4880000.0,37.4672
4880625.0,38.7065
4881250.0,36.0147
4881875.0,35.5291
4882500.0,39.5173
4883125.0,34.1825
4883750.0,61.6292
4884375.0,61.8295
4885000.0,60.4943
4885625.0,56.0054
4886250.0,55.6321
4886875.0,57.3908
4887500.0,54.2444
4888125.0,55.2111
4888750.0,59.8697
4889375.0,59.8831
4890000.0,54.9562
4890625.0,59.9608
4891250.0,59.3175
4891875.0,62.3787
4892500.0,59.6505
4893125.0,61.0699
4893750.0,59.3835
4894375.0,60.8418
4895000.0,54.2674
4895625.0,57.6469
4896250.0,57.8869
4896875.0,57.2931
4897500.0,237.1491
4898125.0,239.3588
4898750.0,236.5502
4899375.0,229.9475
4900000.0,223.4655
4900625.0,244.7274
4901250.0,236.0569
4901875.0,220.1841
4902500.0,46.5448
4903125.0,42.9032
4903750.0,47.0831
4904375.0,46.5338
4905000.0,45.6500
4905625.0,50.7238
4906250.0,44.2830
4906875.0,48.6600
4907500.0,52.1388
4908125.0,49.5316
4908750.0,46.9259
4909375.0,44.3349
4910000.0,43.7992
4910625.0,46.0329
4911250.0,45.3855
4911875.0,45.3091
4912500.0,46.2332
4913125.0,46.7597
4913750.0,48.1402
4914375.0,44.0912
4915000.0,45.3967
4915625.0,46.6248
4916250.0,36.6384
4916875.0,40.3974
4917500.0,37.4297
4918125.0,34.0149
4918750.0,37.7736
4919375.0,38.0095
4920000.0,36.7685
4920625.0,34.7552
4921250.0,40.2524
4921875.0,35.0207
4922500.0,38.2224
4923125.0,37.3701
4923750.0,38.1115
4924375.0,40.1577
4925000.0,38.0390
4925625.0,35.9665
4926250.0,39.0461
4926875.0,35.8325
4927500.0,37.3026
4928125.0,34.6078
4928750.0,35.0884
4929375.0,37.0951
4930000.0,37.6810
4930625.0,33.8506
4931250.0,37.9200
4931875.0,35.4841
4932500.0,39.3674
4933125.0,36.3489
4933750.0,34.9213
4934375.0,37.1402
4935000.0,35.3050
4935625.0,61.6799
4936250.0,58.0015
4936875.0,57.5601
4937500.0,59.7162
4938125.0,55.0857
4938750.0,54.2615
4939375.0,59.1842
4940000.0,54.8110
4940625.0,54.8100
4941250.0,60.4266
4941875.0,59.5227
4942500.0,54.3639
4943125.0,56.2045
4943750.0,55.3792
4944375.0,63.1513
4945000.0,60.6274
4945625.0,56.7795
4946250.0,59.6710
4946875.0,54.0671
4947500.0,56.0493
4948125.0,58.3041
4948750.0,59.3115
4949375.0,223.9036
4950000.0,227.7902
4950625.0,225.8813
4951250.0,223.1598
4951875.0,221.6684
4952500.0,220.2045
4953125.0,227.6093
4953750.0,229.6217
4954375.0,47.4661
4955000.0,44.2303
4955625.0,44.6525
4956250.0,47.9374
4956875.0,50.4584
4957500.0,47.3582
4958125.0,46.0326
4958750.0,47.5272
4959375.0,44.3285
4960000.0,50.0760
4960625.0,47.4385
4961250.0,45.4268
4961875.0,46.6080
4962500.0,45.7615
4963125.0,50.0824
4963750.0,46.5247
4964375.0,47.3651
4965000.0,48.3483
4965625.0,45.2592
4966250.0,47.4552
4966875.0,47.6449
4967500.0,43.3479
4968125.0,37.4675
4968750.0,36.9153
4969375.0,37.2404
4970000.0,37.0659
4970625.0,37.4795
4971250.0,39.4741
4971875.0,34.8179
4972500.0,36.3670
4973125.0,38.2332
4973750.0,37.8897
4974375.0,37.8499
4975000.0,42.0941
4975625.0,38.1362
4976250.0,39.0922
4976875.0,36.4319
4977500.0,35.1631
4978125.0,36.4185
4978750.0,38.3171
4979375.0,37.7526
4980000.0,37.7460
4980625.0,36.6035
4981250.0,36.3085
4981875.0,36.6673
4982500.0,38.3403
4983125.0,38.5553
4983750.0,35.1385
4984375.0,38.4103
4985000.0,35.7962
4985625.0,37.8675
4986250.0,36.6449
4986875.0,39.8967
4987500.0,36.2266
4988125.0,37.3304
4988750.0,38.1222
4989375.0,35.3832
4990000.0,36.8652
4990625.0,36.5068
4991250.0,36.0494
4991875.0,36.1865
4992500.0,61.2248
4993125.0,56.2642
4993750.0,59.6426
4994375.0,58.9123
4995000.0,53.9488
4995625.0,59.5056
4996250.0,53.9008
4996875.0,59.8215
4997500.0,56.5291
4998125.0,58.0243
4998750.0,54.2466
4999375.0,58.3549
5000000.0,60.6882
5000625.0,55.6598
5001250.0,56.2392
5001875.0,59.3184
5002500.0,59.3909
5003125.0,50.9409
5003750.0,63.8447
5004375.0,59.5328
5005000.0,60.0211
5005625.0,57.5837
5006250.0,210.4779
5006875.0,239.8268
5007500.0,225.4438
5008125.0,238.3096
5008750.0,229.4619
5009375.0,234.7613
5010000.0,223.0100
5010625.0,242.0269
5011250.0,44.2073
5011875.0,52.2771
5012500.0,52.2592
5013125.0,50.8368
5013750.0,49.9974
5014375.0,46.8013
5015000.0,49.7414
5015625.0,46.7740
5016250.0,43.3492
5016875.0,50.5325
5017500.0,49.6527
5018125.0,46.9264
5018750.0,44.1208
5019375.0,45.6224
5020000.0,42.7203
5020625.0,49.2209
5021250.0,43.2322
5021875.0,47.6741
5022500.0,45.0173
5023125.0,43.6472
5023750.0,47.5601
5024375.0,46.2156
5025000.0,38.5506
5025625.0,34.6549
5026250.0,35.5990
5026875.0,32.5829
5027500.0,32.9590
5028125.0,40.3267
5028750.0,40.8547
5029375.0,37.1715
5030000.0,35.4759
5030625.0,36.4479
5031250.0,38.6161
5031875.0,36.0484
5032500.0,58.6891
5033125.0,57.9630
5033750.0,56.3504
5034375.0,56.4740
5035000.0,58.8506
5035625.0,55.1670
5036250.0,59.3100
5036875.0,56.6324
5037500.0,58.3694
5038125.0,62.0135
5038750.0,57.5122
5039375.0,60.6674
5040000.0,52.8031
5040625.0,56.6359
5041250.0,58.0803
5041875.0,63.5777
5042500.0,52.3161
5043125.0,57.7210
5043750.0,62.2244
5044375.0,55.7234
5045000.0,57.3828
5045625.0,58.9620
5046250.0,227.0757
5046875.0,242.6149
5047500.0,230.0453
5048125.0,239.9374
5048750.0,220.9499
5049375.0,216.6691
5050000.0,222.4606
5050625.0,211.9601
5051250.0,48.1363
5051875.0,46.0932
5052500.0,45.4213
5053125.0,48.1718
5053750.0,44.3123
5054375.0,48.8107
5055000.0,45.8759
5055625.0,49.7239
5056250.0,46.0771
5056875.0,48.4850
5057500.0,47.4220
5058125.0,48.7482
5058750.0,47.2584
5059375.0,43.0910
5060000.0,49.3707
5060625.0,46.7939
5061250.0,48.8554
5061875.0,48.6221
5062500.0,45.1828
5063125.0,44.8502
5063750.0,48.5401
5064375.0,46.2874
5065000.0,38.7324
5065625.0,36.6703
5066250.0,38.8933
5066875.0,37.7831
5067500.0,37.5328
5068125.0,36.3081
5068750.0,37.4300
5069375.0,39.2068
5070000.0,36.8997
5070625.0,37.9827
5071250.0,37.0858
5071875.0,37.2305
5072500.0,40.1883
5073125.0,39.2232
5073750.0,37.1469
5074375.0,37.3967
5075000.0,35.7015
5075625.0,36.6800
5076250.0,37.5724
5076875.0,38.5736
5077500.0,38.3861
5078125.0,34.9479
5078750.0,38.8074
5079375.0,57.7426
5080000.0,55.1377
5080625.0,61.8755
5081250.0,62.2435
5081875.0,58.7649
5082500.0,60.0555
5083125.0,60.2256
5083750.0,62.0477
5084375.0,60.1114
5085000.0,54.1497
5085625.0,63.8284
5086250.0,61.0904
5086875.0,56.5224
5087500.0,55.0141
5088125.0,59.4640
5088750.0,57.1930
5089375.0,58.9570
5090000.0,60.1559
5090625.0,56.3573
5091250.0,54.7633
5091875.0,59.1189
5092500.0,56.4532
5093125.0,226.6436
5093750.0,209.8876
5094375.0,222.1629
5095000.0,233.0432
5095625.0,231.8167
5096250.0,216.1310
5096875.0,211.8570
5097500.0,225.1773
5098125.0,48.3184
5098750.0,47.9522
5099375.0,45.7964
5100000.0,47.6999
5100625.0,50.5305
5101250.0,47.4821
5101875.0,43.1621
5102500.0,47.4775
5103125.0,51.8033
5103750.0,43.9746
5104375.0,47.0699
5105000.0,46.4681
5105625.0,47.2253
5106250.0,47.4565
5106875.0,49.6789
5107500.0,47.1992
5108125.0,50.0016
5108750.0,46.7235
5109375.0,46.1772
5110000.0,45.4274
5110625.0,42.7298
5111250.0,47.6481
5111875.0,40.7999
5112500.0,37.8477
5113125.0,38.2705
5113750.0,36.2359
5114375.0,36.5480
5115000.0,38.8216
5115625.0,40.7161
5116250.0,39.7527
5116875.0,38.4897
5117500.0,37.0650
5118125.0,37.3880
5118750.0,35.6060
5119375.0,34.3209
5120000.0,34.9154
5120625.0,37.0921
5121250.0,36.4598
5121875.0,34.2815
5122500.0,57.8918
5123125.0,57.0766
5123750.0,54.5987
5124375.0,56.9265
5125000.0,57.0692
5125625.0,56.2118
5126250.0,60.6873
5126875.0,52.4816
5127500.0,52.2412
5128125.0,58.0095
5128750.0,58.2788
5129375.0,59.1722
5130000.0,56.4370
5130625.0,55.3380
5131250.0,57.9788
5131875.0,56.7194
5132500.0,62.4981
5133125.0,57.0597
5133750.0,57.8458
5134375.0,65.1787
5135000.0,57.4352
5135625.0,59.6129
5136250.0,232.2710
5136875.0,233.2283
5137500.0,228.2567
5138125.0,227.1807
5138750.0,226.1288
5139375.0,218.5201
5140000.0,228.6621
5140625.0,247.8223
5141250.0,49.8451
5141875.0,47.7142
5142500.0,49.0112
5143125.0,44.9574
5143750.0,46.3878
5144375.0,49.2274
5145000.0,50.4948
5145625.0,45.1885
5146250.0,45.8636
5146875.0,52.1262
5147500.0,47.2262
5148125.0,51.2849
5148750.0,47.4861
5149375.0,47.5785
5150000.0,46.2821
5150625.0,49.2150
5151250.0,50.1908
5151875.0,44.5677
5152500.0,46.1717
5153125.0,49.1504
5153750.0,46.6956
5154375.0,45.8405
5155000.0,38.8677
5155625.0,39.0414
5156250.0,36.1682
5156875.0,37.3929
5157500.0,34.7643
5158125.0,35.3434
5158750.0,37.2297
5159375.0,37.0581
5160000.0,35.2113
5160625.0,35.6754
5161250.0,35.0297
5161875.0,37.8419
5162500.0,33.3599
5163125.0,35.1286
5163750.0,33.5536
5164375.0,37.7752
5165000.0,33.6649
5165625.0,37.0587
5166250.0,40.0331
5166875.0,40.0959
5167500.0,33.6591
5168125.0,37.5521
5168750.0,35.1704
5169375.0,34.7927
5170000.0,36.7901
5170625.0,39.2723
5171250.0,38.1094
5171875.0,35.6770
5172500.0,38.3043
5173125.0,32.8491
5173750.0,35.6071
5174375.0,35.4758
5175000.0,37.1449
5175625.0,36.6248
5176250.0,36.7383
5176875.0,36.6768
5177500.0,37.0415
5178125.0,37.9992
5178750.0,58.4331
5179375.0,57.1754
5180000.0,59.1651
5180625.0,60.3958
5181250.0,56.3875
5181875.0,57.8277
5182500.0,61.3695
5183125.0,54.8020
5183750.0,63.2336
5184375.0,54.1165
5185000.0,56.9984
5185625.0,55.2444
5186250.0,64.3450
5186875.0,56.5403
5187500.0,56.5476
5188125.0,56.9248
5188750.0,58.2772
5189375.0,57.0475
5190000.0,57.6146
5190625.0,47.7653
5191250.0,58.1658
5191875.0,58.0516
5192500.0,236.6839
5193125.0,239.7269
5193750.0,222.8883
5194375.0,234.1826
5195000.0,212.6074
5195625.0,233.6326
5196250.0,218.5596
5196875.0,211.6722
5197500.0,46.5639
5198125.0,50.2911
5198750.0,47.4254
5199375.0,50.5167
5200000.0,45.2405
5200625.0,49.4625
5201250.0,45.4674
5201875.0,47.5295
5202500.0,47.5092
5203125.0,48.5545
5203750.0,47.5892
5204375.0,45.2629
5205000.0,49.0687
5205625.0,51.0694
5206250.0,45.6281
5206875.0,42.6872
5207500.0,48.1734
5208125.0,46.2217
5208750.0,46.6919
5209375.0,48.3070
5210000.0,45.9275
5210625.0,46.3682
5211250.0,36.8148
5211875.0,39.7190
5212500.0,37.0556
5213125.0,34.7140
5213750.0,34.7876
5214375.0,37.2576
5215000.0,34.9106
5215625.0,34.1097
5216250.0,38.1757
5216875.0,38.2663
5217500.0,36.3189
5218125.0,37.5433
5218750.0,37.3480
5219375.0,38.1145
5220000.0,38.1188
5220625.0,50.4432
5221250.0,57.3026
5221875.0,59.5019
5222500.0,56.8097
5223125.0,58.1050
5223750.0,60.1770
5224375.0,58.2347
5225000.0,62.3730
5225625.0,61.2683
5226250.0,57.6562
5226875.0,57.4257
5227500.0,49.7341
5228125.0,57.0531
5228750.0,54.0755
5229375.0,58.6416
5230000.0,58.4433
5230625.0,60.0180
5231250.0,62.0503
5231875.0,57.9238
5232500.0,64.6132
5233125.0,58.6741
5233750.0,54.2004
5234375.0,225.4800
5235000.0,227.6761
5235625.0,238.8687
5236250.0,221.0119
5236875.0,228.5435
5237500.0,230.1319
5238125.0,226.8018
5238750.0,241.4124
5239375.0,48.5071
5240000.0,49.7414
5240625.0,46.2221
5241250.0,49.8259
5241875.0,43.7946
5242500.0,43.7373
5243125.0,44.1476
5243750.0,47.0216
5244375.0,49.8256
5245000.0,45.5850
5245625.0,45.8798
5246250.0,46.4924
5246875.0,48.3461
5247500.0,45.8776
5248125.0,45.7465
5248750.0,43.8383
5249375.0,45.6565
5250000.0,49.7670
5250625.0,47.2137
5251250.0,45.2613
5251875.0,49.9049
5252500.0,45.6247
5253125.0,39.6269
5253750.0,39.5967
5254375.0,37.1036
5255000.0,34.2277
5255625.0,41.2356
5256250.0,37.7165
5256875.0,36.4008
5257500.0,38.7688
5258125.0,38.2993
5258750.0,39.4252
5259375.0,35.7747
5260000.0,37.5892
5260625.0,34.8061
5261250.0,38.2327
5261875.0,36.9576
5262500.0,37.5199
5263125.0,36.7293
5263750.0,36.5357
5264375.0,35.3938
5265000.0,38.4623
5265625.0,39.7560
5266250.0,35.9702
5266875.0,38.0240
5267500.0,37.7995
5268125.0,37.0150
5268750.0,34.1758
5269375.0,54.2254
5270000.0,55.7352
5270625.0,51.7969
5271250.0,62.0833
5271875.0,59.0663
5272500.0,57.9131
5273125.0,51.6483
5273750.0,52.7108
5274375.0,57.9932
5275000.0,63.7144
5275625.0,55.9739
5276250.0,60.5050
5276875.0,56.6083
5277500.0,58.1602
5278125.0,61.5226
5278750.0,56.9967
5279375.0,55.9987
5280000.0,62.1124
5280625.0,58.1321
5281250.0,61.1645
5281875.0,56.0128
5282500.0,62.0794
5283125.0,235.1741
5283750.0,237.0435
5284375.0,233.5269
5285000.0,226.1365
5285625.0,231.9805
5286250.0,226.8660
5286875.0,243.1307
5287500.0,229.6445
5288125.0,43.4832
5288750.0,43.0534
5289375.0,42.9422
5290000.0,48.4522
5290625.0,44.2940
5291250.0,47.7052
5291875.0,47.3210
5292500.0,46.8479
5293125.0,48.0303
5293750.0,47.3720
5294375.0,40.6321
5295000.0,46.2395
5295625.0,47.9990
5296250.0,50.8547
5296875.0,50.9632
5297500.0,43.7966
5298125.0,46.1781
5298750.0,43.3196
5299375.0,50.5717
5300000.0,49.3802
5300625.0,47.8239
5301250.0,47.3903
5301875.0,39.5542
5302500.0,39.2410
5303125.0,39.1424
5303750.0,37.8449
5304375.0,36.3539
5305000.0,38.4192
5305625.0,38.5097
5306250.0,36.6473
5306875.0,36.3502
5307500.0,39.0966
5308125.0,40.0786
5308750.0,35.6136
5309375.0,36.5128
5310000.0,37.6492
5310625.0,37.9002
5311250.0,36.0336
5311875.0,40.4845
5312500.0,37.7809
5313125.0,37.9831
5313750.0,40.2539
5314375.0,36.1692
5315000.0,36.8364
5315625.0,54.3654
5316250.0,57.5002
5316875.0,53.6821
5317500.0,60.1688
5318125.0,59.2180
5318750.0,57.1965
5319375.0,57.7088
5320000.0,60.2083
5320625.0,54.7062
5321250.0,58.5921
5321875.0,60.0286
5322500.0,52.8314
5323125.0,59.9863
5323750.0,53.1452
5324375.0,57.6590
5325000.0,54.6262
5325625.0,62.1506
5326250.0,54.6443
5326875.0,53.2144
5327500.0,58.3867
5328125.0,56.8003
5328750.0,53.6366
5329375.0,230.9154
5330000.0,202.5956
5330625.0,213.3423
5331250.0,218.5288
5331875.0,234.0250
5332500.0,239.5740
5333125.0,237.4063
5333750.0,223.2757
5334375.0,41.2958
5335000.0,47.9185
5335625.0,50.4558
5336250.0,49.8994
5336875.0,48.0879
5337500.0,44.2047
5338125.0,45.7655
5338750.0,51.5445
5339375.0,43.6707
5340000.0,44.3026
5340625.0,49.2150
5341250.0,45.9868
5341875.0,44.2229
5342500.0,50.5907
5343125.0,48.0835
5343750.0,46.1028
5344375.0,44.3074
5345000.0,51.8114
5345625.0,46.9425
5346250.0,50.2837
5346875.0,49.1000
5347500.0,45.7759
5348125.0,36.0511
5348750.0,39.6757
5349375.0,39.7057
5350000.0,33.5277
5350625.0,38.0171
5351250.0,36.7758
5351875.0,35.0884
5352500.0,37.4842
5353125.0,34.5032
5353750.0,36.1371
5354375.0,55.6844
5355000.0,56.5506
5355625.0,57.7927
5356250.0,55.0549
5356875.0,62.5622
5357500.0,59.4305
5358125.0,63.2042
5358750.0,57.5358
5359375.0,56.4085
5360000.0,63.0994
5360625.0,56.3236
5361250.0,57.4830
5361875.0,60.0881
5362500.0,54.4106
5363125.0,60.0628
5363750.0,59.6917
5364375.0,61.6810
5365000.0,60.5811
5365625.0,61.7699
5366250.0,57.6798
5366875.0,55.4983
5367500.0,64.1190
5368125.0,214.2903
5368750.0,215.4524
5369375.0,238.5555
5370000.0,250.8498
5370625.0,234.1988
5371250.0,243.5919
5371875.0,208.8487
5372500.0,226.2053
5373125.0,42.5962
5373750.0,48.8340
5374375.0,43.3640
5375000.0,43.9971
5375625.0,48.2080
5376250.0,49.4953
5376875.0,46.6264
5377500.0,48.3399
5378125.0,48.2638
5378750.0,46.4937
5379375.0,44.4274
5380000.0,48.3275
5380625.0,48.4408
5381250.0,49.1010
5381875.0,47.7334
5382500.0,44.2540
5383125.0,48.6223
5383750.0,46.9968
5384375.0,45.8656
5385000.0,46.3076
5385625.0,45.3779
5386250.0,49.0888
5386875.0,34.3765
5387500.0,35.1621
5388125.0,36.3918
5388750.0,39.9854
5389375.0,38.9504
5390000.0,33.9644
5390625.0,39.5000
5391250.0,39.4964
5391875.0,34.8281
5392500.0,50.6878
5393125.0,57.7906
5393750.0,61.2550
5394375.0,62.6147
5395000.0,55.4746
5395625.0,63.0807
5396250.0,51.5390
5396875.0,56.9327
5397500.0,56.7901
5398125.0,61.3418
5398750.0,61.7651
5399375.0,60.7672
5400000.0,54.0834
5400625.0,60.5016
5401250.0,59.4762
5401875.0,53.1534
5402500.0,52.0057
5403125.0,61.0102
5403750.0,57.4777
5404375.0,54.2730
5405000.0,57.3963
5405625.0,59.0557
5406250.0,224.0679
5406875.0,207.5402
5407500.0,246.2125
5408125.0,236.2975
5408750.0,221.2270
5409375.0,221.6802
5410000.0,229.0442
5410625.0,212.2918
5411250.0,47.7583
5411875.0,43.8728
5412500.0,46.8342
5413125.0,44.2539
5413750.0,44.3725
5414375.0,50.8674
5415000.0,47.1392
5415625.0,47.4874
5416250.0,42.2733
5416875.0,45.5970
5417500.0,48.0838
5418125.0,47.4562
5418750.0,41.9380
5419375.0,47.4868
5420000.0,47.8614
5420625.0,50.0168
5421250.0,45.4602
5421875.0,41.7311
5422500.0,44.6576
5423125.0,44.4219
5423750.0,48.7313
5424375.0,40.6157
5425000.0,36.1705
5425625.0,39.6377
5426250.0,37.0133
5426875.0,38.6582
5427500.0,33.9627
5428125.0,34.0363
5428750.0,39.6589
5429375.0,37.1872
5430000.0,37.1911
5430625.0,34.9314
5431250.0,37.1864
5431875.0,34.8800
5432500.0,39.1957
5433125.0,42.0465
5433750.0,37.8953
5434375.0,35.8253
5435000.0,32.3127
5435625.0,33.8837
5436250.0,39.8765
5436875.0,35.0960
5437500.0,36.3140
5438125.0,38.2124
5438750.0,39.7422
5439375.0,36.6308
5440000.0,36.2514
5440625.0,37.1325
5441250.0,35.8389
5441875.0,35.9384
5442500.0,37.7620
5443125.0,37.3428
5443750.0,40.9435
5444375.0,37.8119
5445000.0,39.1296
5445625.0,35.0181
5446250.0,37.9715
5446875.0,35.6625
5447500.0,37.7316
5448125.0,38.2738
5448750.0,58.1446
5449375.0,64.9812
5450000.0,62.1411
5450625.0,61.4140
5451250.0,60.2164
5451875.0,63.1137
5452500.0,53.8328
5453125.0,61.9738
5453750.0,55.1254
5454375.0,56.3634
5455000.0,59.6280
5455625.0,61.5763
5456250.0,54.6546
5456875.0,56.5136
5457500.0,58.2828
5458125.0,57.4595
5458750.0,60.4767
5459375.0,67.9642
5460000.0,59.2160
5460625.0,55.8679
5461250.0,54.2401
5461875.0,57.0568
5462500.0,214.4222
5463125.0,230.2599
5463750.0,230.0852
5464375.0,219.7894
5465000.0,247.3307
5465625.0,216.7262
5466250.0,223.6564
5466875.0,232.1906
5467500.0,49.0963
5468125.0,50.0023
5468750.0,48.0070
5469375.0,49.4696
5470000.0,45.4370
5470625.0,49.1575
5471250.0,49.1261
5471875.0,50.5553
5472500.0,43.0792
5473125.0,44.8681
5473750.0,48.9344
5474375.0,40.7693
5475000.0,48.1562
5475625.0,49.4905
5476250.0,45.6455
5476875.0,45.9891
5477500.0,44.4758
5478125.0,45.7744
5478750.0,45.8425
5479375.0,45.3953
5480000.0,45.2665
5480625.0,46.3631
5481250.0,36.4763
5481875.0,40.4671
5482500.0,36.2708
5483125.0,37.6367
5483750.0,35.9328
5484375.0,35.9092
5485000.0,33.8469
5485625.0,34.0930
5486250.0,34.7671
5486875.0,37.3398
5487500.0,38.9909
5488125.0,33.6947
5488750.0,35.9842
5489375.0,34.4713
5490000.0,36.5111
5490625.0,38.9902
5491250.0,36.1733
5491875.0,36.9121
5492500.0,39.6922
5493125.0,37.8471
5493750.0,35.5938
5494375.0,37.2940
5495000.0,35.4690
5495625.0,37.7779
5496250.0,37.9534
5496875.0,34.4708
5497500.0,37.3240
5498125.0,36.7825
5498750.0,38.0077
5499375.0,38.5380
5500000.0,37.8833
5500625.0,36.4391
5501250.0,38.7267
5501875.0,35.3848
5502500.0,34.5570
5503125.0,31.0887
5503750.0,36.8702
5504375.0,35.4801
5505000.0,37.7358
5505625.0,52.2834
5506250.0,56.1232
5506875.0,59.3638
5507500.0,55.0135
5508125.0,59.1868
5508750.0,56.3846
5509375.0,57.9049
5510000.0,59.7260
5510625.0,60.7631
5511250.0,58.2682
5511875.0,55.6394
5512500.0,56.6717
5513125.0,59.8472
5513750.0,55.0384
5514375.0,57.4836
5515000.0,56.8809
5515625.0,57.7003
5516250.0,55.0731
5516875.0,52.6294
5517500.0,59.5102
5518125.0,60.7960
5518750.0,52.8027
5519375.0,229.1504
5520000.0,237.1858
5520625.0,231.7040
5521250.0,220.3125
5521875.0,214.3857
5522500.0,225.9110
5523125.0,227.7876
5523750.0,226.0778
5524375.0,46.5767
5525000.0,44.4558
5525625.0,47.9933
5526250.0,48.1065
5526875.0,47.4719
5527500.0,47.2608
5528125.0,50.9462
5528750.0,45.5327
5529375.0,50.0114
5530000.0,45.2750
5530625.0,49.6060
5531250.0,49.8984
5531875.0,46.3113
5532500.0,50.9033
5533125.0,48.1022
5533750.0,44.9384
5534375.0,46.1207
5535000.0,49.6620
5535625.0,49.1692
5536250.0,44.5136
5536875.0,46.6727
5537500.0,47.4783
5538125.0,36.0609
5538750.0,41.3619
5539375.0,37.4323
5540000.0,36.8856
5540625.0,39.2031
5541250.0,36.3244
5541875.0,38.8637
5542500.0,33.9147
5543125.0,36.1607
5543750.0,38.9408
5544375.0,39.9049
5545000.0,35.5694
5545625.0,35.3538
5546250.0,38.0498
5546875.0,35.8474
5547500.0,36.5031
5548125.0,38.6213
5548750.0,35.9934
5549375.0,33.3640
5550000.0,34.5930
5550625.0,37.0184
5551250.0,33.5527
5551875.0,36.4503
5552500.0,34.4246
5553125.0,40.0339
5553750.0,41.0055
5554375.0,35.0423
5555000.0,37.4750
5555625.0,35.2233
5556250.0,36.4278
5556875.0,40.3364
5557500.0,36.1366
5558125.0,36.4708
5558750.0,35.2563
5559375.0,61.3239
5560000.0,48.5365
5560625.0,56.7159
5561250.0,57.8669
5561875.0,56.0829
5562500.0,60.5043
5563125.0,61.4859
5563750.0,53.9051
5564375.0,64.0711
5565000.0,53.8725
5565625.0,61.7370
5566250.0,58.4345
5566875.0,56.5393
5567500.0,56.8128
5568125.0,57.9028
5568750.0,58.6044
5569375.0,55.3316
5570000.0,57.3216
5570625.0,55.7650
5571250.0,54.4764
5571875.0,55.6298
5572500.0,54.6651
5573125.0,220.2733
5573750.0,229.8653
5574375.0,226.3580
5575000.0,247.2114
5575625.0,200.1324
5576250.0,230.2801
5576875.0,225.0722
5577500.0,234.1763
5578125.0,48.6837
5578750.0,46.6123
5579375.0,47.4057
5580000.0,45.2514
5580625.0,48.4421
5581250.0,42.5846
5581875.0,48.8255
5582500.0,46.9455
5583125.0,45.8554
5583750.0,46.4535
5584375.0,46.6259
5585000.0,50.0487
5585625.0,54.5987
5586250.0,49.8667
5586875.0,45.6715
5587500.0,48.4800
5588125.0,48.5823
5588750.0,44.8259
5589375.0,44.0371
5590000.0,46.8513
5590625.0,48.8981
5591250.0,43.2123
5591875.0,35.6663
5592500.0,38.0594
5593125.0,37.0772
5593750.0,39.6201
5594375.0,34.3890
5595000.0,41.3515
5595625.0,34.1547
5596250.0,33.2460
5596875.0,36.8910
5597500.0,34.9013
5598125.0,36.9283
5598750.0,36.8636
5599375.0,36.6378
5600000.0,35.4415
5600625.0,37.8004
5601250.0,36.4129
5601875.0,39.0418
5602500.0,36.6663
5603125.0,35.2154
5603750.0,33.8777
5604375.0,36.6816
5605000.0,34.6520
5605625.0,34.5026
5606250.0,37.9758
5606875.0,33.7113
5607500.0,39.6126
5608125.0,37.2955
5608750.0,36.9189
5609375.0,35.0857
5610000.0,38.4141
5610625.0,36.9946
5611250.0,35.7307
5611875.0,37.3697
5612500.0,33.8868
5613125.0,33.9746
5613750.0,34.9277
5614375.0,59.0136
5615000.0,57.9906
5615625.0,61.0420
5616250.0,55.3320
5616875.0,59.6665
5617500.0,57.6698
5618125.0,55.2652
5618750.0,59.1174
5619375.0,57.8086
5620000.0,56.1756
5620625.0,58.1218
5621250.0,57.6244
5621875.0,57.5543
5622500.0,56.8035
5623125.0,54.2156
5623750.0,58.2168
5624375.0,55.6721
5625000.0,55.0410
5625625.0,57.3020
5626250.0,60.1287
5626875.0,58.5383
5627500.0,56.4597
5628125.0,218.5724
5628750.0,232.1529
5629375.0,198.0367
5630000.0,233.9704
5630625.0,203.9173
5631250.0,209.0767
5631875.0,219.2145
5632500.0,249.4139
5633125.0,50.9419
5633750.0,48.6602
5634375.0,47.8379
5635000.0,42.6236
5635625.0,47.3684
5636250.0,45.7093
5636875.0,45.0808
5637500.0,47.3638
5638125.0,45.8929
5638750.0,49.0429
5639375.0,42.4505
5640000.0,47.1763
5640625.0,44.9341
5641250.0,46.0374
5641875.0,47.7159
5642500.0,44.3743
5643125.0,47.3859
5643750.0,46.5010
5644375.0,45.4476
5645000.0,45.8942
5645625.0,46.6368
5646250.0,45.1956
5646875.0,37.0131
5647500.0,36.4854
5648125.0,35.8691
5648750.0,39.9412
5649375.0,37.7682
5650000.0,36.2920
5650625.0,37.2698
5651250.0,35.1004
5651875.0,36.1920
5652500.0,36.4079
5653125.0,34.6934
5653750.0,37.7166
5654375.0,36.0646
5655000.0,36.3424
5655625.0,35.9479
5656250.0,42.4743
5656875.0,35.7742
5657500.0,33.1729
5658125.0,34.0401
5658750.0,38.4047
5659375.0,61.8757
5660000.0,56.0228
5660625.0,61.7090
5661250.0,60.1506
5661875.0,57.4505
5662500.0,57.2447
5663125.0,58.5245
5663750.0,60.5446
5664375.0,59.1522
5665000.0,56.0373
5665625.0,57.4948
5666250.0,63.7457
5666875.0,58.7285
5667500.0,60.5210
5668125.0,59.5657
5668750.0,58.7927
5669375.0,58.3152
5670000.0,60.6024
5670625.0,60.0841
5671250.0,58.7653
5671875.0,55.9881
5672500.0,59.1181
5673125.0,224.2462
5673750.0,221.5321
5674375.0,255.1362
5675000.0,207.6857
5675625.0,235.7833
5676250.0,215.2950
5676875.0,226.4759
5677500.0,253.8966
5678125.0,44.7384
5678750.0,45.2989
5679375.0,46.9588
5680000.0,45.0090
5680625.0,49.0775
5681250.0,45.7439
5681875.0,48.5369
5682500.0,43.8764
5683125.0,42.7539
5683750.0,46.4619
5684375.0,43.3140
5685000.0,50.5679
5685625.0,43.4050
5686250.0,44.5614
5686875.0,47.9720
5687500.0,45.6220
5688125.0,43.4318
5688750.0,51.7939
5689375.0,44.6462
5690000.0,46.5388
5690625.0,46.5084
5691250.0,48.6692
5691875.0,37.8554
5692500.0,35.4704
5693125.0,36.3972
5693750.0,36.5802
5694375.0,38.3856
5695000.0,34.8386
5695625.0,40.7335
5696250.0,35.5955
5696875.0,36.9838
5697500.0,34.8540
5698125.0,34.5984
5698750.0,35.3823
5699375.0,35.2045
5700000.0,36.2336
5700625.0,35.1889
5701250.0,60.0171
5701875.0,55.7293
5702500.0,55.4079
5703125.0,56.8604
5703750.0,60.8792
5704375.0,58.6231
5705000.0,57.7109
5705625.0,53.8442
5706250.0,54.6861
5706875.0,54.2926
5707500.0,61.7899
5708125.0,59.5386
5708750.0,55.5013
5709375.0,56.3633
5710000.0,55.6067
5710625.0,55.4310
5711250.0,59.3349
5711875.0,57.1661
5712500.0,64.0354
5713125.0,61.6260
5713750.0,61.7975
5714375.0,59.9469
5715000.0,220.2451
5715625.0,231.7251
5716250.0,221.0756
5716875.0,243.3406
5717500.0,229.5481
5718125.0,227.9516
5718750.0,226.4296
5719375.0,244.5780
5720000.0,43.6307
5720625.0,51.3200
5721250.0,46.5625
5721875.0,43.6955
5722500.0,45.2323
5723125.0,43.1206
5723750.0,48.5361
5724375.0,44.5600
5725000.0,47.3964
5725625.0,49.6654
5726250.0,45.4208
5726875.0,46.3700
5727500.0,43.9371
5728125.0,46.0874
5728750.0,53.0490
5729375.0,48.8281
5730000.0,46.3779
5730625.0,45.5625
5731250.0,46.8998
5731875.0,47.3056
5732500.0,46.0152
5733125.0,48.2456
5733750.0,35.2361
5734375.0,35.2270
5735000.0,37.6849
5735625.0,34.8380
5736250.0,38.3487
5736875.0,36.9736
5737500.0,33.6184
5738125.0,37.2026
5738750.0,33.8825
5739375.0,38.2827
5740000.0,36.5399
5740625.0,40.4245
5741250.0,38.9819
5741875.0,35.0377
5742500.0,33.2616
5743125.0,35.6031
5743750.0,34.7407
5744375.0,40.3776
5745000.0,57.9701
5745625.0,60.7069
5746250.0,57.1734
5746875.0,57.4790
5747500.0,57.9054
5748125.0,61.2090
5748750.0,58.9037
5749375.0,54.9337
5750000.0,62.7053
5750625.0,57.1508
5751250.0,56.6790
5751875.0,49.7944
5752500.0,59.8398
5753125.0,58.2929
5753750.0,58.2898
5754375.0,56.8318
5755000.0,56.3319
5755625.0,56.9282
5756250.0,59.3432
5756875.0,59.8534
5757500.0,57.3300
5758125.0,60.7519
5758750.0,231.0839
5759375.0,226.1510
5760000.0,234.3016
5760625.0,216.2311
5761250.0,234.6995
5761875.0,214.1107
5762500.0,220.0784
5763125.0,208.5832
5763750.0,46.5885
5764375.0,50.7826
5765000.0,46.7249
5765625.0,48.5124
5766250.0,52.5279
5766875.0,47.9495
5767500.0,45.2018
5768125.0,45.5252
5768750.0,47.0015
5769375.0,45.5127
5770000.0,45.6885
5770625.0,49.3153
5771250.0,49.4115
5771875.0,43.1298
5772500.0,45.0773
5773125.0,45.9096
5773750.0,48.4079
5774375.0,49.6862
5775000.0,53.3496
5775625.0,45.9057
5776250.0,46.0230
5776875.0,48.3831
5777500.0,35.7379
5778125.0,36.7392
5778750.0,36.2322
5779375.0,32.1499
5780000.0,37.2280
5780625.0,36.6626
5781250.0,39.3518
5781875.0,37.0102
5782500.0,34.6787
5783125.0,36.5225
5783750.0,33.1315
5784375.0,34.7598
5785000.0,38.1757
5785625.0,36.5424
5786250.0,38.7066
5786875.0,33.3612
5787500.0,36.5514
5788125.0,56.6210
5788750.0,60.7720
5789375.0,59.9510
5790000.0,59.8625
5790625.0,62.4701
5791250.0,56.9325
5791875.0,61.8717
5792500.0,54.9718
5793125.0,54.8655
5793750.0,60.1830
5794375.0,53.6363
5795000.0,59.6610
5795625.0,58.2938
5796250.0,61.1084
5796875.0,57.8276
5797500.0,58.1625
5798125.0,59.4769
5798750.0,56.0783
5799375.0,55.9520
5800000.0,59.3758
5800625.0,57.9151
5801250.0,56.8188
5801875.0,224.0687
5802500.0,242.9388
5803125.0,220.0160
5803750.0,219.6898
5804375.0,205.7913
5805000.0,224.5235
5805625.0,232.3899
5806250.0,234.4072
5806875.0,47.2543
5807500.0,49.2462
5808125.0,48.7184
5808750.0,49.6154
5809375.0,49.3131
5810000.0,50.6894
5810625.0,46.6012
5811250.0,43.8814
5811875.0,48.5597
5812500.0,48.8343
5813125.0,50.6895
5813750.0,50.0110
5814375.0,51.5719
5815000.0,48.4567
5815625.0,47.5377
5816250.0,43.7453
5816875.0,47.7240
5817500.0,45.7016
5818125.0,47.4970
5818750.0,47.1281
5819375.0,48.1086
5820000.0,46.7713
5820625.0,38.7298
5821250.0,31.9622
5821875.0,37.3515
5822500.0,39.2246
5823125.0,40.4596
5823750.0,38.3541
5824375.0,40.1170
5825000.0,37.3125
5825625.0,37.0053
5826250.0,37.9794
5826875.0,36.9941
5827500.0,35.5526
5828125.0,36.0468
5828750.0,34.9425
5829375.0,37.9775
5830000.0,37.0211
5830625.0,36.3335
5831250.0,56.3566
5831875.0,59.4647
5832500.0,60.2633
5833125.0,54.7215
5833750.0,54.2657
5834375.0,60.7681
5835000.0,54.0121
5835625.0,59.5877
5836250.0,62.6890
5836875.0,62.6958
5837500.0,60.1398
5838125.0,60.0555
5838750.0,64.5305
5839375.0,51.2303
5840000.0,56.6534
5840625.0,60.4606
5841250.0,57.0219
5841875.0,61.5954
5842500.0,57.8859
5843125.0,58.3821
5843750.0,57.2034
5844375.0,56.4847
5845000.0,218.8450
5845625.0,228.0506
5846250.0,216.2861
5846875.0,235.7236
5847500.0,232.3488
5848125.0,237.3684
5848750.0,212.2996
5849375.0,205.8809
5850000.0,46.9902
5850625.0,53.8122
5851250.0,49.9756
5851875.0,45.6971
5852500.0,47.9976
5853125.0,48.7098
5853750.0,43.7843
5854375.0,50.2186
5855000.0,46.6066
5855625.0,46.7869
5856250.0,47.0559
5856875.0,49.6897
5857500.0,45.2253
5858125.0,42.9886
5858750.0,47.7589
5859375.0,42.1974
5860000.0,46.2924
5860625.0,49.7892
5861250.0,48.3609
5861875.0,49.4495
5862500.0,48.4578
5863125.0,52.6643
5863750.0,35.9118
5864375.0,37.7365
5865000.0,36.1895
5865625.0,38.7701
5866250.0,36.8861
5866875.0,40.1799
5867500.0,36.0180
5868125.0,39.6032
5868750.0,38.0973
5869375.0,36.9399
5870000.0,38.0035
5870625.0,37.4833
5871250.0,37.6585
5871875.0,57.4001
5872500.0,55.9654
5873125.0,57.0283
5873750.0,53.1189
5874375.0,60.4417
5875000.0,54.4180
5875625.0,57.3688
5876250.0,59.8793
5876875.0,60.4343
5877500.0,52.8535
5878125.0,57.7336
5878750.0,59.3333
5879375.0,58.1508
5880000.0,61.8978
5880625.0,55.6168
5881250.0,52.0578
5881875.0,60.3499
5882500.0,56.4425
5883125.0,52.9002
5883750.0,57.5403
5884375.0,61.5686
5885000.0,54.3366
5885625.0,259.0976
5886250.0,222.2806
5886875.0,233.0093
5887500.0,217.8581
5888125.0,232.4827
5888750.0,230.4485
5889375.0,214.7219
5890000.0,264.7796
5890625.0,45.8360
5891250.0,45.8380
5891875.0,49.2772
5892500.0,51.2635
5893125.0,49.6471
5893750.0,44.1772
5894375.0,47.5027
5895000.0,42.5788
5895625.0,49.1190
5896250.0,43.1573
5896875.0,45.1125
5897500.0,46.9925
5898125.0,48.0458
5898750.0,46.3868
5899375.0,50.5698
5900000.0,48.6996
5900625.0,48.5151
5901250.0,44.1109
5901875.0,50.9935
5902500.0,45.1128
5903125.0,51.0832
5903750.0,51.7522
5904375.0,37.9484
5905000.0,38.9092
5905625.0,31.2966
5906250.0,36.6392
5906875.0,39.0390
5907500.0,60.6811
5908125.0,54.4628
5908750.0,57.1482
5909375.0,50.6445
5910000.0,59.1977
5910625.0,52.5383
5911250.0,61.2784
5911875.0,61.4299
5912500.0,56.6243
5913125.0,59.5117
5913750.0,57.3704
5914375.0,58.7015
5915000.0,54.6729
5915625.0,59.8052
5916250.0,53.2406
5916875.0,52.6932
5917500.0,57.6464
5918125.0,57.3874
5918750.0,58.7897
5919375.0,56.1164
5920000.0,63.4685
5920625.0,58.4658
5921250.0,227.6199
5921875.0,227.2189
5922500.0,236.2827
5923125.0,231.4802
5923750.0,229.9727
5924375.0,233.2798
5925000.0,204.4731
5925625.0,204.8980
5926250.0,46.8213
5926875.0,46.5355
5927500.0,48.3626
5928125.0,47.0470
5928750.0,48.3674
5929375.0,44.0729
5930000.0,46.9748
5930625.0,43.8485
5931250.0,47.9091
5931875.0,42.5860
5932500.0,47.8185
5933125.0,43.5479
5933750.0,46.0987
5934375.0,49.1031
5935000.0,47.5343
5935625.0,43.1327
5936250.0,45.4199
5936875.0,43.4718
5937500.0,43.0173
5938125.0,47.2765
5938750.0,48.3167
5939375.0,48.0354
5940000.0,38.1149
5940625.0,36.9780
5941250.0,36.4942
5941875.0,35.0148
5942500.0,36.1859
5943125.0,34.5555
5943750.0,35.4364
5944375.0,37.1645
5945000.0,57.6584
5945625.0,66.8877
5946250.0,54.0972
5946875.0,57.6372
5947500.0,53.8712
5948125.0,56.8754
5948750.0,56.9934
5949375.0,60.4502
5950000.0,56.6960
5950625.0,57.4452
5951250.0,56.7521
5951875.0,53.9369
5952500.0,56.1089
5953125.0,56.8924
5953750.0,58.2141
5954375.0,59.6209
5955000.0,57.3197
5955625.0,57.2687
5956250.0,53.0096
5956875.0,59.5652
5957500.0,55.9819
5958125.0,60.1667
5958750.0,247.2707
5959375.0,229.8202
5960000.0,220.1296
5960625.0,231.8063
5961250.0,236.0449
5961875.0,228.3400
5962500.0,225.4572
5963125.0,238.5370
5963750.0,48.1693
5964375.0,46.1862
5965000.0,43.1129
5965625.0,48.0725
5966250.0,45.1968
5966875.0,47.5037
5967500.0,47.3552
5968125.0,42.5610
5968750.0,47.1905
5969375.0,48.2092
5970000.0,48.4973
5970625.0,47.2758
5971250.0,42.3536
5971875.0,50.0011
5972500.0,47.9659
5973125.0,44.1722
5973750.0,45.1488
5974375.0,47.5434
5975000.0,48.5975
5975625.0,45.8533
5976250.0,48.9400
5976875.0,42.7870
5977500.0,35.0715
5978125.0,33.1809
5978750.0,35.3398
5979375.0,39.7899
5980000.0,40.8069
5980625.0,37.4340
5981250.0,35.8189
5981875.0,36.5900
5982500.0,37.8757
5983125.0,34.1085
5983750.0,35.9409
5984375.0,39.6546
5985000.0,35.0654
5985625.0,35.6143
5986250.0,37.0244
5986875.0,37.5238
5987500.0,35.8437
5988125.0,37.1424
5988750.0,38.1247
5989375.0,40.6287
5990000.0,36.7664
5990625.0,36.9236
5991250.0,39.8258
5991875.0,35.9840
5992500.0,34.5499
5993125.0,37.4630
5993750.0,38.9909
5994375.0,37.6679
5995000.0,36.8205
5995625.0,34.3205
5996250.0,57.8307
5996875.0,61.5761
5997500.0,54.4211
5998125.0,57.2902
5998750.0,56.8763
5999375.0,55.9767
6000000.0,58.7190
6000625.0,59.2856
6001250.0,59.2552
6001875.0,55.1673
6002500.0,53.2266
6003125.0,58.7609
6003750.0,56.5328
6004375.0,63.3311
6005000.0,63.4651
6005625.0,63.7730
6006250.0,55.2737
6006875.0,59.6512
6007500.0,60.5258
6008125.0,60.1992
6008750.0,56.9722
6009375.0,61.7096
6010000.0,225.0053
6010625.0,226.4412
6011250.0,207.6994
6011875.0,232.2536
6012500.0,222.0704
6013125.0,230.2288
6013750.0,227.6450
6014375.0,227.0355
6015000.0,46.8926
6015625.0,48.8485
6016250.0,46.5326
6016875.0,43.5803
6017500.0,48.3370
6018125.0,45.0988
6018750.0,43.8880
6019375.0,44.5977
6020000.0,47.6658
6020625.0,46.7732
6021250.0,41.9882
6021875.0,46.0984
6022500.0,49.7477
6023125.0,45.9395
6023750.0,46.6111
6024375.0,49.4510
6025000.0,48.8694
6025625.0,49.4011
6026250.0,40.4845
6026875.0,51.0738
6027500.0,48.4955
6028125.0,52.7845
6028750.0,35.5527
6029375.0,33.7376
6030000.0,37.0134
6030625.0,36.4906
6031250.0,38.2093
6031875.0,38.9886
6032500.0,36.8385
6033125.0,36.5547
6033750.0,37.9670
6034375.0,36.5258
6035000.0,57.0141
6035625.0,61.0077
6036250.0,61.6534
6036875.0,61.1435
6037500.0,57.5121
6038125.0,51.7946
6038750.0,57.5702
6039375.0,55.8019
6040000.0,57.6238
6040625.0,56.0538
6041250.0,57.9399
6041875.0,54.9861
6042500.0,54.2859
6043125.0,61.5458
6043750.0,55.1880
6044375.0,58.0010
6045000.0,60.7681
6045625.0,60.6515
6046250.0,60.3051
6046875.0,58.8783
6047500.0,60.0996
6048125.0,61.9820
6048750.0,229.7815
6049375.0,204.3315
6050000.0,219.0540
6050625.0,232.8342
6051250.0,217.9452
6051875.0,243.2262
6052500.0,224.2892
6053125.0,225.9590
6053750.0,49.6431
6054375.0,46.5703
6055000.0,47.4143
6055625.0,49.1129
6056250.0,43.5402
6056875.0,46.3295
6057500.0,48.9485
6058125.0,47.1542
6058750.0,50.4482
6059375.0,43.2966
6060000.0,43.0285
6060625.0,48.8088
6061250.0,49.0346
6061875.0,46.5459
6062500.0,47.9409
6063125.0,48.7512
6063750.0,45.0874
6064375.0,45.3389
6065000.0,47.4459
6065625.0,49.1246
6066250.0,44.2600
6066875.0,46.5348
6067500.0,36.5482
6068125.0,37.7732
6068750.0,36.9839
6069375.0,35.9901
6070000.0,39.3098
6070625.0,56.4362
6071250.0,57.1529
6071875.0,53.3847
6072500.0,55.9305
6073125.0,59.4966
6073750.0,58.9297
6074375.0,59.7386
6075000.0,59.5978
6075625.0,64.0544
6076250.0,55.8312
6076875.0,53.3037
6077500.0,54.9534
6078125.0,55.9594
6078750.0,55.1745
6079375.0,58.2716
6080000.0,61.6327
6080625.0,62.4650
6081250.0,59.4625
6081875.0,64.2097
6082500.0,56.9665
6083125.0,53.2657
6083750.0,61.0542
6084375.0,204.3158
6085000.0,216.5062
6085625.0,230.8513
6086250.0,223.8482
6086875.0,222.8518
6087500.0,211.7161
6088125.0,224.8785
6088750.0,236.2912
6089375.0,47.0469
6090000.0,45.0490
6090625.0,44.0683
6091250.0,45.0975
6091875.0,47.9220
6092500.0,47.8075
6093125.0,45.1188
6093750.0,41.8047
6094375.0,47.9870
6095000.0,44.8904
6095625.0,48.6193
6096250.0,45.2231
6096875.0,44.6784
6097500.0,47.3600
6098125.0,52.5406
6098750.0,48.7602
6099375.0,47.3201
6100000.0,47.8433
6100625.0,42.8849
6101250.0,44.3625
6101875.0,41.0993
6102500.0,51.0652
6103125.0,39.8257
6103750.0,37.7267
6104375.0,37.2500
6105000.0,34.1296
6105625.0,36.5943
6106250.0,40.3159
6106875.0,37.2431
6107500.0,35.9554
6108125.0,33.7476
6108750.0,39.5536
6109375.0,36.8703
6110000.0,52.9055
6110625.0,55.3196
6111250.0,54.2951
6111875.0,57.6179
6112500.0,58.6013
6113125.0,56.5407
6113750.0,60.2534
6114375.0,58.2285
6115000.0,61.0807
6115625.0,56.9641
6116250.0,66.8314
6116875.0,56.3630
6117500.0,55.3803
6118125.0,55.0237
6118750.0,57.3883
6119375.0,53.0133
6120000.0,58.8542
6120625.0,52.4746
6121250.0,58.4688
6121875.0,54.0814
6122500.0,56.8942
6123125.0,59.7532
6123750.0,250.9204
6124375.0,212.8725
6125000.0,223.3089
6125625.0,216.8577
6126250.0,215.2140
6126875.0,216.9566
6127500.0,234.2707
6128125.0,219.5094
6128750.0,52.2859
6129375.0,47.9776
6130000.0,44.6265
6130625.0,46.1382
6131250.0,45.1157
6131875.0,48.8802
6132500.0,43.1489
6133125.0,43.8488
6133750.0,45.6099
6134375.0,48.6049
6135000.0,49.8977
6135625.0,50.2443
6136250.0,48.2450
6136875.0,46.8052
6137500.0,48.8674
6138125.0,44.3104
6138750.0,42.6651
6139375.0,48.0261
6140000.0,44.6367
6140625.0,46.8465
6141250.0,47.2811
6141875.0,47.5831
6142500.0,38.7349
6143125.0,38.5393
6143750.0,37.3608
6144375.0,36.1823
6145000.0,37.1994
6145625.0,35.8970
6146250.0,36.6366
6146875.0,41.8436
6147500.0,37.3371
6148125.0,37.8330
6148750.0,35.6949
6149375.0,38.8871
6150000.0,38.4065
6150625.0,38.4196
6151250.0,37.3975
6151875.0,60.9992
6152500.0,61.6879
6153125.0,58.8210
6153750.0,57.6676
6154375.0,60.5943
6155000.0,55.3780
6155625.0,55.9179
6156250.0,57.8454
6156875.0,52.9501
6157500.0,60.4000
6158125.0,55.2075
6158750.0,56.6327
6159375.0,57.3815
6160000.0,58.1139
6160625.0,57.0034
6161250.0,57.8046
6161875.0,57.8271
6162500.0,56.7036
6163125.0,55.7577
6163750.0,61.1363
6164375.0,51.8972
6165000.0,57.4034
6165625.0,219.7249
6166250.0,229.7114
6166875.0,208.6392
6167500.0,219.3774
6168125.0,223.8485
6168750.0,237.0383
6169375.0,228.7371
6170000.0,211.6858
6170625.0,45.8544
6171250.0,49.0822
6171875.0,44.1782
6172500.0,46.8152
6173125.0,46.9786
6173750.0,46.0934
6174375.0,53.3350
6175000.0,46.0301
6175625.0,48.0569
6176250.0,45.1992
6176875.0,48.2402
6177500.0,49.0464
6178125.0,45.6183
6178750.0,46.8715
6179375.0,44.8961
6180000.0,44.3107
6180625.0,49.4365
6181250.0,45.6981
6181875.0,41.3280
6182500.0,51.1486
6183125.0,45.1151
6183750.0,46.4210
6184375.0,40.0357
6185000.0,36.7378
6185625.0,36.6978
6186250.0,34.7279
6186875.0,33.9756
6187500.0,36.6922
6188125.0,37.6712
6188750.0,37.5652
6189375.0,36.1097
6190000.0,37.0375
6190625.0,33.6012
6191250.0,37.8513
6191875.0,37.2986
6192500.0,40.6513
6193125.0,37.0138
6193750.0,35.2561
6194375.0,36.9062
6195000.0,36.3936
6195625.0,37.8042
6196250.0,37.0498
6196875.0,34.6691
6197500.0,33.9739
6198125.0,37.4864
6198750.0,39.5588
6199375.0,37.1468
6200000.0,38.5046
6200625.0,38.8737
6201250.0,37.4936
6201875.0,35.4932
6202500.0,37.3613
6203125.0,39.2331
6203750.0,37.9803
6204375.0,38.3843
6205000.0,36.1443
6205625.0,36.6256
6206250.0,36.7804
6206875.0,36.9050
6207500.0,39.1607
6208125.0,51.1932
6208750.0,58.0886
6209375.0,57.7695
6210000.0,54.0226
6210625.0,59.9481
6211250.0,55.8989
6211875.0,56.9646
6212500.0,63.3615
6213125.0,60.9289
6213750.0,59.6660
6214375.0,59.1043
6215000.0,57.5224
6215625.0,63.7982
6216250.0,60.3263
6216875.0,55.8263
6217500.0,53.9397
6218125.0,59.6438
6218750.0,57.8380
6219375.0,53.8561
6220000.0,59.2429
6220625.0,57.2198
6221250.0,59.5389
6221875.0,237.1242
6222500.0,224.9441
6223125.0,239.3410
6223750.0,226.2243
6224375.0,226.9786
6225000.0,225.8257
6225625.0,245.1193
6226250.0,228.7454
6226875.0,50.2252
6227500.0,51.1912
6228125.0,45.2640
6228750.0,40.1357
6229375.0,49.4546
6230000.0,46.1964
6230625.0,44.9645
6231250.0,45.6165
6231875.0,46.0252
6232500.0,50.0484
6233125.0,47.3758
6233750.0,50.0165
6234375.0,48.1614
6235000.0,46.2733
6235625.0,46.0827
6236250.0,48.3198
6236875.0,48.9280
6237500.0,49.3425
6238125.0,46.3854
6238750.0,47.4117
6239375.0,48.3725
6240000.0,46.0977
6240625.0,34.9004
6241250.0,35.5084
6241875.0,36.5541
6242500.0,38.2251
6243125.0,39.3291
6243750.0,34.4913
6244375.0,35.8949
6245000.0,36.3380
6245625.0,38.4702
6246250.0,36.0230
6246875.0,36.2050
6247500.0,34.3878
6248125.0,37.8943
6248750.0,36.7014
6249375.0,35.7900
6250000.0,36.5199
6250625.0,39.0849
6251250.0,35.1410
6251875.0,35.4429
6252500.0,39.3167
6253125.0,37.1402
6253750.0,38.2390
6254375.0,37.7432
6255000.0,36.9346
6255625.0,36.3556
6256250.0,38.5384
6256875.0,39.1503
6257500.0,39.0057
6258125.0,34.8069
6258750.0,39.4141
6259375.0,36.3378
6260000.0,35.6032
6260625.0,36.6867
6261250.0,38.5376
6261875.0,37.9999
6262500.0,36.5275
6263125.0,38.5497
6263750.0,58.4056
6264375.0,56.3384
6265000.0,55.9467
6265625.0,59.1897
6266250.0,57.7607
6266875.0,54.0110
6267500.0,60.4568
6268125.0,56.6072
6268750.0,62.6171
6269375.0,53.9313
6270000.0,57.4759
6270625.0,55.9701
6271250.0,55.1713
6271875.0,56.5883
6272500.0,63.1346
6273125.0,58.4158
6273750.0,55.7040
6274375.0,52.6970
6275000.0,53.0080
6275625.0,56.4443
6276250.0,56.1623
6276875.0,57.3503
6277500.0,205.6427
6278125.0,230.9365
6278750.0,243.9217
6279375.0,250.8250
6280000.0,210.0244
6280625.0,222.7038
6281250.0,222.0909
6281875.0,233.6904
6282500.0,44.1335
6283125.0,50.9533
6283750.0,47.1023
6284375.0,46.7106
6285000.0,50.7429
6285625.0,46.9623
6286250.0,47.9407
6286875.0,45.2356
6287500.0,43.7793
6288125.0,45.5657
6288750.0,52.1394
6289375.0,48.4876
6290000.0,47.6452
6290625.0,44.7055
6291250.0,49.1414
6291875.0,43.8094
6292500.0,43.3174
6293125.0,45.6866
6293750.0,51.5931
6294375.0,51.4601
6295000.0,45.9396
6295625.0,45.4156
6296250.0,33.9653
6296875.0,37.1444
6297500.0,37.2997
6298125.0,38.4607
6298750.0,60.6411
6299375.0,57.4275
6300000.0,59.6125
6300625.0,55.9681
6301250.0,59.5574
6301875.0,56.5290
6302500.0,59.3324
6303125.0,59.0977
6303750.0,58.1995
6304375.0,60.3042
6305000.0,53.4458
6305625.0,54.9117
6306250.0,57.2168
6306875.0,53.8145
6307500.0,56.8201
6308125.0,56.9136
6308750.0,61.7981
6309375.0,58.4133
6310000.0,60.9853
6310625.0,58.8749
6311250.0,56.4466
6311875.0,58.3878
6312500.0,240.4613
6313125.0,245.8435
6313750.0,230.4652
6314375.0,212.8889
6315000.0,212.0735
6315625.0,228.2136
6316250.0,204.8803
6316875.0,252.8232
6317500.0,48.4028
6318125.0,45.5062
6318750.0,44.3923
6319375.0,49.4161
6320000.0,44.3830
6320625.0,44.6072
6321250.0,45.2000
6321875.0,47.2681
6322500.0,48.4589
6323125.0,49.8028
6323750.0,49.4557
6324375.0,47.0018
6325000.0,49.3982
6325625.0,45.4232
6326250.0,42.7210
6326875.0,45.4228
6327500.0,45.1053
6328125.0,45.5148
6328750.0,44.7455
6329375.0,45.9164
6330000.0,48.4570
6330625.0,51.0309
6331250.0,33.8081
6331875.0,34.6177
6332500.0,35.5358
6333125.0,38.4166
6333750.0,57.4057
6334375.0,55.9001
6335000.0,60.0785
6335625.0,60.7735
6336250.0,57.9456
6336875.0,55.6330
6337500.0,58.7838
6338125.0,57.3235
6338750.0,57.3011
6339375.0,56.5140
6340000.0,60.6825
6340625.0,58.7247
6341250.0,61.0035
6341875.0,61.8753
6342500.0,59.3310
6343125.0,56.5312
6343750.0,61.0169
6344375.0,59.3504
6345000.0,65.5498
6345625.0,58.8993
6346250.0,60.0233
6346875.0,58.8422
6347500.0,230.8505
6348125.0,228.9980
6348750.0,235.4132
6349375.0,238.0456
6350000.0,245.3909
6350625.0,235.5827
6351250.0,226.6305
6351875.0,228.2085
6352500.0,43.8911
6353125.0,50.9039
6353750.0,45.7282
6354375.0,49.2735
6355000.0,47.6499
6355625.0,47.7138
6356250.0,46.7240
6356875.0,45.1487
6357500.0,44.7239
6358125.0,51.0619
6358750.0,47.2678
6359375.0,49.6444
6360000.0,50.2545
6360625.0,46.0345
6361250.0,47.9952
6361875.0,47.1058
6362500.0,44.2805
6363125.0,46.5641
6363750.0,48.3806
6364375.0,45.8273
6365000.0,46.2366
6365625.0,46.5926
6366250.0,40.9063
6366875.0,33.6070
6367500.0,37.9280
6368125.0,36.5313
6368750.0,35.8148
6369375.0,36.4859
6370000.0,38.2346
6370625.0,38.3404
6371250.0,37.3441
6371875.0,39.0216
6372500.0,39.3473
6373125.0,38.5103
6373750.0,35.9895
6374375.0,37.9147
6375000.0,37.9235
6375625.0,35.4911
6376250.0,34.0965
6376875.0,33.2579
6377500.0,37.1292
6378125.0,37.5514
6378750.0,34.8137
6379375.0,38.9352
6380000.0,37.2816
6380625.0,39.4965
6381250.0,37.6855
6381875.0,35.0273
6382500.0,37.8478
6383125.0,38.2397
6383750.0,56.4119
6384375.0,53.8179
6385000.0,58.2909
6385625.0,55.0976
6386250.0,61.2506
6386875.0,56.8192
6387500.0,63.0013
6388125.0,51.8399
6388750.0,58.3909
6389375.0,62.1452
6390000.0,55.4181
6390625.0,57.5383
6391250.0,56.8312
6391875.0,56.0171
6392500.0,58.7094
6393125.0,54.2433
6393750.0,57.6782
6394375.0,59.4964
6395000.0,57.3762
6395625.0,55.0994
6396250.0,60.9875
6396875.0,60.1177
6397500.0,213.2866
6398125.0,210.4413
6398750.0,214.2909
6399375.0,231.1343
6400000.0,228.1002
6400625.0,233.8884
6401250.0,221.3308
6401875.0,214.5967
6402500.0,49.1593
6403125.0,45.6994
6403750.0,47.4384
6404375.0,43.3577
6405000.0,45.6609
6405625.0,49.3721
6406250.0,45.3168
6406875.0,48.9141
6407500.0,41.5221
6408125.0,45.6854
6408750.0,46.5973
6409375.0,51.0950
6410000.0,44.2527
6410625.0,48.5768
6411250.0,49.4838
6411875.0,45.3045
6412500.0,46.1222
6413125.0,47.3328
6413750.0,43.5185
6414375.0,45.9305
6415000.0,49.9989
6415625.0,48.2282
6416250.0,36.7100
6416875.0,37.2092
6417500.0,38.0747
6418125.0,38.4290
6418750.0,35.9706
6419375.0,39.8392
6420000.0,39.4352
6420625.0,38.2529
6421250.0,35.4405
6421875.0,35.1126
6422500.0,36.3958
6423125.0,37.1124
6423750.0,33.7283
6424375.0,37.9152
6425000.0,39.3818
6425625.0,38.0665
6426250.0,35.7493
6426875.0,35.5304
6427500.0,37.5547
6428125.0,36.7164
6428750.0,37.8196
6429375.0,38.1132
6430000.0,39.0200
6430625.0,34.9056
6431250.0,37.4100
6431875.0,36.3276
6432500.0,36.8175
6433125.0,38.5992
6433750.0,38.8003
6434375.0,39.5871
6435000.0,37.7873
6435625.0,36.7965
6436250.0,36.5322
6436875.0,33.7907
6437500.0,39.4785
6438125.0,36.4045
6438750.0,37.9359
6439375.0,59.9691
6440000.0,54.3886
6440625.0,55.3223
6441250.0,62.4864
6441875.0,58.8423
6442500.0,56.3163
6443125.0,57.6336
6443750.0,61.1501
6444375.0,60.7095
6445000.0,53.7484
6445625.0,62.7394
6446250.0,60.8018
6446875.0,57.5578
6447500.0,54.5440
6448125.0,61.0566
6448750.0,59.3816
6449375.0,53.7724
6450000.0,57.3270
6450625.0,67.0659
6451250.0,58.0479
6451875.0,55.8483
6452500.0,55.0754
6453125.0,244.9361
6453750.0,234.5373
6454375.0,240.8337
6455000.0,227.7921
6455625.0,239.1077
6456250.0,215.4564
6456875.0,226.8291
6457500.0,228.2294
6458125.0,50.2488
6458750.0,47.7493
6459375.0,45.5300
6460000.0,47.1506
6460625.0,43.0604
6461250.0,41.5457
6461875.0,48.9537
6462500.0,46.1194
6463125.0,46.3857
6463750.0,48.9527
6464375.0,50.2830
6465000.0,48.2560
6465625.0,51.5310
6466250.0,48.1813
6466875.0,47.7102
6467500.0,47.5649
6468125.0,43.9791
6468750.0,49.2466
6469375.0,41.2532
6470000.0,45.6223
6470625.0,47.0539
6471250.0,45.1441
6471875.0,36.1643
6472500.0,40.4028
6473125.0,39.0424
6473750.0,35.7312
6474375.0,36.1313
6475000.0,34.6375
6475625.0,38.3042
6476250.0,36.5380
6476875.0,33.3620
6477500.0,37.1864
6478125.0,37.8121
6478750.0,38.7818
6479375.0,36.8643
6480000.0,36.3106
6480625.0,40.6746
6481250.0,37.0122
6481875.0,38.3312
6482500.0,36.0019
6483125.0,38.2763
6483750.0,34.3071
6484375.0,36.1452
6485000.0,34.7647
6485625.0,35.8808
6486250.0,39.3134
6486875.0,35.8672
6487500.0,38.3288
6488125.0,39.8069
6488750.0,36.9490
6489375.0,60.8819
6490000.0,59.5401
6490625.0,58.3377
6491250.0,60.1759
6491875.0,63.3358
6492500.0,56.1519
6493125.0,55.2183
6493750.0,55.0480
6494375.0,60.8838
6495000.0,61.2752
6495625.0,56.4426
6496250.0,51.8056
6496875.0,56.0432
6497500.0,59.5888
6498125.0,57.8065
6498750.0,58.5230
6499375.0,56.4823
6500000.0,60.9409
6500625.0,58.9953
6501250.0,59.7007
6501875.0,58.4613
6502500.0,59.5207
6503125.0,237.3194
6503750.0,221.2343
6504375.0,236.3275
6505000.0,241.1815
6505625.0,245.3996
6506250.0,236.8268
6506875.0,220.8031
6507500.0,222.5887
6508125.0,45.9774
6508750.0,47.4452
6509375.0,46.7127
6510000.0,44.3592
6510625.0,44.3452
6511250.0,42.0685
6511875.0,39.6692
6512500.0,46.6903
6513125.0,52.4525
6513750.0,51.2224
6514375.0,44.7012
6515000.0,47.3523
6515625.0,43.5582
6516250.0,43.9165
6516875.0,44.1859
6517500.0,46.4701
6518125.0,46.5712
6518750.0,47.5938
6519375.0,48.5586
6520000.0,46.2083
6520625.0,47.0851
6521250.0,44.4295
6521875.0,34.5127
6522500.0,34.2269
6523125.0,38.2011
6523750.0,36.3749
6524375.0,33.5384
6525000.0,36.8833
6525625.0,34.6897
6526250.0,40.0717
6526875.0,35.9292
6527500.0,38.2608
6528125.0,39.0146
6528750.0,35.2334
6529375.0,37.1407
6530000.0,38.0239
6530625.0,37.2138
6531250.0,37.6680
6531875.0,34.5402
6532500.0,38.0250
6533125.0,36.1006
6533750.0,37.6465
6534375.0,38.7020
6535000.0,38.2373
6535625.0,37.6451
6536250.0,38.1879
6536875.0,38.2736
6537500.0,39.7667
6538125.0,36.9370
6538750.0,37.3033
6539375.0,38.7243
6540000.0,36.0928
6540625.0,34.5298
6541250.0,37.9125
6541875.0,36.6189
6542500.0,34.7661
6543125.0,37.9260
6543750.0,62.1503
6544375.0,53.2737
6545000.0,60.9647
6545625.0,50.6425
6546250.0,56.8392
6546875.0,63.3375
6547500.0,57.0479
6548125.0,58.2608
6548750.0,60.2123
6549375.0,53.0222
6550000.0,58.2091
6550625.0,58.1862
6551250.0,63.4007
6551875.0,54.4164
6552500.0,56.8935
6553125.0,55.3078
6553750.0,55.0002
6554375.0,61.2695
6555000.0,58.0773
6555625.0,56.3889
6556250.0,56.4982
6556875.0,56.3666
6557500.0,219.6697
6558125.0,210.7750
6558750.0,222.0893
6559375.0,220.9589
6560000.0,216.4748
6560625.0,226.7443
6561250.0,227.6988
6561875.0,218.7377
6562500.0,46.6613
6563125.0,52.0728
6563750.0,51.9830
6564375.0,44.5229
6565000.0,44.8510
6565625.0,44.5104
6566250.0,49.4841
6566875.0,46.0635
6567500.0,47.5632
6568125.0,51.6929
6568750.0,46.9754
6569375.0,48.6597
6570000.0,48.2230
6570625.0,45.6177
6571250.0,49.4890
6571875.0,45.0032
6572500.0,50.1487
6573125.0,45.6195
6573750.0,45.8768
6574375.0,44.4421
6575000.0,44.8280
6575625.0,45.9971
6576250.0,32.5020
6576875.0,36.5683
6577500.0,36.0602
6578125.0,38.4615
6578750.0,37.7825
6579375.0,35.6909
6580000.0,36.1517
6580625.0,36.5660
6581250.0,39.7490
6581875.0,35.4787
6582500.0,35.6684
6583125.0,34.9121
6583750.0,34.2582
6584375.0,37.5680
6585000.0,37.3754
6585625.0,39.3731
6586250.0,38.9266
6586875.0,41.4347
6587500.0,36.8633
6588125.0,36.5180
6588750.0,34.5946
6589375.0,38.2887
6590000.0,37.2193
6590625.0,38.2048
6591250.0,34.8926
6591875.0,37.6505
6592500.0,37.3796
6593125.0,37.2572
6593750.0,35.7360
6594375.0,39.2003
6595000.0,40.7931
6595625.0,34.9459
6596250.0,60.0893
6596875.0,49.6542
6597500.0,59.9390
6598125.0,52.5766
6598750.0,56.4776
6599375.0,54.1922
6600000.0,57.3747
6600625.0,60.4325
6601250.0,52.6138
6601875.0,56.9575
6602500.0,56.5112
6603125.0,62.5850
6603750.0,59.2521
6604375.0,54.5861
6605000.0,56.6332
6605625.0,62.5127
6606250.0,60.0717
6606875.0,55.3371
6607500.0,57.2255
6608125.0,57.3182
6608750.0,56.4399
6609375.0,53.0404
6610000.0,217.3768
6610625.0,240.6285
6611250.0,220.7121
6611875.0,223.8384
6612500.0,226.5809
6613125.0,249.9541
6613750.0,225.0998
6614375.0,237.3069
6615000.0,45.5943
6615625.0,46.3904
6616250.0,47.0295
6616875.0,45.1808
6617500.0,46.5213
6618125.0,49.0869
6618750.0,45.1191
6619375.0,47.0002
6620000.0,48.6655
6620625.0,45.0625
6621250.0,49.5742
6621875.0,47.1713
6622500.0,46.6120
6623125.0,42.2809
6623750.0,46.1220
6624375.0,47.8732
6625000.0,51.1016
6625625.0,48.3345
6626250.0,49.6466
6626875.0,44.1586
6627500.0,46.7020
6628125.0,49.8688
6628750.0,35.3577
6629375.0,38.7857
6630000.0,38.3566
6630625.0,37.5082
6631250.0,36.3919
6631875.0,35.1754
6632500.0,40.2845
6633125.0,38.1689
6633750.0,37.6301
6634375.0,36.2362
6635000.0,37.0701
6635625.0,37.3047
6636250.0,37.7398
6636875.0,38.3585
6637500.0,35.5524
6638125.0,34.2868
6638750.0,37.1559
6639375.0,33.7676
6640000.0,36.4012
6640625.0,36.0580
6641250.0,37.9097
6641875.0,40.6678
6642500.0,33.4025
6643125.0,41.2072
6643750.0,36.5688
6644375.0,37.6434
6645000.0,34.3826
6645625.0,38.8442
6646250.0,37.0767
6646875.0,36.8863
6647500.0,33.4158
6648125.0,37.1365
6648750.0,38.5648
6649375.0,57.3148
6650000.0,61.4052
6650625.0,61.2854
6651250.0,56.1408
6651875.0,62.6258
6652500.0,58.1314
6653125.0,58.1443
6653750.0,58.2870
6654375.0,58.2010
6655000.0,50.3726
6655625.0,57.4620
6656250.0,54.0446
6656875.0,62.7164
6657500.0,62.5996
6658125.0,60.4706
6658750.0,57.3084
6659375.0,55.0768
6660000.0,56.0930
6660625.0,63.6337
6661250.0,55.9926
6661875.0,51.1688
6662500.0,60.9875
6663125.0,249.4058
6663750.0,251.2469
6664375.0,244.0448
6665000.0,245.9376
6665625.0,232.6140
6666250.0,207.9150
6666875.0,232.3234
6667500.0,239.2102
6668125.0,46.6821
6668750.0,46.5750
6669375.0,44.7343
6670000.0,44.6459
6670625.0,51.3196
6671250.0,51.4047
6671875.0,46.9938
6672500.0,47.6616
6673125.0,44.6950
6673750.0,48.5101
6674375.0,51.1352
6675000.0,43.4063
6675625.0,48.0901
6676250.0,48.2667
6676875.0,48.2399
6677500.0,50.8606
6678125.0,51.7846
6678750.0,46.4513
6679375.0,48.5820
6680000.0,47.1979
6680625.0,45.5145
6681250.0,47.6364
6681875.0,38.2423
6682500.0,37.4013
6683125.0,35.3698
6683750.0,36.1424
6684375.0,36.1566
6685000.0,35.4415
6685625.0,37.5800
6686250.0,37.7735
6686875.0,60.8406
6687500.0,55.5129
6688125.0,56.3253
6688750.0,62.5083
6689375.0,57.5230
6690000.0,58.0874
6690625.0,57.4922
6691250.0,61.2858
6691875.0,61.3982
6692500.0,61.2283
6693125.0,58.0770
6693750.0,55.4699
6694375.0,63.5831
6695000.0,60.4833
6695625.0,56.6757
6696250.0,62.1291
6696875.0,56.4467
6697500.0,62.0910
6698125.0,62.2870
6698750.0,55.3277
6699375.0,59.6871
6700000.0,60.2684
6700625.0,254.4177
6701250.0,216.6491
6701875.0,241.1161
6702500.0,225.1951
6703125.0,211.0347
6703750.0,223.6501
6704375.0,225.0277
6705000.0,213.0875
6705625.0,47.7336
6706250.0,49.2509
6706875.0,47.5598
6707500.0,45.7267
6708125.0,46.6511
6708750.0,46.9893
6709375.0,47.5107
6710000.0,49.6081
6710625.0,47.6391
6711250.0,43.7037
6711875.0,45.6785
6712500.0,47.3901
6713125.0,49.6417
6713750.0,50.0499
6714375.0,51.1705
6715000.0,47.3069
6715625.0,48.7938
6716250.0,43.5820
6716875.0,48.0102
6717500.0,44.4731
6718125.0,46.8530
6718750.0,54.1201
6719375.0,37.5616
6720000.0,35.4019
6720625.0,37.7544
6721250.0,36.0434
6721875.0,35.2226
6722500.0,40.8908
6723125.0,61.0938
6723750.0,59.0021
6724375.0,56.8637
6725000.0,57.0987
6725625.0,62.4732
6726250.0,58.8891
6726875.0,49.0599
6727500.0,65.0207
6728125.0,58.5309
6728750.0,58.9958
6729375.0,61.1514
6730000.0,59.3497
6730625.0,60.1660
6731250.0,56.7712
6731875.0,54.4336
6732500.0,58.8127
6733125.0,62.1517
6733750.0,56.1214
6734375.0,55.8887
6735000.0,61.5410
6735625.0,56.6740
6736250.0,56.8094
6736875.0,220.8021
6737500.0,224.2690
6738125.0,207.2966
6738750.0,218.9324
6739375.0,227.5916
6740000.0,227.5114
6740625.0,238.0274
6741250.0,245.6932
6741875.0,50.5543
6742500.0,49.1494
6743125.0,46.6505
6743750.0,45.5358
6744375.0,47.0420
6745000.0,48.3761
6745625.0,48.9316
6746250.0,48.4643
6746875.0,46.7152
6747500.0,48.8491
6748125.0,49.9631
6748750.0,49.0684
6749375.0,46.9248
6750000.0,45.0405
6750625.0,44.9847
6751250.0,45.3991
6751875.0,47.6041
6752500.0,48.2215
6753125.0,43.6758
6753750.0,45.8156
6754375.0,47.5717
6755000.0,44.8858
6755625.0,37.8027
6756250.0,36.4313
6756875.0,35.6617
6757500.0,37.0984
6758125.0,37.7257
6758750.0,35.4302
6759375.0,36.5512
6760000.0,37.8652
6760625.0,35.5901
6761250.0,33.9331
6761875.0,34.1573
6762500.0,36.2266
6763125.0,34.5609
6763750.0,36.3567
6764375.0,40.0801
6765000.0,34.4496
6765625.0,36.4772
6766250.0,40.9448
6766875.0,59.1836
6767500.0,56.9336
6768125.0,57.5450
6768750.0,59.2452
6769375.0,62.9177
6770000.0,56.4605
6770625.0,55.8029
6771250.0,54.0015
6771875.0,58.2990
6772500.0,53.9235
6773125.0,56.6550
6773750.0,55.3648
6774375.0,61.1150
6775000.0,56.5257
6775625.0,59.1511
6776250.0,53.3481
6776875.0,58.3814
6777500.0,54.5108
6778125.0,56.7656
6778750.0,64.4125
6779375.0,60.7033
6780000.0,57.6276
6780625.0,260.9881
6781250.0,214.7043
6781875.0,238.1087
6782500.0,207.7574
6783125.0,222.2559
6783750.0,209.8374
6784375.0,227.8944
6785000.0,225.6297
6785625.0,46.2770
6786250.0,49.5663
6786875.0,45.6673
6787500.0,47.7681
6788125.0,48.9283
6788750.0,43.5144
6789375.0,45.2412
6790000.0,47.1266
6790625.0,48.4809
6791250.0,50.3399
6791875.0,46.4927
6792500.0,46.2563
6793125.0,44.9494
6793750.0,47.7755
6794375.0,46.3018
6795000.0,46.3560
6795625.0,46.7794
6796250.0,48.2963
6796875.0,45.6752
6797500.0,45.1854
6798125.0,48.0146
6798750.0,39.8895
6799375.0,35.8832
6800000.0,34.8701
6800625.0,39.2260
6801250.0,36.1843
6801875.0,35.9627
6802500.0,36.9100
6803125.0,35.8986
6803750.0,36.2551
6804375.0,37.1797
6805000.0,36.2192
6805625.0,36.2059
6806250.0,35.1312
6806875.0,34.8655
6807500.0,37.1122
6808125.0,37.5672
6808750.0,34.3579
6809375.0,38.4059
6810000.0,38.4135
6810625.0,38.8032
6811250.0,37.5548
6811875.0,38.1786
6812500.0,41.0423
6813125.0,57.1256
6813750.0,54.9675
6814375.0,53.5512
6815000.0,63.0915
6815625.0,63.1295
6816250.0,55.3187
6816875.0,55.8908
6817500.0,57.0604
6818125.0,61.5503
6818750.0,54.2668
6819375.0,52.2968
6820000.0,64.2858
6820625.0,58.9059
6821250.0,59.3178
6821875.0,57.4052
6822500.0,59.3508
6823125.0,53.6088
6823750.0,55.5613
6824375.0,58.3050
6825000.0,51.4144
6825625.0,57.1227
6826250.0,56.9439
6826875.0,221.5947
6827500.0,218.8003
6828125.0,213.7962
6828750.0,204.5021
6829375.0,226.6284
6830000.0,221.6236
6830625.0,209.5281
6831250.0,225.7035
6831875.0,46.3069
6832500.0,45.9166
6833125.0,41.9313
6833750.0,48.6045
6834375.0,44.1023
6835000.0,47.1487
6835625.0,45.1006
6836250.0,46.0865
6836875.0,49.7079
6837500.0,48.2493
6838125.0,49.6556
6838750.0,47.7764
6839375.0,47.9309
6840000.0,42.8143
6840625.0,46.2538
6841250.0,46.4715
6841875.0,49.8756
6842500.0,45.8104
6843125.0,47.6224
6843750.0,47.5305
6844375.0,49.7205
6845000.0,46.6857
6845625.0,38.5314
6846250.0,33.8460
6846875.0,34.0141
6847500.0,32.7758
6848125.0,38.4541
6848750.0,38.2463
6849375.0,38.6591
6850000.0,35.7469
6850625.0,35.9574
6851250.0,36.7761
6851875.0,39.6708
6852500.0,40.1336
6853125.0,38.4685
6853750.0,37.6124
6854375.0,39.4705
6855000.0,36.5267
6855625.0,36.2768
6856250.0,36.7613
6856875.0,35.1894
6857500.0,36.6762
6858125.0,34.9328
6858750.0,38.8963
6859375.0,38.0058
6860000.0,39.6447
6860625.0,33.9858
6861250.0,40.5181
6861875.0,34.0909
6862500.0,54.5249
6863125.0,56.1996
6863750.0,61.7924
6864375.0,58.6542
6865000.0,57.2929
6865625.0,55.7014
6866250.0,54.0098
6866875.0,61.2846
6867500.0,60.3161
6868125.0,61.9221
6868750.0,59.1508
6869375.0,50.3379
6870000.0,54.3907
6870625.0,59.3481
6871250.0,56.9278
6871875.0,56.3794
6872500.0,54.8006
6873125.0,60.7480
6873750.0,59.3230
6874375.0,59.4535
6875000.0,56.1626
6875625.0,58.5112
6876250.0,216.4819
6876875.0,230.4940
6877500.0,202.6760
6878125.0,213.8099
6878750.0,228.2612
6879375.0,259.5514
6880000.0,211.1114
6880625.0,217.5745
6881250.0,47.5094
6881875.0,51.1581
6882500.0,47.4751
6883125.0,48.6500
6883750.0,46.2066
6884375.0,45.8000
6885000.0,47.1931
6885625.0,45.4530
6886250.0,48.7020
6886875.0,43.2253
6887500.0,49.0915
6888125.0,47.0924
6888750.0,46.4954
6889375.0,43.1390
6890000.0,44.6975
6890625.0,49.8168
6891250.0,46.5098
6891875.0,47.6542
6892500.0,44.9331
6893125.0,46.9317
6893750.0,43.7754
6894375.0,47.2347
6895000.0,37.6857
6895625.0,37.5931
6896250.0,35.3284
6896875.0,36.3672
6897500.0,37.9938
6898125.0,36.6088
6898750.0,36.4685
6899375.0,40.5214
6900000.0,35.2407
6900625.0,38.9988
6901250.0,34.8638
6901875.0,38.2113
6902500.0,38.3101
6903125.0,36.0558
6903750.0,34.7477
6904375.0,33.3547
6905000.0,35.8620
6905625.0,37.9735
6906250.0,35.0064
6906875.0,37.1794
6907500.0,34.2686
6908125.0,36.5673
6908750.0,34.8780
6909375.0,36.8557
6910000.0,36.0730
6910625.0,34.7978
6911250.0,35.7811
6911875.0,35.2718
6912500.0,34.5692
6913125.0,39.0031
6913750.0,36.3337
6914375.0,32.9259
6915000.0,35.8469
6915625.0,38.6922
6916250.0,35.5915
6916875.0,39.7708
6917500.0,35.4152
6918125.0,37.9313
6918750.0,61.0063
6919375.0,59.3056
6920000.0,54.0140
6920625.0,55.2668
6921250.0,61.3932
6921875.0,55.6666
6922500.0,60.8295
6923125.0,56.7522
6923750.0,58.4102
6924375.0,53.9803
6925000.0,56.2360
6925625.0,55.4616
6926250.0,58.6542
6926875.0,58.2703
6927500.0,59.3417
6928125.0,56.5775
6928750.0,55.3023
6929375.0,58.5299
6930000.0,55.0142
6930625.0,61.1274
6931250.0,57.6679
6931875.0,57.0542
6932500.0,237.3612
6933125.0,231.1142
6933750.0,212.7666
6934375.0,219.6874
6935000.0,244.2694
6935625.0,232.9731
6936250.0,212.4938
6936875.0,236.0845
6937500.0,45.6857
6938125.0,44.9449
6938750.0,44.3095
6939375.0,49.3498
6940000.0,42.3811
6940625.0,45.0318
6941250.0,47.2823
6941875.0,50.7092
6942500.0,48.3016
6943125.0,45.0118
6943750.0,50.5940
6944375.0,43.8155
6945000.0,47.6235
6945625.0,48.1463
6946250.0,44.9294
6946875.0,48.6393
6947500.0,45.7924
6948125.0,48.6336
6948750.0,42.6770
6949375.0,47.7872
6950000.0,46.0315
6950625.0,49.7018
6951250.0,36.9186
6951875.0,39.3111
6952500.0,37.9391
6953125.0,36.7641
6953750.0,38.4572
6954375.0,38.4690
6955000.0,37.8730
6955625.0,32.7592
6956250.0,35.1823
6956875.0,39.5606
6957500.0,34.6765
6958125.0,38.6326
6958750.0,38.3069
6959375.0,35.6574
6960000.0,33.3088
6960625.0,35.9475
6961250.0,40.8443
6961875.0,35.4029
6962500.0,35.5306
6963125.0,35.1545
6963750.0,39.2474
6964375.0,36.5506
6965000.0,35.8421
6965625.0,39.6149
6966250.0,38.0721
6966875.0,35.2993
6967500.0,34.7364
6968125.0,39.1426
6968750.0,37.0311
6969375.0,34.1342
6970000.0,33.7012
6970625.0,34.9353
6971250.0,34.7070
6971875.0,33.2148
6972500.0,34.9659
6973125.0,35.2997
6973750.0,36.1440
6974375.0,62.9094
6975000.0,57.2262
6975625.0,57.5140
6976250.0,59.4768
6976875.0,57.3118
6977500.0,59.1604
6978125.0,58.8138
6978750.0,58.3555
6979375.0,66.0228
6980000.0,60.6423
6980625.0,54.8630
6981250.0,59.0736
6981875.0,55.7040
6982500.0,59.2941
6983125.0,54.0120
6983750.0,54.7874
6984375.0,58.9973
6985000.0,60.8932
6985625.0,59.4577
6986250.0,60.4769
6986875.0,59.0841
6987500.0,58.5002
6988125.0,219.3335
6988750.0,234.1463
6989375.0,236.5299
6990000.0,224.2899
6990625.0,223.6846
6991250.0,242.9033
6991875.0,224.7703
6992500.0,225.8515
6993125.0,48.1379
6993750.0,46.7702
6994375.0,45.0722
6995000.0,47.8882
6995625.0,46.9089
6996250.0,51.3293
6996875.0,48.8529
6997500.0,45.6006
6998125.0,48.7133
6998750.0,47.7235
6999375.0,50.0772
7000000.0,45.7675
7000625.0,47.4434
7001250.0,46.7671
7001875.0,47.1374
7002500.0,44.9198
7003125.0,48.3534
7003750.0,47.9822
7004375.0,50.0203
7005000.0,46.9764
7005625.0,46.0322
7006250.0,48.8548
7006875.0,35.5307
7007500.0,39.0072
7008125.0,39.0033
7008750.0,39.3260
7009375.0,37.6968
7010000.0,36.1000
7010625.0,37.2020
7011250.0,37.7031
7011875.0,35.9637
7012500.0,61.8660
7013125.0,59.6822
7013750.0,55.4126
7014375.0,63.4603
7015000.0,58.2824
7015625.0,54.8271
7016250.0,55.5923
7016875.0,62.3146
7017500.0,63.2925
7018125.0,60.9275
7018750.0,61.8260
7019375.0,61.5282
7020000.0,59.6151
7020625.0,58.9542
7021250.0,59.5656
7021875.0,60.1344
7022500.0,55.8494
7023125.0,60.1227
7023750.0,62.2300
7024375.0,57.4015
7025000.0,57.0916
7025625.0,59.3820
7026250.0,224.4640
7026875.0,216.7249
7027500.0,245.3135
7028125.0,226.7690
7028750.0,232.2140
7029375.0,224.9225
7030000.0,246.8104
7030625.0,241.8968
7031250.0,46.4343
7031875.0,44.2272
7032500.0,46.1847
7033125.0,48.3399
7033750.0,47.4433
7034375.0,47.2564
7035000.0,47.4975
7035625.0,48.7832
7036250.0,46.9016
7036875.0,48.0575
7037500.0,44.6807
7038125.0,53.0015
7038750.0,46.3329
7039375.0,47.4784
7040000.0,48.3312
7040625.0,46.0346
7041250.0,47.0184
7041875.0,46.9898
7042500.0,44.8520
7043125.0,48.0307
7043750.0,43.1243
7044375.0,51.1189
7045000.0,38.4670
7045625.0,38.1824
7046250.0,33.7872
7046875.0,35.5338
7047500.0,39.5703
7048125.0,44.6798
7048750.0,39.2102
7049375.0,38.9183
7050000.0,37.9712
7050625.0,35.4321
7051250.0,38.8411
7051875.0,34.9628
7052500.0,34.7604
7053125.0,34.6440
7053750.0,38.8051
7054375.0,36.8938
7055000.0,37.1866
7055625.0,36.9715
7056250.0,34.9174
7056875.0,35.7591
7057500.0,35.8522
7058125.0,34.4002
7058750.0,36.0672
7059375.0,34.9996
7060000.0,38.0687
7060625.0,38.2228
7061250.0,54.2484
7061875.0,57.1398
7062500.0,63.3826
7063125.0,55.1558
7063750.0,59.2372
7064375.0,58.3060
7065000.0,61.1694
7065625.0,58.8569
7066250.0,56.7492
7066875.0,58.1936
7067500.0,58.2360
7068125.0,57.7341
7068750.0,54.1746
7069375.0,61.6050
7070000.0,61.0927
7070625.0,54.9719
7071250.0,57.1279
7071875.0,57.3473
7072500.0,54.6461
7073125.0,52.5863
7073750.0,56.0553
7074375.0,56.9664
7075000.0,215.2817
7075625.0,234.0529
7076250.0,245.4891
7076875.0,241.7685
7077500.0,230.5304
7078125.0,210.6512
7078750.0,240.3021
7079375.0,233.6981
7080000.0,47.9972
7080625.0,51.5498
7081250.0,45.0617
7081875.0,40.2442
7082500.0,44.5244
7083125.0,48.1422
7083750.0,47.0633
7084375.0,44.1433
7085000.0,43.6637
7085625.0,46.1667
7086250.0,44.0717
7086875.0,48.2235
7087500.0,46.0331
7088125.0,45.5263
7088750.0,45.2181
7089375.0,47.6183
7090000.0,47.1001
7090625.0,47.4746
7091250.0,47.4233
7091875.0,46.8303
7092500.0,44.5721
7093125.0,45.2836
7093750.0,36.2699
7094375.0,40.8206
7095000.0,34.5047
7095625.0,36.2249
7096250.0,37.1818
7096875.0,36.4388
7097500.0,38.9868
7098125.0,36.4293
7098750.0,36.5661
7099375.0,38.5071
7100000.0,40.3498
7100625.0,39.6039
7101250.0,36.7472
7101875.0,36.9084
7102500.0,37.0864
7103125.0,37.2719
7103750.0,35.4324
7104375.0,38.7327
7105000.0,37.3822
7105625.0,36.9170
7106250.0,34.6484
7106875.0,37.1152
7107500.0,33.4976
7108125.0,35.9239
7108750.0,35.9583
7109375.0,37.5309
7110000.0,40.4777
7110625.0,38.0580
7111250.0,39.6795
7111875.0,38.1936
7112500.0,61.2627
7113125.0,63.3857
7113750.0,55.8777
7114375.0,55.6884
7115000.0,59.9396
7115625.0,57.9893
7116250.0,58.6390
7116875.0,57.2789
7117500.0,56.2708
7118125.0,62.7002
7118750.0,54.8104
7119375.0,59.9905
7120000.0,59.5203
7120625.0,53.4209
7121250.0,55.5907
7121875.0,56.0782
7122500.0,59.6373
7123125.0,56.9356
7123750.0,57.7518
7124375.0,53.7728
7125000.0,64.7451
7125625.0,58.2065
7126250.0,230.6138
7126875.0,218.9180
7127500.0,217.6579
7128125.0,246.5177
7128750.0,203.4369
7129375.0,228.1348
7130000.0,211.3706
7130625.0,220.4437
7131250.0,45.5005
7131875.0,44.6830
7132500.0,47.0833
7133125.0,40.9651
7133750.0,46.2586
7134375.0,46.7878
7135000.0,43.8057
7135625.0,50.5561
7136250.0,45.6030
7136875.0,46.4419
7137500.0,45.6083
7138125.0,46.8083
7138750.0,50.0741
7139375.0,52.8116
7140000.0,48.7523
7140625.0,49.5568
7141250.0,51.0336
7141875.0,47.5848
7142500.0,50.6901
7143125.0,48.8621
7143750.0,47.3384
7144375.0,47.8233
7145000.0,33.6304
7145625.0,37.5404
7146250.0,34.1441
7146875.0,33.9933
7147500.0,37.3568
7148125.0,34.9390
7148750.0,36.9868
7149375.0,37.2561
7150000.0,37.3386
7150625.0,35.3274
7151250.0,38.6626
7151875.0,36.8349
7152500.0,37.8160
7153125.0,34.7866
7153750.0,36.6701
7154375.0,39.0300
7155000.0,38.7948
7155625.0,35.5250
7156250.0,35.9907
7156875.0,55.1328
7157500.0,56.0964
7158125.0,53.9427
7158750.0,57.5993
7159375.0,59.8361
7160000.0,55.7233
7160625.0,57.7372
7161250.0,57.3606
7161875.0,61.0598
7162500.0,56.2264
7163125.0,56.3319
7163750.0,55.5465
7164375.0,54.7012
7165000.0,59.5346
7165625.0,57.6082
7166250.0,58.1589
7166875.0,61.6965
7167500.0,61.8630
7168125.0,53.2259
7168750.0,59.8787
7169375.0,58.6544
7170000.0,56.6614
7170625.0,228.6864
7171250.0,205.5782
7171875.0,241.4547
7172500.0,230.7931
7173125.0,215.2665
7173750.0,218.4141
7174375.0,205.8396
7175000.0,221.4680
7175625.0,45.8656
7176250.0,43.8860
7176875.0,48.8253
7177500.0,50.0005
7178125.0,46.9357
7178750.0,46.2817
7179375.0,48.0222
7180000.0,46.9538
7180625.0,44.4569
7181250.0,45.4662
7181875.0,46.3034
7182500.0,47.5832
7183125.0,47.0219
7183750.0,47.4944
7184375.0,43.4167
7185000.0,48.5633
7185625.0,47.0080
7186250.0,52.9989
7186875.0,46.0891
7187500.0,47.7601
7188125.0,53.6487
7188750.0,47.4561
7189375.0,36.8749
7190000.0,35.1742
7190625.0,39.8273
7191250.0,34.8557
7191875.0,37.7902
7192500.0,36.1239
7193125.0,36.6497
7193750.0,34.3657
7194375.0,39.4848
7195000.0,36.4861
7195625.0,54.4762
7196250.0,61.6328
7196875.0,56.5380
7197500.0,58.9704
7198125.0,60.4401
7198750.0,59.3747
7199375.0,51.6298
7200000.0,60.0165
7200625.0,57.7082
7201250.0,57.0458
7201875.0,57.6837
7202500.0,53.3309
7203125.0,58.5573
7203750.0,54.0433
7204375.0,57.1711
7205000.0,58.4532
7205625.0,61.1147
7206250.0,55.6231
7206875.0,62.2096
7207500.0,60.7459
7208125.0,56.7547
7208750.0,54.7846
7209375.0,208.7571
7210000.0,228.0572
7210625.0,216.7056
7211250.0,238.4928
7211875.0,217.3554
7212500.0,214.8675
7213125.0,227.6283
7213750.0,217.2820
7214375.0,47.0201
7215000.0,49.3171
7215625.0,47.2755
7216250.0,47.2843
7216875.0,47.4821
7217500.0,43.0212
7218125.0,47.9208
7218750.0,47.3758
7219375.0,49.0983
7220000.0,48.4237
7220625.0,46.5254
7221250.0,49.4261
7221875.0,46.3123
7222500.0,47.5808
7223125.0,46.2688
7223750.0,48.0851
7224375.0,46.1152
7225000.0,50.8717
7225625.0,51.7408
7226250.0,49.0538
7226875.0,50.6220
7227500.0,43.3828
7228125.0,34.3705
7228750.0,36.4051
7229375.0,37.0763
7230000.0,36.6333
7230625.0,33.9620
7231250.0,39.1304
7231875.0,40.9853
7232500.0,39.3698
7233125.0,39.0082
7233750.0,37.4183
7234375.0,35.4405
7235000.0,37.1342
7235625.0,40.8953
7236250.0,36.3488
7236875.0,36.1583
7237500.0,39.0485
7238125.0,39.1713
7238750.0,35.4314
7239375.0,36.5163
7240000.0,36.0715
7240625.0,37.1289
7241250.0,39.0418
7241875.0,35.5125
7242500.0,39.0159
7243125.0,37.1881
7243750.0,41.3035
7244375.0,37.5898
7245000.0,36.8207
7245625.0,38.0632
7246250.0,36.3763
7246875.0,33.6787
7247500.0,36.5550
7248125.0,36.5259
7248750.0,34.0542
7249375.0,36.8649
7250000.0,33.1758
7250625.0,36.3568
7251250.0,58.7064
7251875.0,58.2813
7252500.0,56.8079
7253125.0,57.7520
7253750.0,55.7262
7254375.0,58.0314
7255000.0,58.1685
7255625.0,55.3893
7256250.0,58.7763
7256875.0,58.7582
7257500.0,57.5180
7258125.0,65.0210
7258750.0,57.5920
7259375.0,57.1902
7260000.0,56.7751
7260625.0,55.1843
7261250.0,59.9891
7261875.0,56.0099
7262500.0,56.3530
7263125.0,56.4391
7263750.0,55.1437
7264375.0,52.9219
7265000.0,219.7919
7265625.0,234.8250
7266250.0,227.2160
7266875.0,242.5565
7267500.0,233.4483
7268125.0,230.8946
7268750.0,246.1798
7269375.0,223.9071
7270000.0,47.1482
7270625.0,46.9731
7271250.0,50.6279
7271875.0,47.0059
7272500.0,45.4765
7273125.0,48.3810
7273750.0,45.0818
7274375.0,48.2537
7275000.0,47.9725
7275625.0,46.5549
7276250.0,48.3297
7276875.0,43.5037
7277500.0,47.3830
7278125.0,45.9125
7278750.0,53.7263
7279375.0,47.3662
7280000.0,45.5985
7280625.0,43.7610
7281250.0,50.0677
7281875.0,46.1774
7282500.0,45.1403
7283125.0,47.7903
7283750.0,38.2020
7284375.0,38.1728
7285000.0,37.0365
7285625.0,37.2945
7286250.0,37.4293
7286875.0,37.6223
7287500.0,37.7860
7288125.0,39.0247
7288750.0,37.1044
7289375.0,35.4889
7290000.0,36.7331
7290625.0,38.3945
7291250.0,33.6949
7291875.0,33.7056
7292500.0,38.6988
7293125.0,39.8122
7293750.0,34.6594
7294375.0,37.1858
7295000.0,36.2608
7295625.0,36.5175
7296250.0,37.5652
7296875.0,34.6082
7297500.0,34.9516
7298125.0,36.4427
7298750.0,36.7311
7299375.0,34.9170
7300000.0,60.2900
7300625.0,56.7891
7301250.0,56.7767
7301875.0,58.8197
7302500.0,57.6262
7303125.0,60.4287
7303750.0,55.2931
7304375.0,53.9476
7305000.0,57.1016
7305625.0,58.1747
7306250.0,54.4018
7306875.0,53.9755
7307500.0,58.5287
7308125.0,55.8024
7308750.0,53.7877
7309375.0,60.7995
7310000.0,56.1678
7310625.0,61.3345
7311250.0,58.0826
7311875.0,58.8548
7312500.0,57.3867
7313125.0,50.3000
7313750.0,218.8133
7314375.0,230.5418
7315000.0,236.2309
7315625.0,211.2398
7316250.0,231.3782
7316875.0,218.9817
7317500.0,234.7216
7318125.0,231.7750
7318750.0,48.7472
7319375.0,49.5070
7320000.0,48.0786
7320625.0,49.0219
7321250.0,46.1767
7321875.0,53.6343
7322500.0,44.1358
7323125.0,45.7598
7323750.0,49.1182
7324375.0,48.7689
7325000.0,48.1454
7325625.0,48.5870
7326250.0,42.1036
7326875.0,50.7349
7327500.0,46.5209
7328125.0,49.9279
7328750.0,42.2212
7329375.0,47.6029
7330000.0,45.6758
7330625.0,48.3445
7331250.0,47.7451
7331875.0,47.8602
7332500.0,35.0410
7333125.0,36.8946
7333750.0,36.6667
7334375.0,37.9163
7335000.0,38.8302
7335625.0,37.2784
7336250.0,34.6391
7336875.0,37.1990
7337500.0,41.8305
7338125.0,40.0451
7338750.0,31.4974
7339375.0,37.1172
7340000.0,38.7244
7340625.0,36.6627
7341250.0,36.1488
7341875.0,36.5061
7342500.0,38.0216
7343125.0,34.8753
7343750.0,39.1991
7344375.0,36.8964
7345000.0,35.2702
7345625.0,39.0800
7346250.0,34.1415
7346875.0,35.9729
7347500.0,35.9424
7348125.0,40.9663
7348750.0,35.7327
7349375.0,33.0133
7350000.0,35.9236
7350625.0,37.8428
7351250.0,38.4506
7351875.0,41.2116
7352500.0,62.0800
7353125.0,58.5450
7353750.0,55.4149
7354375.0,62.7097
7355000.0,56.9312
7355625.0,56.0913
7356250.0,56.7905
7356875.0,54.3684
7357500.0,56.6514
7358125.0,57.3240
7358750.0,60.1189
7359375.0,56.8745
7360000.0,54.3244
7360625.0,53.3491
7361250.0,58.6078
7361875.0,58.2106
7362500.0,56.3925
7363125.0,56.6444
7363750.0,59.1266
7364375.0,62.0326
7365000.0,55.7376
7365625.0,58.2578
7366250.0,243.1159
7366875.0,222.9971
7367500.0,231.8187
7368125.0,231.5593
7368750.0,216.7890
7369375.0,233.9546
7370000.0,232.3659
7370625.0,238.4390
7371250.0,44.2108
7371875.0,47.0234
7372500.0,50.2471
7373125.0,51.8821
7373750.0,50.0083
7374375.0,44.2339
7375000.0,48.0600
7375625.0,45.8646
7376250.0,47.6672
7376875.0,45.1853
7377500.0,42.9733
7378125.0,46.1904
7378750.0,48.6981
7379375.0,47.6768
7380000.0,47.9469
7380625.0,47.5084
7381250.0,47.9506
7381875.0,48.2444
7382500.0,46.3545
7383125.0,47.1948
7383750.0,51.0967
7384375.0,47.3338
7385000.0,37.0787
7385625.0,37.1903
7386250.0,36.5969
7386875.0,36.1946
7387500.0,37.3861
7388125.0,36.0644
7388750.0,36.7308
7389375.0,35.5375
7390000.0,37.1998
7390625.0,38.0808
7391250.0,36.6080
7391875.0,33.2845
7392500.0,38.0922
7393125.0,37.2223
7393750.0,55.1196
7394375.0,60.2425
7395000.0,53.9446
7395625.0,61.0317
7396250.0,57.8336
7396875.0,51.4203
7397500.0,58.5172
7398125.0,56.8220
7398750.0,56.3851
7399375.0,55.8606
7400000.0,57.6311
7400625.0,56.5930
7401250.0,52.6156
7401875.0,61.6890
7402500.0,57.2914
7403125.0,55.8774
7403750.0,54.7276
7404375.0,60.2351
7405000.0,54.2345
7405625.0,58.3886
7406250.0,56.3074
7406875.0,56.4763
7407500.0,212.5850
7408125.0,218.0214
7408750.0,225.0991
7409375.0,227.6473
7410000.0,216.1621
7410625.0,223.9770
7411250.0,234.9951
7411875.0,206.2954
7412500.0,46.9853
7413125.0,44.7657
7413750.0,44.5262
7414375.0,47.6134
7415000.0,45.7187
7415625.0,44.1405
7416250.0,50.1121
7416875.0,49.1622
7417500.0,42.4591
7418125.0,43.5351
7418750.0,48.3946
7419375.0,46.3305
7420000.0,50.5264
7420625.0,48.4484
7421250.0,47.7037
7421875.0,44.5986
7422500.0,48.1549
7423125.0,44.0020
7423750.0,50.0673
7424375.0,47.9920
7425000.0,45.0616
7425625.0,48.8910
7426250.0,41.1468
7426875.0,36.5974
7427500.0,38.0183
7428125.0,36.2011
7428750.0,37.1579
7429375.0,34.2116
7430000.0,36.9990
7430625.0,37.0806
7431250.0,40.3281
7431875.0,33.6792
7432500.0,36.4804
7433125.0,39.3830
7433750.0,36.5527
7434375.0,36.6830
7435000.0,35.4585
7435625.0,35.2747
7436250.0,33.6222
7436875.0,35.8360
7437500.0,35.1697
7438125.0,37.2184
7438750.0,35.5428
7439375.0,36.1128
7440000.0,36.1634
7440625.0,36.9109
7441250.0,36.0222
7441875.0,35.0357
7442500.0,37.1587
7443125.0,38.9748
7443750.0,37.2377
7444375.0,35.8718
7445000.0,36.7722
7445625.0,33.2063
7446250.0,36.7421
7446875.0,56.8390
7447500.0,55.2930
7448125.0,55.8189
7448750.0,56.8103
7449375.0,60.8781
7450000.0,61.1670
7450625.0,55.3084
7451250.0,56.4976
7451875.0,56.5715
7452500.0,60.3477
7453125.0,58.4220
7453750.0,58.2691
7454375.0,59.5552
7455000.0,56.2704
7455625.0,61.9553
7456250.0,57.9949
7456875.0,55.5179
7457500.0,57.3340
7458125.0,61.5726
7458750.0,56.7671
7459375.0,60.7537
7460000.0,56.1865
7460625.0,223.1183
7461250.0,239.6513
7461875.0,221.8619
7462500.0,241.5415
7463125.0,236.0789
7463750.0,221.8663
7464375.0,231.1713
7465000.0,225.6342
7465625.0,47.8201
7466250.0,51.4363
7466875.0,46.1288
7467500.0,48.2544
7468125.0,47.0574
7468750.0,47.0565
7469375.0,46.6118
7470000.0,44.9851
7470625.0,47.7876
7471250.0,46.3215
7471875.0,44.8737
7472500.0,49.3833
7473125.0,47.2327
7473750.0,46.4640
7474375.0,50.1491
7475000.0,42.6852
7475625.0,49.9911
7476250.0,44.9316
7476875.0,47.4971
7477500.0,45.6181
7478125.0,44.8309
7478750.0,50.0876
7479375.0,40.4340
7480000.0,36.5907
7480625.0,37.6206
7481250.0,37.1054
7481875.0,40.2014
7482500.0,33.0907
7483125.0,37.6977
7483750.0,35.6548
7484375.0,32.6415
7485000.0,36.3330
7485625.0,40.4189
7486250.0,35.7863
7486875.0,38.4629
7487500.0,39.2175
7488125.0,36.9765
7488750.0,37.2228
7489375.0,53.0227
7490000.0,55.9231
7490625.0,60.6303
7491250.0,58.1760
7491875.0,59.0653
7492500.0,58.3862
7493125.0,64.3568
7493750.0,56.7515
7494375.0,62.6557
7495000.0,58.3872
7495625.0,62.9132
7496250.0,54.4476
7496875.0,58.5355
7497500.0,56.8583
7498125.0,58.4045
7498750.0,61.5449
7499375.0,59.0985
7500000.0,61.5391
7500625.0,56.0564
7501250.0,55.6138
7501875.0,58.0467
7502500.0,57.8879
7503125.0,222.9091
7503750.0,214.2154
7504375.0,238.4848
7505000.0,220.9181
7505625.0,241.0434
7506250.0,225.1434
7506875.0,232.2948
7507500.0,231.2742
7508125.0,45.0630
7508750.0,47.8629
7509375.0,51.5316
7510000.0,47.5913
7510625.0,49.1180
7511250.0,48.6292
7511875.0,47.7216
7512500.0,47.4382
7513125.0,48.2862
7513750.0,48.7937
7514375.0,43.8224
7515000.0,47.5812
7515625.0,46.5674
7516250.0,46.0799
7516875.0,50.0455
7517500.0,45.2771
7518125.0,43.7223
7518750.0,48.8699
7519375.0,43.6621
7520000.0,42.4693
7520625.0,49.1344
7521250.0,47.3730
7521875.0,37.8745
7522500.0,36.1815
7523125.0,34.4388
7523750.0,34.8063
7524375.0,36.4965
7525000.0,34.6461
7525625.0,37.5680
7526250.0,36.1445
7526875.0,37.3423
7527500.0,37.2870
7528125.0,37.7156
7528750.0,37.9240
7529375.0,36.3638
7530000.0,37.3403
7530625.0,37.4366
7531250.0,32.5066
7531875.0,38.1961
7532500.0,37.2774
7533125.0,38.0435
7533750.0,34.6193
7534375.0,36.4158
7535000.0,34.9807
7535625.0,38.3775
7536250.0,53.9252
7536875.0,55.3069
7537500.0,59.5495
7538125.0,56.1748
7538750.0,55.3077
7539375.0,60.6295
7540000.0,60.7484
7540625.0,60.0940
7541250.0,60.4613
7541875.0,57.3284
7542500.0,57.4067
7543125.0,56.1206
7543750.0,58.4864
7544375.0,56.4691
7545000.0,56.7441
7545625.0,59.7397
7546250.0,61.4352
7546875.0,59.1550
7547500.0,63.2035
7548125.0,55.9540
7548750.0,52.6699
7549375.0,60.0724
7550000.0,216.3169
7550625.0,221.9210
7551250.0,205.0898
7551875.0,214.8839
7552500.0,208.0999
7553125.0,220.1141
7553750.0,220.5613
7554375.0,226.0121
7555000.0,49.9133
7555625.0,48.5907
7556250.0,43.1879
7556875.0,48.4288
7557500.0,47.2626
7558125.0,46.7701
7558750.0,46.9467
7559375.0,47.4807
7560000.0,45.3741
7560625.0,46.5715
7561250.0,49.7823
7561875.0,45.3458
7562500.0,44.5798
7563125.0,46.8550
7563750.0,44.3432
7564375.0,42.9515
7565000.0,46.1905
7565625.0,50.4043
7566250.0,46.9093
7566875.0,47.4197
7567500.0,41.9942
7568125.0,48.0296
7568750.0,37.1727
7569375.0,35.7699
7570000.0,37.3331
7570625.0,37.3147
7571250.0,35.0399
7571875.0,37.6139
7572500.0,39.2147
7573125.0,36.5783
7573750.0,35.3950
7574375.0,36.6715
7575000.0,38.5810
7575625.0,34.7313
7576250.0,38.0703
7576875.0,35.7457
7577500.0,37.4478
7578125.0,35.9560
7578750.0,35.9510
7579375.0,39.8177
7580000.0,34.3932
7580625.0,37.8979
7581250.0,40.2030
7581875.0,38.2682
7582500.0,34.5375
7583125.0,34.6291
7583750.0,35.6095
7584375.0,37.2921
7585000.0,37.4180
7585625.0,34.6474
7586250.0,35.3854
7586875.0,35.4988
7587500.0,36.6656
7588125.0,63.7556
7588750.0,55.2938
7589375.0,55.1668
7590000.0,54.7139
7590625.0,59.8431
7591250.0,57.8801
7591875.0,55.4009
7592500.0,56.9479
7593125.0,55.7046
7593750.0,58.8581
7594375.0,65.7847
7595000.0,59.5975
7595625.0,57.7303
7596250.0,56.0716
7596875.0,54.1041
7597500.0,60.1277
7598125.0,59.9701
7598750.0,56.6483
7599375.0,61.5187
7600000.0,58.0612
7600625.0,60.2468
7601250.0,58.8590
7601875.0,223.0072
7602500.0,214.2575
7603125.0,223.3627
7603750.0,234.4731
7604375.0,219.2835
7605000.0,229.9471
7605625.0,212.8192
7606250.0,233.7757
7606875.0,47.7354
7607500.0,44.1750
7608125.0,46.4736
7608750.0,49.1889
7609375.0,44.0413
7610000.0,44.4833
7610625.0,46.8367
7611250.0,52.0133
7611875.0,45.4194
7612500.0,48.1639
7613125.0,47.6113
7613750.0,45.6146
7614375.0,47.3787
7615000.0,45.9476
7615625.0,46.1592
7616250.0,43.0960
7616875.0,46.9426
7617500.0,49.1129
7618125.0,47.1350
7618750.0,49.5627
7619375.0,48.3638
7620000.0,46.8601
7620625.0,35.8383
7621250.0,36.1004
7621875.0,34.2796
7622500.0,36.5059
7623125.0,37.2701
7623750.0,40.1735
7624375.0,37.9774
7625000.0,35.4000
7625625.0,34.3372
7626250.0,36.6179
7626875.0,38.5018
7627500.0,36.5919
7628125.0,38.0027
7628750.0,36.6649
7629375.0,38.3265
7630000.0,34.0451
7630625.0,39.9677
7631250.0,34.9419
7631875.0,38.4684
7632500.0,36.4965
7633125.0,36.7857
7633750.0,36.5540
7634375.0,37.4729
7635000.0,37.8464
7635625.0,38.9580
7636250.0,62.0831
7636875.0,58.9623
7637500.0,62.9697
7638125.0,58.2696
7638750.0,61.1246
7639375.0,59.2433
7640000.0,56.4073
7640625.0,58.5256
7641250.0,59.4592
7641875.0,57.9066
7642500.0,59.1973
7643125.0,60.5096
7643750.0,57.9322
7644375.0,49.4627
7645000.0,62.8670
7645625.0,57.1370
7646250.0,55.6125
7646875.0,54.7401
7647500.0,57.0243
7648125.0,56.3680
7648750.0,55.8627
7649375.0,56.0218
7650000.0,230.9596
7650625.0,247.8416
7651250.0,234.2314
7651875.0,237.6292
7652500.0,220.7541
7653125.0,226.1775
7653750.0,229.7979
7654375.0,217.5800
7655000.0,45.9995
7655625.0,49.0082
7656250.0,49.5622
7656875.0,47.1584
7657500.0,44.1914
7658125.0,46.3054
7658750.0,43.6129
7659375.0,47.1767
7660000.0,47.6002
7660625.0,46.3638
7661250.0,47.5680
7661875.0,47.9797
7662500.0,47.6036
7663125.0,44.1764
7663750.0,46.4048
7664375.0,47.9631
7665000.0,50.7100
7665625.0,46.3610
7666250.0,48.2945
7666875.0,49.0637
7667500.0,46.5379
7668125.0,49.6988
7668750.0,39.2240
7669375.0,39.5537
7670000.0,37.8481
7670625.0,41.3663
7671250.0,35.8617
7671875.0,40.9295
7672500.0,38.4214
7673125.0,39.4797
7673750.0,36.4079
7674375.0,38.5623
7675000.0,39.6399
7675625.0,34.9884
7676250.0,36.6978
7676875.0,33.0387
7677500.0,36.6701
7678125.0,35.4904
7678750.0,36.5971
7679375.0,42.4087
7680000.0,40.1779
7680625.0,34.3370
7681250.0,38.0281
7681875.0,38.4780
7682500.0,36.3749
7683125.0,37.3299
7683750.0,37.5106
7684375.0,34.5088
7685000.0,35.0920
7685625.0,37.3187
7686250.0,37.1839
7686875.0,35.6892
7687500.0,35.5304
7688125.0,36.8339
7688750.0,38.6394
7689375.0,36.8585
7690000.0,40.0021
7690625.0,35.7127
7691250.0,37.3573
7691875.0,56.9725
7692500.0,59.7051
7693125.0,55.7334
7693750.0,63.5895
7694375.0,53.0972
7695000.0,62.9749
7695625.0,58.2610
7696250.0,59.6020
7696875.0,61.8701
7697500.0,60.4872
7698125.0,55.8829
7698750.0,59.7403
7699375.0,63.4157
7700000.0,55.4269
7700625.0,64.1434
7701250.0,59.1185
7701875.0,56.7436
7702500.0,55.4095
7703125.0,57.3525
7703750.0,52.3297
7704375.0,56.7958
7705000.0,57.2375
7705625.0,212.9128
7706250.0,233.4133
7706875.0,222.5389
7707500.0,217.8473
7708125.0,221.3400
7708750.0,228.9950
7709375.0,225.8237
7710000.0,217.1140
7710625.0,47.2953
7711250.0,46.8809
7711875.0,44.3223
7712500.0,46.3220
7713125.0,48.3614
7713750.0,48.3445
7714375.0,46.4596
7715000.0,48.5904
7715625.0,44.6971
7716250.0,44.7699
7716875.0,46.4096
7717500.0,50.5193
7718125.0,47.3836
7718750.0,46.3529
7719375.0,50.6287
7720000.0,46.3257
7720625.0,52.2516
7721250.0,45.7985
7721875.0,44.6224
7722500.0,46.6090
7723125.0,46.4147
7723750.0,45.1019
7724375.0,41.8137
7725000.0,37.5895
7725625.0,37.8589
7726250.0,36.1455
7726875.0,35.9313
7727500.0,38.8973
7728125.0,33.8997
7728750.0,34.8857
7729375.0,36.5425
7730000.0,39.4994
7730625.0,36.3071
7731250.0,37.7699
7731875.0,37.0513
7732500.0,39.3981
7733125.0,34.0683
7733750.0,38.3615
7734375.0,36.6320
7735000.0,38.7110
7735625.0,35.4843
7736250.0,58.0707
7736875.0,57.7027
7737500.0,55.0929
7738125.0,54.2868
7738750.0,56.3168
7739375.0,58.3768
7740000.0,55.8050
7740625.0,57.0428
7741250.0,52.5312
7741875.0,56.9251
7742500.0,60.9684
7743125.0,60.0450
7743750.0,57.7479
7744375.0,58.7066
7745000.0,55.5980
7745625.0,62.7109
7746250.0,63.9965
7746875.0,58.4780
7747500.0,65.5130
7748125.0,56.0275
7748750.0,54.3719
7749375.0,55.9421
7750000.0,222.5307
7750625.0,251.0107
7751250.0,221.8370
7751875.0,215.3289
7752500.0,214.8923
7753125.0,237.8252
7753750.0,236.2196
7754375.0,219.5384
7755000.0,42.5919
7755625.0,44.3478
7756250.0,51.0449
7756875.0,48.6187
7757500.0,47.1538
7758125.0,51.3918
7758750.0,51.6021
7759375.0,46.9155
7760000.0,46.9587
7760625.0,45.6322
7761250.0,46.3312
7761875.0,43.5071
7762500.0,43.4976
7763125.0,42.9518
7763750.0,49.5482
7764375.0,43.3307
7765000.0,51.5824
7765625.0,45.2836
7766250.0,51.0828
7766875.0,46.1421
7767500.0,43.3195
7768125.0,50.0169
7768750.0,39.5935
7769375.0,35.3238
7770000.0,36.3864
7770625.0,35.3243
7771250.0,36.7770
7771875.0,37.1995
7772500.0,36.3499
7773125.0,33.6351
7773750.0,35.9254
7774375.0,38.3015
7775000.0,36.6135
7775625.0,36.3942
7776250.0,35.2781
7776875.0,56.2309
7777500.0,62.0859
7778125.0,54.6946
7778750.0,60.0904
7779375.0,58.1365
7780000.0,58.7100
7780625.0,55.8762
7781250.0,56.9798
7781875.0,57.9834
7782500.0,56.4901
7783125.0,58.9612
7783750.0,59.3266
7784375.0,64.3008
7785000.0,58.8068
7785625.0,52.4545
7786250.0,61.3728
7786875.0,57.4088
7787500.0,63.8346
7788125.0,62.2657
7788750.0,56.5347
7789375.0,60.0935
7790000.0,56.2775
7790625.0,232.0312
7791250.0,239.8414
7791875.0,244.9108
7792500.0,242.3844
7793125.0,232.8699
7793750.0,260.8077
7794375.0,227.7658
7795000.0,213.3565
7795625.0,43.6755
7796250.0,50.4639
7796875.0,46.8199
7797500.0,47.3738
7798125.0,45.7251
7798750.0,45.9361
7799375.0,45.1503
7800000.0,286.5961
7800625.0,278.6367
7801250.0,286.0901
7801875.0,284.7521
7802500.0,274.0377
7803125.0,259.5778
7803750.0,258.3588
7804375.0,322.3731
7805000.0,300.6944
7805625.0,298.7626
7806250.0,270.5555
7806875.0,280.1331
7807500.0,268.5849
7808125.0,261.6309
7808750.0,271.7572
7809375.0,298.5666
7810000.0,291.7704
7810625.0,266.4193
7811250.0,275.5926
7811875.0,290.4877
7812500.0,272.0064
7813125.0,281.1142
7813750.0,285.6259
7814375.0,285.4730
7815000.0,283.5580
7815625.0,270.8482
7816250.0,272.2864
7816875.0,264.1289
7817500.0,258.1413
7818125.0,278.3935
7818750.0,291.4276
7819375.0,260.6760
7820000.0,283.8216
7820625.0,290.9848
7821250.0,254.2857
7821875.0,276.2119
7822500.0,303.0469
7823125.0,287.7272
7823750.0,253.8136
7824375.0,289.2168
7825000.0,269.5317
7825625.0,289.6783
7826250.0,270.3389
7826875.0,279.2575
7827500.0,272.4744
7828125.0,280.0442
7828750.0,272.0581
7829375.0,276.8705
7830000.0,263.5415
7830625.0,286.8692
7831250.0,282.4540
7831875.0,257.3685
7832500.0,293.9008
7833125.0,277.5320
7833750.0,282.2647
7834375.0,290.7039
7835000.0,284.5954
7835625.0,296.3128
7836250.0,275.8939
7836875.0,294.4820
7837500.0,281.7209
7838125.0,287.1069
7838750.0,285.6508
7839375.0,297.3702
7840000.0,290.0998
7840625.0,273.7988
7841250.0,271.0223
7841875.0,279.3034
7842500.0,269.3586
7843125.0,265.2693
7843750.0,250.2073
7844375.0,258.3103
7845000.0,307.7957
7845625.0,270.8090
7846250.0,306.6484
7846875.0,285.6442
7847500.0,279.3034
7848125.0,258.9915
7848750.0,280.0654
7849375.0,306.4906
7850000.0,301.8069
7850625.0,283.8393
7851250.0,263.9186
7851875.0,266.5997
7852500.0,268.0637
7853125.0,297.8942
7853750.0,302.8441
7854375.0,282.7425
7855000.0,275.7569
7855625.0,301.6819
7856250.0,266.3000
7856875.0,280.7255
7857500.0,286.4815
7858125.0,267.9208
7858750.0,271.0972
7859375.0,270.0077
7860000.0,299.8342
7860625.0,306.8011
7861250.0,281.6071
7861875.0,276.2449
7862500.0,271.6022
7863125.0,280.0244
7863750.0,272.2969
7864375.0,278.6416
7865000.0,285.7853
7865625.0,274.3256
7866250.0,277.3458
7866875.0,277.4036
7867500.0,275.5541
7868125.0,273.8197
7868750.0,290.6708
7869375.0,255.2097
7870000.0,302.0399
7870625.0,281.8974
7871250.0,288.5402
7871875.0,290.1511
7872500.0,270.0872
7873125.0,267.1990
7873750.0,265.5482
7874375.0,276.5410
7875000.0,289.7889
7875625.0,271.8273
7876250.0,288.5110
7876875.0,246.8491
7877500.0,274.6021
7878125.0,296.3399
7878750.0,277.6064
7879375.0,268.3920
7880000.0,270.8042
7880625.0,237.6077
7881250.0,265.8348
7881875.0,294.8014
7882500.0,271.8436
7883125.0,273.4964
7883750.0,247.3546
7884375.0,257.1683
7885000.0,296.6607
7885625.0,288.6421
7886250.0,261.8359
7886875.0,271.1720
7887500.0,279.5916
7888125.0,263.2542
7888750.0,251.9420
7889375.0,277.7711
7890000.0,288.0165
7890625.0,288.2860
7891250.0,292.2533
7891875.0,258.2502
7892500.0,280.8106
7893125.0,276.2417
7893750.0,278.7789
7894375.0,277.0351
7895000.0,270.7537
7895625.0,237.7509
7896250.0,296.2656
7896875.0,284.6199
7897500.0,259.2199
7898125.0,286.6238
7898750.0,273.7377
7899375.0,274.1344
7900000.0,269.2422
7900625.0,287.5170
7901250.0,268.8025
7901875.0,264.6443
7902500.0,295.8444
7903125.0,277.4957
7903750.0,277.9352
7904375.0,289.6945
7905000.0,270.6538
7905625.0,273.4459
7906250.0,284.2800
7906875.0,258.4207
7907500.0,283.0954
7908125.0,269.4200
7908750.0,291.9766
7909375.0,287.6533
7910000.0,285.8037
7910625.0,257.5026
7911250.0,278.5525
7911875.0,263.5183
7912500.0,279.4839
7913125.0,247.5861
7913750.0,258.4283
7914375.0,296.6465
7915000.0,285.1667
7915625.0,275.0466
7916250.0,267.2776
7916875.0,264.8204
7917500.0,282.8022
7918125.0,275.1891
7918750.0,301.6531
7919375.0,277.4133
7920000.0,280.8221
7920625.0,260.5610
7921250.0,274.9502
7921875.0,282.4779
7922500.0,274.7810
7923125.0,273.2012
7923750.0,284.5767
7924375.0,301.2075
7925000.0,282.0296
7925625.0,296.0186
7926250.0,288.7024
7926875.0,295.1809
7927500.0,271.4639
7928125.0,277.1030
7928750.0,277.1612
7929375.0,287.6479
7930000.0,291.0938
7930625.0,281.7508
7931250.0,292.2739
7931875.0,272.1134
7932500.0,292.3953
7933125.0,294.2213
7933750.0,289.4849
7934375.0,281.8784
7935000.0,289.9865
7935625.0,267.4839
7936250.0,282.7771
7936875.0,284.2071
7937500.0,261.3868
7938125.0,286.6442
7938750.0,262.5165
7939375.0,274.0091
7940000.0,280.5567
7940625.0,269.7697
7941250.0,281.1558
7941875.0,280.9318
7942500.0,268.5175
7943125.0,287.9516
7943750.0,269.3018
7944375.0,312.0316
7945000.0,278.4673
7945625.0,263.6019
7946250.0,266.2192
7946875.0,296.0661
7947500.0,274.2719
7948125.0,260.9073
7948750.0,291.9520
7949375.0,274.1820
7950000.0,289.1479
7950625.0,293.0979
7951250.0,283.8425
7951875.0,313.5427
7952500.0,255.8536
7953125.0,268.5487
7953750.0,276.4167
7954375.0,311.6564
7955000.0,305.1720
7955625.0,298.0417
7956250.0,268.8823
7956875.0,270.5148
7957500.0,268.4002
7958125.0,269.0320
7958750.0,300.8979
7959375.0,276.5873
7960000.0,278.4390
7960625.0,290.8414
7961250.0,256.7106
7961875.0,280.7370
7962500.0,264.6438
7963125.0,275.8782
7963750.0,271.7901
7964375.0,271.0683
7965000.0,283.1581
7965625.0,283.0970
7966250.0,276.9225
7966875.0,285.1896
7967500.0,267.8394
7968125.0,289.5422
7968750.0,277.1132
7969375.0,273.2287
7970000.0,268.8734
7970625.0,276.6204
7971250.0,306.1889
7971875.0,279.1136
7972500.0,263.9784
7973125.0,292.8635
7973750.0,273.3930
7974375.0,283.9726
7975000.0,271.5208
7975625.0,297.9308
7976250.0,271.7294
7976875.0,299.5700
7977500.0,265.3104
7978125.0,275.8993
7978750.0,299.5999
7979375.0,282.3544
7980000.0,311.8005
7980625.0,276.2320
7981250.0,283.5986
7981875.0,306.6721
7982500.0,258.8051
7983125.0,257.0715
7983750.0,268.8629
7984375.0,291.3872
7985000.0,257.4621
7985625.0,288.3587
7986250.0,287.3739
7986875.0,308.2015
7987500.0,294.6368
7988125.0,285.0967
7988750.0,299.0279
7989375.0,287.5447
7990000.0,273.5590
7990625.0,263.9755
7991250.0,272.0289
7991875.0,279.4390
7992500.0,282.4503
7993125.0,250.1073
7993750.0,276.9262
7994375.0,280.4001
7995000.0,287.6655
7995625.0,302.7752
7996250.0,282.5991
7996875.0,267.2661
7997500.0,254.5469
7998125.0,289.6182
7998750.0,267.8328
7999375.0,292.1357
8000000.0,299.5639
8000625.0,258.3830
8001250.0,287.7545
8001875.0,298.0967
8002500.0,294.2666
8003125.0,250.6507
8003750.0,268.0489
8004375.0,262.0775
8005000.0,287.3286
8005625.0,285.7866
8006250.0,242.2295
8006875.0,275.7884
8007500.0,291.2101
8008125.0,282.0717
8008750.0,282.0477
8009375.0,274.8901
8010000.0,265.1748
8010625.0,279.7612
8011250.0,280.7293
8011875.0,288.6136
8012500.0,289.7510
8013125.0,281.2021
8013750.0,295.3287
8014375.0,274.7511
8015000.0,259.7837
8015625.0,286.6788
8016250.0,281.7693
8016875.0,286.9570
8017500.0,262.2977
8018125.0,305.0711
8018750.0,38.3144
8019375.0,36.4672
8020000.0,35.2694
8020625.0,61.1237
8021250.0,54.8049
8021875.0,64.5580
8022500.0,56.2217
8023125.0,62.9895
8023750.0,57.4650
8024375.0,62.5842
8025000.0,55.8689
8025625.0,58.0546
8026250.0,60.3338
8026875.0,59.9200
8027500.0,61.1922
8028125.0,56.5863
8028750.0,58.2459
8029375.0,61.6203
8030000.0,55.9548
8030625.0,59.6604
8031250.0,57.3644
8031875.0,58.5970
8032500.0,58.2452
8033125.0,55.7140
8033750.0,57.2440
8034375.0,233.6812
8035000.0,230.8084
8035625.0,250.2437
8036250.0,243.7155
8036875.0,235.3638
8037500.0,223.1475
8038125.0,222.4413
8038750.0,254.8962
8039375.0,44.6268
8040000.0,47.2676
8040625.0,47.8482
8041250.0,46.2684
8041875.0,44.6448
8042500.0,45.1555
8043125.0,45.7157
8043750.0,45.3327
8044375.0,50.1201
8045000.0,46.9786
8045625.0,45.7691
8046250.0,47.2514
8046875.0,48.5697
8047500.0,46.1901
8048125.0,49.1197
8048750.0,44.0128
8049375.0,49.7526
8050000.0,46.9790
8050625.0,46.8872
8051250.0,45.3714
8051875.0,44.1146
8052500.0,43.0833
8053125.0,35.5889
8053750.0,38.0872
8054375.0,35.2216
8055000.0,34.1354
8055625.0,35.3182
8056250.0,36.2881
8056875.0,36.3608
8057500.0,36.7615
8058125.0,38.9103
8058750.0,39.3111
8059375.0,63.8158
8060000.0,53.2878
8060625.0,55.5179
8061250.0,60.0256
8061875.0,56.6833
8062500.0,60.4963
8063125.0,58.6006
8063750.0,62.5797
8064375.0,61.0239
8065000.0,61.0769
8065625.0,56.8056
8066250.0,57.7174
8066875.0,57.1148
8067500.0,53.6329
8068125.0,62.2681
8068750.0,60.1616
8069375.0,56.9994
8070000.0,61.7833
8070625.0,56.1719
8071250.0,52.6694
8071875.0,60.9214
8072500.0,54.2922
8073125.0,222.7975
8073750.0,227.3189
8074375.0,229.3365
8075000.0,234.5445
8075625.0,231.5346
8076250.0,231.1863
8076875.0,216.1040
8077500.0,228.3102
8078125.0,43.4620
8078750.0,50.6710
8079375.0,43.7040
8080000.0,46.1859
8080625.0,43.9006
8081250.0,45.2841
8081875.0,47.0316
8082500.0,45.7574
8083125.0,49.6890
8083750.0,47.5332
8084375.0,45.9122
8085000.0,46.6861
8085625.0,49.8663
8086250.0,49.1358
8086875.0,44.3239
8087500.0,45.4005
8088125.0,48.1158
8088750.0,47.8304
8089375.0,44.5316
8090000.0,48.7604
8090625.0,44.9064
8091250.0,50.0640
8091875.0,37.9795
8092500.0,34.9059
8093125.0,36.0212
8093750.0,35.9890
8094375.0,37.2958
8095000.0,36.6226
8095625.0,34.8808
8096250.0,34.4206
8096875.0,38.0157
8097500.0,37.5295
8098125.0,37.1952
8098750.0,37.5009
8099375.0,35.8550
8100000.0,37.3404
8100625.0,41.6962
8101250.0,39.1729
8101875.0,36.4664
8102500.0,36.0318
8103125.0,31.7082
8103750.0,38.9771
8104375.0,38.4552
8105000.0,35.9939
8105625.0,34.3513
8106250.0,34.8628
8106875.0,37.8221
8107500.0,36.8347
8108125.0,38.2794
8108750.0,37.1599
8109375.0,38.7885
8110000.0,37.6837
8110625.0,38.5333
8111250.0,33.1341
8111875.0,34.7165
8112500.0,56.9434
8113125.0,61.1307
8113750.0,63.4535
8114375.0,57.5237
8115000.0,56.2264
8115625.0,52.3306
8116250.0,60.5043
8116875.0,56.4044
8117500.0,66.5792
8118125.0,55.8557
8118750.0,64.1053
8119375.0,60.1703
8120000.0,55.0180
8120625.0,58.6732
8121250.0,60.2370
8121875.0,57.3468
8122500.0,60.4301
8123125.0,60.3663
8123750.0,59.7294
8124375.0,57.9522
8125000.0,54.5927
8125625.0,57.7773
8126250.0,234.0424
8126875.0,210.2378
8127500.0,233.9631
8128125.0,230.8771
8128750.0,216.9591
8129375.0,228.1371
8130000.0,228.3826
8130625.0,254.3891
8131250.0,47.5173
8131875.0,49.4347
8132500.0,46.7231
8133125.0,42.5963
8133750.0,48.5800
8134375.0,45.4533
8135000.0,46.2113
8135625.0,44.5255
8136250.0,47.1710
8136875.0,49.5032
8137500.0,49.1919
8138125.0,50.7275
8138750.0,51.0607
8139375.0,42.1922
8140000.0,44.1950
8140625.0,42.7507
8141250.0,48.4850
8141875.0,45.3713
8142500.0,45.8504
8143125.0,46.4910
8143750.0,47.8990
8144375.0,43.5095
8145000.0,34.6711
8145625.0,37.0024
8146250.0,39.2177
8146875.0,36.9530
8147500.0,35.5354
8148125.0,33.0258
8148750.0,38.7624
8149375.0,35.6385
8150000.0,34.8772
8150625.0,33.8266
8151250.0,34.3377
8151875.0,35.2218
8152500.0,36.5581
8153125.0,34.7638
8153750.0,37.3436
8154375.0,36.5441
8155000.0,41.1107
8155625.0,33.8468
8156250.0,37.2987
8156875.0,37.3219
8157500.0,35.0935
8158125.0,37.1762
8158750.0,38.4237
8159375.0,37.1785
8160000.0,39.5613
8160625.0,32.9713
8161250.0,35.4419
8161875.0,39.7289
8162500.0,38.6872
8163125.0,37.9999
8163750.0,39.2814
8164375.0,33.4544
8165000.0,38.4719
8165625.0,38.9691
8166250.0,35.7814
8166875.0,41.8641
8167500.0,58.5694
8168125.0,51.6410
8168750.0,59.1057
8169375.0,55.9124
8170000.0,61.3785
8170625.0,59.5890
8171250.0,56.2660
8171875.0,62.3571
8172500.0,60.7244
8173125.0,55.5990
8173750.0,57.5591
8174375.0,59.4991
8175000.0,56.9436
8175625.0,57.0302
8176250.0,58.1065
8176875.0,54.9092
8177500.0,51.5250
8178125.0,58.6935
8178750.0,52.2322
8179375.0,55.1202
8180000.0,52.8624
8180625.0,53.2195
8181250.0,236.9457
8181875.0,229.4212
8182500.0,229.0026
8183125.0,216.7355
8183750.0,224.3922
8184375.0,236.3669
8185000.0,231.3958
8185625.0,241.5430
8186250.0,49.2680
8186875.0,46.4073
8187500.0,42.6472
8188125.0,45.2219
8188750.0,46.7704
8189375.0,45.1753
8190000.0,44.5216
8190625.0,47.1639
8191250.0,52.7112
8191875.0,45.8528
8192500.0,46.9934
8193125.0,43.9167
8193750.0,49.9220
8194375.0,49.0556
8195000.0,48.8935
8195625.0,50.1955
8196250.0,45.9957
8196875.0,46.2893
8197500.0,51.0182
8198125.0,48.4869
8198750.0,41.7848
8199375.0,48.0688
8200000.0,35.9239
8200625.0,38.6616
8201250.0,37.7552
8201875.0,33.7800
8202500.0,37.4973
8203125.0,37.3897
8203750.0,37.6724
8204375.0,38.0647
8205000.0,39.7675
8205625.0,37.7657
8206250.0,37.0424
8206875.0,39.1237
8207500.0,41.1491
8208125.0,38.6929
8208750.0,37.3815
8209375.0,37.8002
8210000.0,37.4737
8210625.0,37.0343
8211250.0,41.0056
8211875.0,35.6143
8212500.0,39.1366
8213125.0,36.7672
8213750.0,34.2612
8214375.0,36.6516
8215000.0,35.9885
8215625.0,38.0685
8216250.0,37.1689
8216875.0,35.1093
8217500.0,39.7214
8218125.0,39.0167
8218750.0,39.9342
8219375.0,37.4384
8220000.0,36.9339
8220625.0,38.3016
8221250.0,35.9317
8221875.0,37.2406
8222500.0,36.6750
8223125.0,53.7630
8223750.0,58.3696
8224375.0,56.7212
8225000.0,57.2966
8225625.0,59.0550
8226250.0,61.6903
8226875.0,55.5386
8227500.0,57.0240
8228125.0,55.7813
8228750.0,55.5925
8229375.0,56.2758
8230000.0,57.4303
8230625.0,59.6990
8231250.0,58.9293
8231875.0,54.9351
8232500.0,61.7531
8233125.0,60.7388
8233750.0,55.3866
8234375.0,61.5499
8235000.0,58.9481
8235625.0,57.5463
8236250.0,59.0384
8236875.0,231.7011
8237500.0,238.3229
8238125.0,234.1729
8238750.0,228.0859
8239375.0,208.5004
8240000.0,238.1153
8240625.0,227.6656
8241250.0,241.0242
8241875.0,48.1319
8242500.0,46.1830
8243125.0,49.4040
8243750.0,47.4814
8244375.0,47.3846
8245000.0,46.6754
8245625.0,50.9564
8246250.0,45.3238
8246875.0,46.2417
8247500.0,44.0923
8248125.0,48.7078
8248750.0,45.6319
8249375.0,45.8954
8250000.0,45.7852
8250625.0,47.1474
8251250.0,44.0607
8251875.0,41.7284
8252500.0,48.0756
8253125.0,42.0331
8253750.0,49.0072
8254375.0,50.6625
8255000.0,46.6141
8255625.0,39.4041
8256250.0,36.9551
8256875.0,39.9586
8257500.0,36.1560
8258125.0,32.6250
8258750.0,36.8522
8259375.0,40.1597
8260000.0,37.9897
8260625.0,36.0467
8261250.0,37.6085
8261875.0,38.7966
8262500.0,36.8416
8263125.0,41.8588
8263750.0,36.0428
8264375.0,38.8546
8265000.0,38.4096
8265625.0,35.7053
8266250.0,36.2148
8266875.0,38.8835
8267500.0,37.2679
8268125.0,37.6254
8268750.0,33.9735
8269375.0,38.2136
8270000.0,37.5315
8270625.0,57.8147
8271250.0,59.0466
8271875.0,56.8133
8272500.0,56.2835
8273125.0,57.2985
8273750.0,56.6538
8274375.0,64.3235
8275000.0,60.6444
8275625.0,55.1914
8276250.0,63.9053
8276875.0,56.7447
8277500.0,58.0854
8278125.0,60.6025
8278750.0,52.2870
8279375.0,57.3126
8280000.0,56.3373
8280625.0,58.5947
8281250.0,59.0731
8281875.0,57.7759
8282500.0,57.6414
8283125.0,61.0889
8283750.0,58.8743
8284375.0,232.4805
8285000.0,233.7153
8285625.0,253.2963
8286250.0,234.0030
8286875.0,226.0324
8287500.0,209.8556
8288125.0,215.3663
8288750.0,226.5825
8289375.0,46.7453
8290000.0,45.6943
8290625.0,47.8252
8291250.0,45.6640
8291875.0,44.8510
8292500.0,48.4397
8293125.0,50.2181
8293750.0,44.3982
8294375.0,47.5727
8295000.0,42.5232
8295625.0,43.5348
8296250.0,45.6164
8296875.0,49.6670
8297500.0,45.1700
8298125.0,45.0822
8298750.0,47.0848
8299375.0,47.0871
8300000.0,45.1549
8300625.0,51.6676
8301250.0,46.3764
8301875.0,47.2669
8302500.0,46.0558
8303125.0,37.8139
8303750.0,39.2847
8304375.0,40.0778
8305000.0,35.5898
8305625.0,39.0365
8306250.0,38.0169
8306875.0,38.8029
8307500.0,36.8300
8308125.0,36.6540
8308750.0,60.7136
8309375.0,60.7686
8310000.0,62.5406
8310625.0,58.5758
8311250.0,57.6899
8311875.0,50.8664
8312500.0,53.3273
8313125.0,56.8567
8313750.0,54.8069
8314375.0,60.3610
8315000.0,54.2009
8315625.0,56.5462
8316250.0,56.6601
8316875.0,61.4938
8317500.0,56.2361
8318125.0,59.3120
8318750.0,58.5675
8319375.0,60.6195
8320000.0,60.4656
8320625.0,57.9030
8321250.0,53.0807
8321875.0,57.3280
8322500.0,231.7685
8323125.0,235.3177
8323750.0,223.4444
8324375.0,245.2345
8325000.0,232.1580
8325625.0,221.3222
8326250.0,226.6846
8326875.0,254.3711
8327500.0,48.5613
8328125.0,49.4639
8328750.0,44.5523
8329375.0,45.3813
8330000.0,45.3987
8330625.0,47.4333
8331250.0,46.5911
8331875.0,45.8497
8332500.0,46.1444
8333125.0,45.1340
8333750.0,46.5774
8334375.0,49.6161
8335000.0,43.4441
8335625.0,47.8142
8336250.0,50.2432
8336875.0,46.5695
8337500.0,45.7571
8338125.0,49.1719
8338750.0,44.6871
8339375.0,46.9467
8340000.0,44.5564
8340625.0,42.6053
8341250.0,36.7188
8341875.0,34.6627
8342500.0,36.9784
8343125.0,39.0628
8343750.0,40.4304
8344375.0,37.1730
8345000.0,38.8855
8345625.0,37.7381
8346250.0,36.2912
8346875.0,33.4392
8347500.0,40.0090
8348125.0,35.0592
8348750.0,39.5581
8349375.0,37.9931
8350000.0,35.1944
8350625.0,37.5772
8351250.0,40.9459
8351875.0,39.8410
8352500.0,36.0515
8353125.0,35.6828
8353750.0,37.1854
8354375.0,36.6938
8355000.0,39.2195
8355625.0,38.3682
8356250.0,33.8694
8356875.0,37.8485
8357500.0,36.6687
8358125.0,37.0687
8358750.0,37.4605
8359375.0,61.4763
8360000.0,60.8356
8360625.0,55.8257
8361250.0,57.8300
8361875.0,56.6993
8362500.0,53.1226
8363125.0,57.6828
8363750.0,63.3498
8364375.0,53.0351
8365000.0,57.9302
8365625.0,57.8372
8366250.0,58.8344
8366875.0,55.2081
8367500.0,53.8672
8368125.0,54.0021
8368750.0,61.8597
8369375.0,55.1502
8370000.0,56.5513
8370625.0,64.1034
8371250.0,55.8707
8371875.0,58.9930
8372500.0,61.0851
8373125.0,243.7824
8373750.0,216.5537
8374375.0,223.7251
8375000.0,235.5074
8375625.0,254.3766
8376250.0,223.1665
8376875.0,226.2741
8377500.0,236.8671
8378125.0,48.4562
8378750.0,48.5986
8379375.0,45.0111
8380000.0,45.7497
8380625.0,47.5064
8381250.0,49.9664
8381875.0,46.4396
8382500.0,46.9476
8383125.0,44.5891
8383750.0,51.3786
8384375.0,47.3625
8385000.0,49.5327
8385625.0,47.0703
8386250.0,47.2004
8386875.0,43.4743
8387500.0,41.9457
8388125.0,49.9420
8388750.0,47.1834
8389375.0,47.4851
8390000.0,44.0647
8390625.0,44.8778
8391250.0,49.4964
8391875.0,40.2193
8392500.0,35.8506
8393125.0,38.2422
8393750.0,37.3515
8394375.0,36.7770
8395000.0,63.3707
8395625.0,56.6857
8396250.0,61.5981
8396875.0,59.1061
8397500.0,57.9510
8398125.0,61.9788
8398750.0,58.8414
8399375.0,57.7204
8400000.0,62.0004
8400625.0,61.6229
8401250.0,61.4857
8401875.0,46.7254
8402500.0,59.2765
8403125.0,58.6151
8403750.0,57.8989
8404375.0,59.7684
8405000.0,58.7556
8405625.0,59.9656
8406250.0,57.2229
8406875.0,62.3447
8407500.0,60.2589
8408125.0,59.5733
8408750.0,237.7270
8409375.0,245.4245
8410000.0,243.8516
8410625.0,230.6918
8411250.0,243.4876
8411875.0,234.0190
8412500.0,254.2364
8413125.0,244.7336
8413750.0,45.5298
8414375.0,52.4772
8415000.0,42.0602
8415625.0,48.4978
8416250.0,45.3638
8416875.0,51.4231
8417500.0,47.5941
8418125.0,45.1346
8418750.0,46.3737
8419375.0,45.3223
8420000.0,46.2814
8420625.0,46.2277
8421250.0,45.2348
8421875.0,47.6346
8422500.0,47.9194
8423125.0,44.6587
8423750.0,43.1031
8424375.0,47.7307
8425000.0,48.2500
8425625.0,48.7160
8426250.0,48.2953
8426875.0,50.6959
8427500.0,38.8446
8428125.0,41.9577
8428750.0,42.7362
8429375.0,33.7475
8430000.0,32.9353
8430625.0,36.9863
8431250.0,37.9328
8431875.0,36.8596
8432500.0,38.3016
8433125.0,36.5001
8433750.0,35.7162
8434375.0,35.9957
8435000.0,36.6297
8435625.0,38.5605
8436250.0,36.0995
8436875.0,36.4654
8437500.0,38.0549
8438125.0,36.6322
8438750.0,39.0659
8439375.0,55.3334
8440000.0,54.7045
8440625.0,58.8834
8441250.0,59.1724
8441875.0,55.4916
8442500.0,61.8964
8443125.0,63.5823
8443750.0,56.1792
8444375.0,62.3132
8445000.0,51.0918
8445625.0,61.1207
8446250.0,55.5125
8446875.0,60.8306
8447500.0,55.2123
8448125.0,57.8014
8448750.0,55.6507
8449375.0,57.3797
8450000.0,63.3068
8450625.0,57.6870
8451250.0,64.1199
8451875.0,56.8811
8452500.0,62.3261
8453125.0,206.7110
8453750.0,221.7768
8454375.0,218.9688
8455000.0,242.2992
8455625.0,227.0840
8456250.0,201.5091
8456875.0,210.2610
8457500.0,213.6075
8458125.0,49.1950
8458750.0,48.8918
8459375.0,46.2941
8460000.0,45.7110
8460625.0,48.6835
8461250.0,44.3456
8461875.0,48.0755
8462500.0,47.8754
8463125.0,46.3547
8463750.0,47.9345
8464375.0,47.2399
8465000.0,48.1689
8465625.0,43.8649
8466250.0,48.4441
8466875.0,49.4125
8467500.0,47.7542
8468125.0,48.4129
8468750.0,46.7417
8469375.0,49.0946
8470000.0,47.1533
8470625.0,44.3023
8471250.0,48.9275
8471875.0,33.9768
8472500.0,37.5231
8473125.0,36.2892
8473750.0,36.1710
8474375.0,37.3182
8475000.0,35.6878
8475625.0,37.9476
8476250.0,37.1051
8476875.0,35.8580
8477500.0,39.4756
8478125.0,37.3788
8478750.0,38.1670
8479375.0,39.6207
8480000.0,39.5903
8480625.0,38.0726
8481250.0,36.4401
8481875.0,34.3550
8482500.0,37.3824
8483125.0,39.0250
8483750.0,37.6555
8484375.0,30.6275
8485000.0,38.6096
8485625.0,38.7233
8486250.0,36.4427
8486875.0,38.8285
8487500.0,59.8211
8488125.0,56.0120
8488750.0,61.6868
8489375.0,54.3243
8490000.0,57.8340
8490625.0,57.5447
8491250.0,55.6062
8491875.0,58.8810
8492500.0,61.8001
8493125.0,61.6185
8493750.0,60.0986
8494375.0,53.0818
8495000.0,54.1257
8495625.0,58.4819
8496250.0,57.9007
8496875.0,56.5556
8497500.0,63.5254
8498125.0,58.3070
8498750.0,59.5730
8499375.0,60.8649
8500000.0,58.1594
8500625.0,65.5141
8501250.0,214.4208
8501875.0,218.1817
8502500.0,214.3932
8503125.0,242.5799
8503750.0,234.0235
8504375.0,218.8783
8505000.0,215.2814
8505625.0,240.5800
8506250.0,47.8500
8506875.0,50.3145
8507500.0,46.8586
8508125.0,48.2021
8508750.0,47.7055
8509375.0,45.5333
8510000.0,46.6613
8510625.0,44.2169
8511250.0,48.1612
8511875.0,48.7889
8512500.0,49.3269
8513125.0,48.5664
8513750.0,46.6987
8514375.0,50.6471
8515000.0,49.0969
8515625.0,50.2631
8516250.0,50.4105
8516875.0,46.7048
8517500.0,47.9115
8518125.0,48.8202
8518750.0,44.2995
8519375.0,44.3516
8520000.0,34.5963
8520625.0,36.8000
8521250.0,36.3834
8521875.0,34.3440
8522500.0,37.2763
8523125.0,36.8231
8523750.0,39.1871
8524375.0,40.7240
8525000.0,37.8444
8525625.0,35.7112
8526250.0,38.1964
8526875.0,37.0172
8527500.0,36.5558
8528125.0,35.4060
8528750.0,36.1412
8529375.0,36.6711
8530000.0,38.4876
8530625.0,37.9454
8531250.0,40.3773
8531875.0,38.2475
8532500.0,37.7849
8533125.0,36.4335
8533750.0,35.0807
8534375.0,35.9457
8535000.0,35.7053
8535625.0,32.2623
8536250.0,35.1340
8536875.0,39.9641
8537500.0,37.6819
8538125.0,36.3034
8538750.0,37.7372
8539375.0,33.3862
8540000.0,37.5219
8540625.0,61.7047
8541250.0,57.6488
8541875.0,52.8612
8542500.0,56.7996
8543125.0,61.7099
8543750.0,58.7500
8544375.0,53.8869
8545000.0,64.8661
8545625.0,54.3640
8546250.0,57.2955
8546875.0,54.9916
8547500.0,54.9956
8548125.0,56.6888
8548750.0,59.8448
8549375.0,61.7425
8550000.0,56.8801
8550625.0,55.0706
8551250.0,59.3881
8551875.0,59.4731
8552500.0,58.6971
8553125.0,58.7996
8553750.0,57.6736
8554375.0,226.1042
8555000.0,222.9564
8555625.0,237.0402
8556250.0,250.0702
8556875.0,227.0211
8557500.0,224.9261
8558125.0,227.8784
8558750.0,217.5984
8559375.0,48.7977
8560000.0,48.0368
8560625.0,46.0119
8561250.0,49.1199
8561875.0,47.0446
8562500.0,44.7204
8563125.0,47.8263
8563750.0,47.5569
8564375.0,49.2570
8565000.0,48.9541
8565625.0,46.7433
8566250.0,45.8906
8566875.0,47.0041
8567500.0,47.8538
8568125.0,48.1368
8568750.0,47.7083
8569375.0,46.7867
8570000.0,49.3425
8570625.0,45.4154
8571250.0,52.8266
8571875.0,48.7932
8572500.0,44.3504
8573125.0,37.3427
8573750.0,38.4295
8574375.0,36.3537
8575000.0,34.2340
8575625.0,35.0777
8576250.0,38.0029
8576875.0,33.7540
8577500.0,34.3187
8578125.0,37.9931
8578750.0,36.5883
8579375.0,35.7128
8580000.0,36.0847
8580625.0,34.2790
8581250.0,37.8962
8581875.0,35.5079
8582500.0,56.4463
8583125.0,59.0057
8583750.0,57.2558
8584375.0,55.9565
8585000.0,52.2306
8585625.0,59.0655
8586250.0,58.2291
8586875.0,56.4996
8587500.0,54.9915
8588125.0,58.0370
8588750.0,59.3934
8589375.0,58.2835
8590000.0,62.7504
8590625.0,60.0438
8591250.0,57.6889
8591875.0,60.1410
8592500.0,58.1411
8593125.0,58.1311
8593750.0,61.7595
8594375.0,55.3956
8595000.0,58.0676
8595625.0,61.4502
8596250.0,228.4761
8596875.0,220.8482
8597500.0,205.8057
8598125.0,199.4586
8598750.0,248.3570
8599375.0,228.4708
8600000.0,218.4292
8600625.0,228.9314
8601250.0,44.7730
8601875.0,46.2217
8602500.0,44.7888
8603125.0,43.6788
8603750.0,42.0533
8604375.0,43.2455
8605000.0,49.4000
8605625.0,44.6808
8606250.0,48.2570
8606875.0,49.2481
8607500.0,47.0390
8608125.0,46.2984
8608750.0,47.3126
8609375.0,46.0209
8610000.0,49.8292
8610625.0,51.4099
8611250.0,50.4071
8611875.0,41.9438
8612500.0,45.9730
8613125.0,47.0098
8613750.0,48.0882
8614375.0,42.9408
8615000.0,33.7746
8615625.0,39.4176
8616250.0,35.9656
8616875.0,34.2483
8617500.0,34.9583
8618125.0,37.7224
8618750.0,35.4783
8619375.0,37.4470
8620000.0,35.1894
8620625.0,33.7732
8621250.0,39.6351
8621875.0,37.7367
8622500.0,36.3826
8623125.0,36.0355
8623750.0,39.7101
8624375.0,38.0943
8625000.0,39.1216
8625625.0,35.9202
8626250.0,37.0937
8626875.0,37.7441
8627500.0,35.9824
8628125.0,36.8233
8628750.0,35.9203
8629375.0,37.7383
8630000.0,34.5554
8630625.0,38.0581
8631250.0,37.5748
8631875.0,36.6239
8632500.0,37.8316
8633125.0,36.3249
8633750.0,35.7603
8634375.0,38.0059
8635000.0,59.7023
8635625.0,56.5289
8636250.0,56.2801
8636875.0,57.4694
8637500.0,56.3992
8638125.0,62.4228
8638750.0,58.9178
8639375.0,58.0423
8640000.0,55.2951
8640625.0,60.1431
8641250.0,56.2263
8641875.0,56.1070
8642500.0,60.2406
8643125.0,59.1232
8643750.0,50.7400
8644375.0,57.5425
8645000.0,58.3640
8645625.0,57.0152
8646250.0,58.4651
8646875.0,52.7519
8647500.0,49.7900
8648125.0,55.1711
8648750.0,235.2741
8649375.0,194.5905
8650000.0,222.2149
8650625.0,209.6960
8651250.0,229.1856
8651875.0,254.7116
8652500.0,229.4808
8653125.0,230.7530
8653750.0,48.9722
8654375.0,47.0501
8655000.0,46.4948
8655625.0,49.1776
8656250.0,48.1089
8656875.0,47.6783
8657500.0,46.6739
8658125.0,46.1867
8658750.0,49.1554
8659375.0,46.2093
8660000.0,49.8934
8660625.0,44.5392
8661250.0,50.3694
8661875.0,48.1093
8662500.0,44.7239
8663125.0,48.1961
8663750.0,45.4718
8664375.0,47.0786
8665000.0,45.8564
8665625.0,46.6877
8666250.0,49.2124
8666875.0,48.2185
8667500.0,34.9181
8668125.0,35.0240
8668750.0,37.5009
8669375.0,37.6349
8670000.0,35.7523
8670625.0,39.9439
8671250.0,38.5050
8671875.0,35.8427
8672500.0,35.6638
8673125.0,36.5785
8673750.0,36.3861
8674375.0,39.3239
8675000.0,38.8214
8675625.0,37.0649
8676250.0,38.2541
8676875.0,38.5225
8677500.0,37.1078
8678125.0,37.7448
8678750.0,38.0992
8679375.0,37.9021
8680000.0,35.5592
8680625.0,35.7462
8681250.0,36.4661
8681875.0,35.6927
8682500.0,34.2748
8683125.0,38.2505
8683750.0,37.6409
8684375.0,34.5222
8685000.0,36.5543
8685625.0,36.6591
8686250.0,37.3366
8686875.0,34.9984
8687500.0,34.4951
8688125.0,37.9615
8688750.0,53.5515
8689375.0,57.3253
8690000.0,57.0544
8690625.0,57.6425
8691250.0,58.7329
8691875.0,62.6359
8692500.0,53.3615
8693125.0,60.5421
8693750.0,50.7147
8694375.0,62.0418
8695000.0,52.0757
8695625.0,65.0655
8696250.0,56.8697
8696875.0,61.7421
8697500.0,61.1441
8698125.0,56.7342
8698750.0,56.9567
8699375.0,55.5722
8700000.0,60.2834
8700625.0,56.7719
8701250.0,55.6249
8701875.0,59.5581
8702500.0,221.5928
8703125.0,228.1838
8703750.0,233.2424
8704375.0,224.5478
8705000.0,226.2980
8705625.0,249.8058
8706250.0,229.6309
8706875.0,227.8283
8707500.0,46.5885
8708125.0,48.0680
8708750.0,44.5704
8709375.0,48.0040
8710000.0,47.6012
8710625.0,42.7967
8711250.0,51.2165
8711875.0,50.4329
8712500.0,45.1187
8713125.0,44.3623
8713750.0,47.5359
8714375.0,43.6492
8715000.0,50.2061
8715625.0,45.8991
8716250.0,50.8112
8716875.0,45.0627
8717500.0,46.7363
8718125.0,49.9779
8718750.0,46.2404
8719375.0,47.6394
8720000.0,49.5677
8720625.0,45.6933
8721250.0,34.6658
8721875.0,34.3014
8722500.0,38.0794
8723125.0,37.7192
8723750.0,38.9641
8724375.0,36.4930
8725000.0,34.3531
8725625.0,32.6474
8726250.0,42.3057
8726875.0,37.9748
8727500.0,37.2531
8728125.0,37.5155
8728750.0,34.3520
8729375.0,35.5295
8730000.0,40.2252
8730625.0,38.2179
8731250.0,35.5873
8731875.0,34.7304
8732500.0,36.0460
8733125.0,36.4165
8733750.0,40.7909
8734375.0,36.6517
8735000.0,34.7993
8735625.0,36.8916
8736250.0,37.4890
8736875.0,34.6310
8737500.0,37.7440
8738125.0,39.2365
8738750.0,37.2565
8739375.0,35.5254
8740000.0,36.0216
8740625.0,33.9312
8741250.0,36.7524
8741875.0,37.5749
8742500.0,35.3412
8743125.0,40.5884
8743750.0,60.2976
8744375.0,52.8009
8745000.0,52.8604
8745625.0,55.1463
8746250.0,62.5622
8746875.0,60.5837
8747500.0,62.7088
8748125.0,58.0296
8748750.0,57.3925
8749375.0,54.3822
8750000.0,59.0141
8750625.0,57.4311
8751250.0,57.3195
8751875.0,62.6923
8752500.0,57.6336
8753125.0,61.8598
8753750.0,53.3946
8754375.0,65.7955
8755000.0,56.9175
8755625.0,60.0508
8756250.0,60.5122
8756875.0,56.5577
8757500.0,241.5007
8758125.0,242.1036
8758750.0,223.7275
8759375.0,223.8649
8760000.0,232.5256
8760625.0,230.6603
8761250.0,248.1603
8761875.0,240.1510
8762500.0,46.8345
8763125.0,48.4243
8763750.0,42.1904
8764375.0,45.5540
8765000.0,47.6764
8765625.0,49.6211
8766250.0,47.4695
8766875.0,50.4269
8767500.0,49.0397
8768125.0,45.8524
8768750.0,46.6709
8769375.0,47.9598
8770000.0,45.9457
8770625.0,50.5985
8771250.0,44.3945
8771875.0,47.7429
8772500.0,48.7283
8773125.0,46.2634
8773750.0,45.7338
8774375.0,46.8212
8775000.0,48.9082
8775625.0,45.8254
8776250.0,35.0225
8776875.0,39.1286
8777500.0,37.7387
8778125.0,38.8645
8778750.0,38.4048
8779375.0,41.0328
8780000.0,39.0627
8780625.0,35.6605
8781250.0,37.8700
8781875.0,35.9686
8782500.0,36.1599
8783125.0,34.3869
8783750.0,57.1703
8784375.0,59.5806
8785000.0,57.8085
8785625.0,54.8118
8786250.0,53.5832
8786875.0,64.1244
8787500.0,58.9430
8788125.0,55.6102
8788750.0,59.3392
8789375.0,64.3486
8790000.0,59.7993
8790625.0,49.9175
8791250.0,65.6916
8791875.0,52.6372
8792500.0,57.4026
8793125.0,54.7131
8793750.0,55.8540
8794375.0,58.8248
8795000.0,51.9940
8795625.0,57.7383
8796250.0,61.3273
8796875.0,55.5546
8797500.0,209.3593
8798125.0,223.4328
8798750.0,221.1937
8799375.0,218.3037
8800000.0,211.6311
8800625.0,230.8408
8801250.0,231.6967
8801875.0,213.0115
8802500.0,44.8210
8803125.0,47.3208
8803750.0,44.7323
8804375.0,47.4199
8805000.0,50.4499
8805625.0,46.8594
8806250.0,44.1480
8806875.0,47.9214
8807500.0,46.5825
8808125.0,46.6471
8808750.0,48.1170
8809375.0,48.6239
8810000.0,47.0834
8810625.0,46.8574
8811250.0,51.8493
8811875.0,49.8213
8812500.0,48.9588
8813125.0,47.3083
8813750.0,44.6365
8814375.0,49.6494
8815000.0,47.3391
8815625.0,45.6437
8816250.0,36.5502
8816875.0,35.2126
8817500.0,38.9561
8818125.0,38.2636
8818750.0,37.3360
8819375.0,36.9208
8820000.0,35.7408
8820625.0,33.0594
8821250.0,34.3861
8821875.0,35.6261
8822500.0,35.3480
8823125.0,37.5353
8823750.0,38.5013
8824375.0,36.7624
8825000.0,39.6065
8825625.0,35.5516
8826250.0,36.7493
8826875.0,36.9057
8827500.0,39.0205
8828125.0,37.1959
8828750.0,37.2471
8829375.0,33.9385
8830000.0,35.3352
8830625.0,39.0275
8831250.0,33.1606
8831875.0,39.4845
8832500.0,37.9244
8833125.0,35.6171
8833750.0,35.4607
8834375.0,40.5075
8835000.0,39.6111
8835625.0,36.7790
8836250.0,37.2490
8836875.0,35.8046
8837500.0,37.2494
8838125.0,35.7533
8838750.0,36.8547
8839375.0,40.3491
8840000.0,57.7227
8840625.0,54.9607
8841250.0,54.0375
8841875.0,58.3686
8842500.0,55.7934
8843125.0,58.7151
8843750.0,53.3034
8844375.0,60.0017
8845000.0,54.9255
8845625.0,58.1343
8846250.0,57.0189
8846875.0,62.9833
8847500.0,58.4973
8848125.0,63.6419
8848750.0,59.6262
8849375.0,62.1337
8850000.0,57.3945
8850625.0,59.0020
8851250.0,61.5341
8851875.0,60.6244
8852500.0,59.5399
8853125.0,57.0490
8853750.0,230.1582
8854375.0,245.1969
8855000.0,247.6126
8855625.0,225.1228
8856250.0,223.3724
8856875.0,221.5120
8857500.0,241.6245
8858125.0,221.2181
8858750.0,48.9214
8859375.0,48.2824
8860000.0,45.7190
8860625.0,50.6751
8861250.0,43.5637
8861875.0,50.8999
8862500.0,47.7494
8863125.0,42.1274
8863750.0,50.7409
8864375.0,49.2847
8865000.0,45.9937
8865625.0,44.7329
8866250.0,43.3127
8866875.0,52.6763
8867500.0,44.8301
8868125.0,44.0306
8868750.0,47.6296
8869375.0,43.1510
8870000.0,44.6934
8870625.0,49.3382
8871250.0,48.0909
8871875.0,46.0920
8872500.0,37.0339
8873125.0,36.1814
8873750.0,36.8853
8874375.0,35.5906
8875000.0,35.9266
8875625.0,35.8702
8876250.0,35.6572
8876875.0,38.9312
8877500.0,38.4247
8878125.0,35.2751
8878750.0,34.7904
8879375.0,36.7090
8880000.0,40.9873
8880625.0,35.0987
8881250.0,36.7017
8881875.0,37.1641
8882500.0,36.7990
8883125.0,36.1523
8883750.0,61.3497
8884375.0,59.3179
8885000.0,60.4528
8885625.0,59.7092
8886250.0,60.5925
8886875.0,62.5948
8887500.0,61.8600
8888125.0,64.7419
8888750.0,61.5303
8889375.0,56.0586
8890000.0,60.4572
8890625.0,60.0603
8891250.0,63.5689
8891875.0,55.1952
8892500.0,59.6181
8893125.0,56.0249
8893750.0,59.4864
8894375.0,57.3772
8895000.0,59.3905
8895625.0,53.9100
8896250.0,60.3004
8896875.0,58.5976
8897500.0,226.7122
8898125.0,246.9401
8898750.0,220.6971
8899375.0,228.8505
8900000.0,226.1280
8900625.0,227.2279
8901250.0,249.9953
8901875.0,225.7178
8902500.0,45.6669
8903125.0,51.3966
8903750.0,46.2769
8904375.0,43.2278
8905000.0,45.2590
8905625.0,44.0705
8906250.0,42.7701
8906875.0,46.1469
8907500.0,46.8350
8908125.0,49.7742
8908750.0,48.4791
8909375.0,48.3720
8910000.0,44.9010
8910625.0,49.0796
8911250.0,50.2694
8911875.0,47.9272
8912500.0,47.9929
8913125.0,44.0280
8913750.0,49.4779
8914375.0,51.1850
8915000.0,47.7589
8915625.0,45.6033
8916250.0,36.7003
8916875.0,36.2222
8917500.0,36.3332
8918125.0,38.1988
8918750.0,37.5170
8919375.0,38.8573
8920000.0,37.6862
8920625.0,35.4014
8921250.0,36.0737
8921875.0,35.9587
8922500.0,36.6550
8923125.0,40.3202
8923750.0,40.6166
8924375.0,38.5477
8925000.0,37.2197
8925625.0,34.4809
8926250.0,37.4070
8926875.0,35.5385
8927500.0,40.0165
8928125.0,34.0287
8928750.0,37.7113
8929375.0,35.3827
8930000.0,36.9824
8930625.0,38.2322
8931250.0,38.8906
8931875.0,36.8877
8932500.0,38.4083
8933125.0,35.7744
8933750.0,37.4542
8934375.0,38.8541
8935000.0,37.6144
8935625.0,36.0207
8936250.0,36.4838
8936875.0,38.8790
8937500.0,34.9801
8938125.0,35.2530
8938750.0,38.1129
8939375.0,56.7265
8940000.0,53.7861
8940625.0,61.9174
8941250.0,54.8112
8941875.0,57.4217
8942500.0,56.2034
8943125.0,57.1367
8943750.0,55.4346
8944375.0,60.0714
8945000.0,58.3214
8945625.0,60.8526
8946250.0,56.2334
8946875.0,64.1858
8947500.0,52.4765
8948125.0,53.4031
8948750.0,63.0839
8949375.0,59.3747
8950000.0,58.9900
8950625.0,59.2507
8951250.0,59.6565
8951875.0,58.8693
8952500.0,55.1989
8953125.0,241.4910
8953750.0,239.6639
8954375.0,248.5698
8955000.0,252.4652
8955625.0,235.8335
8956250.0,217.7604
8956875.0,252.5613
8957500.0,220.1895
8958125.0,47.7942
8958750.0,46.3967
8959375.0,45.9880
8960000.0,48.7961
8960625.0,47.5745
8961250.0,48.2061
8961875.0,45.0831
8962500.0,46.5909
8963125.0,45.1916
8963750.0,46.5322
8964375.0,46.7209
8965000.0,51.3341
8965625.0,46.3904
8966250.0,42.0048
8966875.0,50.2785
8967500.0,48.0558
8968125.0,46.6921
8968750.0,45.9725
8969375.0,44.7747
8970000.0,51.5544
8970625.0,47.1218
8971250.0,42.9163
8971875.0,37.6063
8972500.0,39.2314
8973125.0,37.2894
8973750.0,35.3321
8974375.0,35.1665
8975000.0,35.3030
8975625.0,39.8151
8976250.0,36.8674
8976875.0,33.8944
8977500.0,37.7106
8978125.0,37.2609
8978750.0,36.1695
8979375.0,35.1122
8980000.0,35.0318
8980625.0,39.0103
8981250.0,37.4579
8981875.0,37.8855
8982500.0,37.4528
8983125.0,37.6062
8983750.0,36.1335
8984375.0,36.6192
8985000.0,39.1551
8985625.0,62.1023
8986250.0,54.4559
8986875.0,57.3960
8987500.0,60.4339
8988125.0,63.4580
8988750.0,63.1677
8989375.0,55.6923
8990000.0,61.6976
8990625.0,58.1700
8991250.0,61.0288
8991875.0,60.2860
8992500.0,54.3345
8993125.0,59.5949
8993750.0,60.9165
8994375.0,57.9415
8995000.0,57.2857
8995625.0,53.4422
8996250.0,59.9825
8996875.0,58.6054
8997500.0,55.3257
8998125.0,57.0551
8998750.0,58.4481
8999375.0,218.7153
9000000.0,225.0301
9000625.0,205.3133
9001250.0,240.1810
9001875.0,225.1790
9002500.0,212.6323
9003125.0,197.3283
9003750.0,236.5778
9004375.0,48.3115
9005000.0,47.4951
9005625.0,49.0296
9006250.0,49.0231
9006875.0,47.4569
9007500.0,46.4026
9008125.0,46.0197
9008750.0,47.9892
9009375.0,50.2830
9010000.0,46.7582
9010625.0,50.4697
9011250.0,47.8769
9011875.0,47.8946
9012500.0,52.6520
9013125.0,50.8838
9013750.0,50.9447
9014375.0,45.1256
9015000.0,52.1516
9015625.0,46.8068
9016250.0,46.4654
9016875.0,41.9258
9017500.0,47.7668
9018125.0,34.9958
9018750.0,37.7553
9019375.0,34.8511
9020000.0,40.3257
9020625.0,38.0204
9021250.0,41.2178
9021875.0,35.1074
9022500.0,62.4926
9023125.0,52.7721
9023750.0,58.6034
9024375.0,56.1683
9025000.0,56.7009
9025625.0,56.5022
9026250.0,55.3473
9026875.0,54.3469
9027500.0,56.7170
9028125.0,58.3365
9028750.0,61.3747
9029375.0,58.8565
9030000.0,61.3830
9030625.0,53.7133
9031250.0,56.7444
9031875.0,60.0619
9032500.0,58.9953
9033125.0,55.5026
9033750.0,60.7088
9034375.0,56.4593
9035000.0,55.7456
9035625.0,59.4121
9036250.0,225.0694
9036875.0,219.1172
9037500.0,218.7352
9038125.0,212.9648
9038750.0,220.5478
9039375.0,237.3751
9040000.0,227.7512
9040625.0,235.7842
9041250.0,48.2128
9041875.0,45.5612
9042500.0,43.1245
9043125.0,44.8219
9043750.0,45.4226
9044375.0,45.2408
9045000.0,49.3054
9045625.0,49.2809
9046250.0,52.1979
9046875.0,45.2053
9047500.0,50.7540
9048125.0,50.7395
9048750.0,46.4542
9049375.0,48.1129
9050000.0,49.9157
9050625.0,46.8615
9051250.0,46.6795
9051875.0,45.5258
9052500.0,41.4539
9053125.0,47.1656
9053750.0,45.3318
9054375.0,44.4729
9055000.0,37.7811
9055625.0,34.3151
9056250.0,38.4912
9056875.0,37.8947
9057500.0,36.2596
9058125.0,57.8164
9058750.0,54.5484
9059375.0,60.1760
9060000.0,58.5434
9060625.0,58.7594
9061250.0,59.4555
9061875.0,56.1370
9062500.0,53.5947
9063125.0,60.7762
9063750.0,59.9973
9064375.0,56.4475
9065000.0,59.1864
9065625.0,61.6481
9066250.0,61.3022
9066875.0,56.3628
9067500.0,53.6826
9068125.0,54.1801
9068750.0,57.0960
9069375.0,62.2407
9070000.0,55.8875
9070625.0,56.2706
9071250.0,56.2110
9071875.0,225.8319
9072500.0,231.8698
9073125.0,217.1514
9073750.0,244.5786
9074375.0,230.3201
9075000.0,260.7580
9075625.0,218.3866
9076250.0,250.4424
9076875.0,50.2697
9077500.0,46.0325
9078125.0,46.0716
9078750.0,44.8350
9079375.0,44.8619
9080000.0,46.9986
9080625.0,47.0486
9081250.0,43.2345
9081875.0,52.3897
9082500.0,46.3901
9083125.0,47.1542
9083750.0,45.5283
9084375.0,46.3725
9085000.0,46.1590
9085625.0,46.9931
9086250.0,46.9657
9086875.0,48.8914
9087500.0,47.5340
9088125.0,48.6551
9088750.0,46.9769
9089375.0,47.5434
9090000.0,46.4329
9090625.0,38.8558
9091250.0,37.5969
9091875.0,36.7076
9092500.0,36.6524
9093125.0,36.7979
9093750.0,37.0563
9094375.0,36.8957
9095000.0,35.9661
9095625.0,38.4151
9096250.0,38.5319
9096875.0,40.3001
9097500.0,35.8833
9098125.0,38.2329
9098750.0,33.4681
9099375.0,38.5337
9100000.0,34.3053
9100625.0,35.1790
9101250.0,37.6146
9101875.0,35.8502
9102500.0,35.5970
9103125.0,36.1031
9103750.0,38.3498
9104375.0,35.2742
9105000.0,36.8998
9105625.0,36.2995
9106250.0,38.5168
9106875.0,38.5687
9107500.0,33.6047
9108125.0,38.9335
9108750.0,35.8701
9109375.0,37.4371
9110000.0,35.2630
9110625.0,37.6866
9111250.0,41.7200
9111875.0,58.3688
9112500.0,56.6664
9113125.0,57.3267
9113750.0,53.7398
9114375.0,62.2020
9115000.0,58.9074
9115625.0,54.9582
9116250.0,55.0527
9116875.0,58.0443
9117500.0,60.7028
9118125.0,54.6621
9118750.0,61.2289
9119375.0,57.7343
9120000.0,55.3023
9120625.0,56.6437
9121250.0,63.0708
9121875.0,53.9742
9122500.0,55.8775
9123125.0,60.7625
9123750.0,58.6277
9124375.0,55.7054
9125000.0,60.7979
9125625.0,236.3883
9126250.0,228.7281
9126875.0,218.1105
9127500.0,219.8441
9128125.0,228.2026
9128750.0,210.2408
9129375.0,239.9376
9130000.0,244.1274
9130625.0,46.4455
9131250.0,47.8368
9131875.0,49.7866
9132500.0,51.5956
9133125.0,50.6589
9133750.0,42.9215
9134375.0,46.2584
9135000.0,48.1766
9135625.0,45.8386
9136250.0,51.1895
9136875.0,50.8290
9137500.0,45.0826
9138125.0,46.6184
9138750.0,45.2385
9139375.0,46.5414
9140000.0,46.4702
9140625.0,49.2425
9141250.0,44.9121
9141875.0,40.8506
9142500.0,43.2293
9143125.0,44.5835
9143750.0,45.4591
9144375.0,37.3463
9145000.0,35.0024
9145625.0,34.7595
9146250.0,35.2805
9146875.0,34.9360
9147500.0,35.9742
9148125.0,35.8950
9148750.0,38.2748
9149375.0,35.1694
9150000.0,36.3384
9150625.0,35.9917
9151250.0,38.4964
9151875.0,36.7146
9152500.0,38.9438
9153125.0,34.8681
9153750.0,36.9087
9154375.0,35.9346
9155000.0,34.7318
9155625.0,36.8751
9156250.0,40.2059
9156875.0,35.4221
9157500.0,36.7642
9158125.0,34.5724
9158750.0,34.3004
9159375.0,35.5436
9160000.0,36.1675
9160625.0,36.2497
9161250.0,36.5819
9161875.0,33.9506
9162500.0,35.8420
9163125.0,37.9283
9163750.0,34.4872
9164375.0,36.3430
9165000.0,37.5418
9165625.0,55.7314
9166250.0,58.9904
9166875.0,53.5887
9167500.0,60.5765
9168125.0,59.0608
9168750.0,58.1614
9169375.0,61.2620
9170000.0,57.0449
9170625.0,56.2082
9171250.0,61.9804
9171875.0,63.3382
9172500.0,55.9890
9173125.0,57.6701
9173750.0,61.0306
9174375.0,57.7734
9175000.0,59.7243
9175625.0,60.2632
9176250.0,56.3693
9176875.0,59.2159
9177500.0,57.9820
9178125.0,54.4711
9178750.0,55.1300
9179375.0,217.6603
9180000.0,235.4458
9180625.0,235.8153
9181250.0,233.4365
9181875.0,229.9512
9182500.0,229.6443
9183125.0,228.1226
9183750.0,229.5855
9184375.0,48.1171
9185000.0,43.6996
9185625.0,45.1429
9186250.0,44.5820
9186875.0,49.6018
9187500.0,50.8871
9188125.0,41.9027
9188750.0,50.6773
9189375.0,47.2038
9190000.0,49.3799
9190625.0,48.1902
9191250.0,50.3849
9191875.0,47.4929
9192500.0,43.7959
9193125.0,46.7517
9193750.0,48.2118
9194375.0,46.4925
9195000.0,48.5457
9195625.0,46.8456
9196250.0,45.6006
9196875.0,44.4480
9197500.0,46.0792
9198125.0,37.3785
9198750.0,33.3751
9199375.0,35.5569
9200000.0,33.3061
9200625.0,35.8584
9201250.0,39.2150
9201875.0,34.8057
9202500.0,38.3008
9203125.0,42.2703
9203750.0,39.6890
9204375.0,37.2470
9205000.0,38.5881
9205625.0,34.4661
9206250.0,34.0892
9206875.0,37.0531
9207500.0,59.1560
9208125.0,61.1738
9208750.0,56.3506
9209375.0,58.5608
9210000.0,58.4614
9210625.0,57.6190
9211250.0,57.7898
9211875.0,55.5214
9212500.0,58.8112
9213125.0,58.5656
9213750.0,56.7240
9214375.0,59.9307
9215000.0,60.9807
9215625.0,59.9644
9216250.0,54.9769
9216875.0,58.2890
9217500.0,55.3568
9218125.0,58.2800
9218750.0,55.3681
9219375.0,61.7038
9220000.0,60.2717
9220625.0,61.3437
9221250.0,236.8319
9221875.0,221.9558
9222500.0,220.2119
9223125.0,244.5944
9223750.0,223.1424
9224375.0,209.7610
9225000.0,236.3340
9225625.0,226.6175
9226250.0,50.5390
9226875.0,47.5710
9227500.0,46.9530
9228125.0,50.5864
9228750.0,43.3846
9229375.0,45.6244
9230000.0,44.9147
9230625.0,41.8416
9231250.0,49.0520
9231875.0,45.6901
9232500.0,49.1276
9233125.0,47.9144
9233750.0,48.4268
9234375.0,45.9298
9235000.0,45.2040
9235625.0,47.2109
9236250.0,49.1600
9236875.0,46.8816
9237500.0,45.3504
9238125.0,44.1823
9238750.0,47.4798
9239375.0,45.6979
9240000.0,36.8673
9240625.0,36.5583
9241250.0,36.1778
9241875.0,37.5435
9242500.0,38.0258
9243125.0,40.6358
9243750.0,38.4022
9244375.0,39.9483
9245000.0,35.4856
9245625.0,34.0383
9246250.0,36.9733
9246875.0,38.5874
9247500.0,38.2971
9248125.0,39.2411
9248750.0,32.3074
9249375.0,39.3180
9250000.0,37.6206
9250625.0,34.1436
9251250.0,38.3385
9251875.0,37.3135
9252500.0,37.7053
9253125.0,38.8484
9253750.0,37.7960
9254375.0,34.2753
9255000.0,36.7354
9255625.0,34.0074
9256250.0,38.2008
9256875.0,39.5862
9257500.0,34.7033
9258125.0,35.7578
9258750.0,35.3676
9259375.0,36.1603
9260000.0,59.1960
9260625.0,56.7151
9261250.0,59.8923
9261875.0,61.0896
9262500.0,61.1951
9263125.0,54.7573
9263750.0,62.0192
9264375.0,62.2516
9265000.0,62.5028
9265625.0,57.5423
9266250.0,55.8197
9266875.0,55.1457
9267500.0,54.8048
9268125.0,58.0339
9268750.0,60.4588
9269375.0,61.7890
9270000.0,56.5919
9270625.0,57.8878
9271250.0,57.6979
9271875.0,56.1577
9272500.0,60.1337
9273125.0,59.0523
9273750.0,226.5955
9274375.0,229.0309
9275000.0,231.9238
9275625.0,231.8112
9276250.0,215.5670
9276875.0,235.0837
9277500.0,227.8729
9278125.0,220.1106
9278750.0,47.5504
9279375.0,47.8095
9280000.0,49.5422
9280625.0,44.5415
9281250.0,50.1137
9281875.0,47.0544
9282500.0,45.8105
9283125.0,45.7386
9283750.0,44.6468
9284375.0,42.9089
9285000.0,48.5919
9285625.0,51.6551
9286250.0,43.1986
9286875.0,44.7665
9287500.0,48.7662
9288125.0,46.8928
9288750.0,48.9609
9289375.0,46.7610
9290000.0,45.6355
9290625.0,46.4693
9291250.0,41.4021
9291875.0,44.3128
9292500.0,38.7543
9293125.0,39.2050
9293750.0,39.6014
9294375.0,37.8156
9295000.0,32.8263
9295625.0,35.8252
9296250.0,39.4506
9296875.0,40.0027
9297500.0,39.5209
9298125.0,36.5629
9298750.0,34.5828
9299375.0,36.9248
9300000.0,37.0274
9300625.0,39.8963
9301250.0,37.4214
9301875.0,37.0309
9302500.0,37.1360
9303125.0,37.7397
9303750.0,38.1589
9304375.0,35.6596
9305000.0,35.0434
9305625.0,39.5355
9306250.0,33.9641
9306875.0,40.0298
9307500.0,33.4652
9308125.0,35.9186
9308750.0,60.8184
9309375.0,58.0010
9310000.0,54.1822
9310625.0,59.2366
9311250.0,58.1943
9311875.0,57.3735
9312500.0,56.1906
9313125.0,57.8996
9313750.0,56.3124
9314375.0,65.0601
9315000.0,57.3040
9315625.0,56.9161
9316250.0,56.4293
9316875.0,63.1532
9317500.0,53.2467
9318125.0,59.0424
9318750.0,57.3061
9319375.0,53.8721
9320000.0,55.6247
9320625.0,58.9192
9321250.0,55.4933
9321875.0,58.7527
9322500.0,252.0582
9323125.0,233.9790
9323750.0,215.1393
9324375.0,222.1772
9325000.0,228.6893
9325625.0,227.9141
9326250.0,233.7634
9326875.0,235.6243
9327500.0,51.0667
9328125.0,46.9913
9328750.0,44.2923
9329375.0,49.7114
9330000.0,49.9681
9330625.0,47.5462
9331250.0,46.4210
9331875.0,48.4630
9332500.0,46.5040
9333125.0,42.1691
9333750.0,48.3242
9334375.0,49.0968
9335000.0,50.3866
9335625.0,45.2827
9336250.0,47.5315
9336875.0,47.5823
9337500.0,47.2006
9338125.0,47.2699
9338750.0,47.0873
9339375.0,47.4976
9340000.0,48.7406
9340625.0,49.8677
9341250.0,35.6008
9341875.0,36.6812
9342500.0,36.2182
9343125.0,35.9535
9343750.0,34.0103
9344375.0,37.0448
9345000.0,37.8867
9345625.0,36.7131
9346250.0,36.9834
9346875.0,37.7741
9347500.0,39.6106
9348125.0,36.2234
9348750.0,34.8325
9349375.0,36.8327
9350000.0,40.4846
9350625.0,34.8523
9351250.0,38.2028
9351875.0,39.1421
9352500.0,32.6238
9353125.0,37.7589
9353750.0,38.1163
9354375.0,36.5054
9355000.0,35.8041
9355625.0,35.9073
9356250.0,36.3921
9356875.0,36.4411
9357500.0,36.0921
9358125.0,36.3627
9358750.0,39.2030
9359375.0,34.7533
9360000.0,33.7642
9360625.0,39.2326
9361250.0,57.4431
9361875.0,56.8741
9362500.0,57.6775
9363125.0,58.6069
9363750.0,56.4803
9364375.0,59.4672
9365000.0,55.2094
9365625.0,57.1247
9366250.0,51.5774
9366875.0,61.3995
9367500.0,57.4893
9368125.0,59.9433
9368750.0,59.3821
9369375.0,59.5945
9370000.0,57.9775
9370625.0,59.1259
9371250.0,55.2123
9371875.0,54.6036
9372500.0,57.7068
9373125.0,56.0286
9373750.0,62.1338
9374375.0,59.0879
9375000.0,216.9396
9375625.0,221.9452
9376250.0,226.4963
9376875.0,224.2350
9377500.0,228.0571
9378125.0,225.7724
9378750.0,209.3551
9379375.0,200.8023
9380000.0,46.1220
9380625.0,48.3172
9381250.0,46.1484
9381875.0,49.9059
9382500.0,46.8898
9383125.0,50.1894
9383750.0,49.7070
9384375.0,49.4705
9385000.0,44.1717
9385625.0,47.0403
9386250.0,49.8735
9386875.0,47.6400
9387500.0,48.3027
9388125.0,43.7385
9388750.0,51.5092
9389375.0,45.1403
9390000.0,42.3131
9390625.0,46.1749
9391250.0,41.2484
9391875.0,44.4500
9392500.0,53.0125
9393125.0,46.1069
9393750.0,34.3586
9394375.0,37.0468
9395000.0,35.3391
9395625.0,38.5994
9396250.0,35.3543
9396875.0,37.5009
9397500.0,34.8779
9398125.0,41.8082
9398750.0,37.9317
9399375.0,36.7308
9400000.0,36.4580
9400625.0,35.9758
9401250.0,35.5923
9401875.0,35.5415
9402500.0,40.1049
9403125.0,56.3974
9403750.0,51.8247
9404375.0,54.6187
9405000.0,60.6904
9405625.0,57.2683
9406250.0,57.6112
9406875.0,61.3925
9407500.0,55.7462
9408125.0,59.8340
9408750.0,56.0631
9409375.0,59.6700
9410000.0,56.8657
9410625.0,57.2995
9411250.0,60.3784
9411875.0,60.1693
9412500.0,57.5203
9413125.0,56.6323
9413750.0,62.6375
9414375.0,59.7091
9415000.0,56.8657
9415625.0,56.1061
9416250.0,60.9722
9416875.0,226.2983
9417500.0,223.1600
9418125.0,226.2935
9418750.0,228.8002
9419375.0,224.3622
9420000.0,238.5415
9420625.0,239.1676
9421250.0,230.9837
9421875.0,50.2306
9422500.0,47.0200
9423125.0,48.6223
9423750.0,49.3605
9424375.0,49.3947
9425000.0,49.1526
9425625.0,48.4833
9426250.0,51.5993
9426875.0,45.7317
9427500.0,46.6352
9428125.0,46.4959
9428750.0,46.1350
9429375.0,42.3264
9430000.0,50.2309
9430625.0,44.5888
9431250.0,47.3991
9431875.0,43.6586
9432500.0,48.4587
9433125.0,45.1543
9433750.0,44.3305
9434375.0,47.4567
9435000.0,45.3533
9435625.0,35.9378
9436250.0,37.3178
9436875.0,38.4800
9437500.0,35.4860
9438125.0,35.1663
9438750.0,37.0434
9439375.0,37.9976
9440000.0,39.7061
9440625.0,35.0180
9441250.0,36.4118
9441875.0,39.1752
9442500.0,40.6502
9443125.0,35.1628
9443750.0,35.6332
9444375.0,37.7050
9445000.0,35.9312
9445625.0,35.5954
9446250.0,37.4523
9446875.0,39.8664
9447500.0,34.5775
9448125.0,39.7719
9448750.0,35.9367
9449375.0,59.0028
9450000.0,62.6135
9450625.0,58.9434
9451250.0,57.1373
9451875.0,60.0827
9452500.0,57.4978
9453125.0,59.5119
9453750.0,57.4064
9454375.0,60.4973
9455000.0,53.9567
9455625.0,55.0608
9456250.0,53.9141
9456875.0,57.8364
9457500.0,53.5643
9458125.0,55.9937
9458750.0,54.7882
9459375.0,62.2911
9460000.0,55.1270
9460625.0,54.2690
9461250.0,58.7202
9461875.0,62.8918
9462500.0,57.6634
9463125.0,224.5644
9463750.0,239.5210
9464375.0,234.8801
9465000.0,229.7859
9465625.0,218.4487
9466250.0,230.1295
9466875.0,209.6912
9467500.0,217.9837
9468125.0,50.3639
9468750.0,50.0597
9469375.0,48.0281
9470000.0,42.4660
9470625.0,44.1607
9471250.0,45.4032
9471875.0,46.5965
9472500.0,44.0615
9473125.0,46.4212
9473750.0,51.1531
9474375.0,47.9420
9475000.0,47.5142
9475625.0,44.6087
9476250.0,43.1484
9476875.0,44.1137
9477500.0,43.0534
9478125.0,47.1763
9478750.0,47.9021
9479375.0,44.7316
9480000.0,47.3476
9480625.0,50.4521
9481250.0,51.6006
9481875.0,38.4253
9482500.0,36.6765
9483125.0,38.3655
9483750.0,39.5008
9484375.0,33.2866
9485000.0,39.7418
9485625.0,35.9925
9486250.0,36.0103
9486875.0,36.3434
9487500.0,37.5922
9488125.0,34.9442
9488750.0,36.4731
9489375.0,37.9718
9490000.0,37.4044
9490625.0,37.7045
9491250.0,36.4007
9491875.0,38.2834
9492500.0,38.9544
9493125.0,38.8434
9493750.0,37.7911
9494375.0,38.7370
9495000.0,38.6115
9495625.0,41.9515
9496250.0,39.2534
9496875.0,36.8358
9497500.0,35.3134
9498125.0,36.5169
9498750.0,36.3862
9499375.0,37.9461
9500000.0,35.7045
9500625.0,39.2055
9501250.0,34.4293
9501875.0,53.2657
9502500.0,57.6082
9503125.0,55.5566
9503750.0,54.3511
9504375.0,56.1525
9505000.0,55.7917
9505625.0,58.0294
9506250.0,56.2006
9506875.0,56.4365
9507500.0,57.9859
9508125.0,60.9413
9508750.0,62.2652
9509375.0,58.4285
9510000.0,58.6541
9510625.0,57.4688
9511250.0,59.3956
9511875.0,59.1316
9512500.0,61.8450
9513125.0,52.5228
9513750.0,57.3200
9514375.0,58.9837
9515000.0,57.9238
9515625.0,214.4343
9516250.0,210.3821
9516875.0,234.0711
9517500.0,216.4846
9518125.0,205.2574
9518750.0,234.6364
9519375.0,230.1636
9520000.0,223.6964
9520625.0,44.8508
9521250.0,46.7334
9521875.0,49.8566
9522500.0,43.2055
9523125.0,43.3247
9523750.0,45.5248
9524375.0,46.9374
9525000.0,45.8337
9525625.0,48.5106
9526250.0,49.5588
9526875.0,47.6551
9527500.0,48.3170
9528125.0,47.6394
9528750.0,47.0223
9529375.0,43.9601
9530000.0,44.5842
9530625.0,43.8253
9531250.0,46.6510
9531875.0,47.5459
9532500.0,43.5942
9533125.0,47.1706
9533750.0,44.9432
9534375.0,35.0220
9535000.0,35.8431
9535625.0,34.9271
9536250.0,38.1223
9536875.0,36.6892
9537500.0,38.5081
9538125.0,36.1795
9538750.0,36.2495
9539375.0,40.4658
9540000.0,33.9973
9540625.0,39.3763
9541250.0,40.0609
9541875.0,38.4168
9542500.0,36.3886
9543125.0,39.6398
9543750.0,36.4047
9544375.0,35.6943
9545000.0,56.8740
9545625.0,56.3464
9546250.0,55.2548
9546875.0,61.2190
9547500.0,55.7570
9548125.0,57.9140
9548750.0,53.8131
9549375.0,58.0894
9550000.0,54.6478
9550625.0,54.5766
9551250.0,57.6831
9551875.0,61.0652
9552500.0,59.2772
9553125.0,59.4764
9553750.0,57.6232
9554375.0,57.0266
9555000.0,60.2943
9555625.0,56.3668
9556250.0,60.4199
9556875.0,61.5842
9557500.0,55.5600
9558125.0,55.9861
9558750.0,225.6699
9559375.0,214.9832
9560000.0,226.5549
9560625.0,247.0968
9561250.0,219.8713
9561875.0,247.3723
9562500.0,226.9720
9563125.0,256.5228
9563750.0,45.3977
9564375.0,46.6616
9565000.0,44.8611
9565625.0,45.3839
9566250.0,50.1447
9566875.0,48.1152
9567500.0,49.4177
9568125.0,43.9084
9568750.0,48.5388
9569375.0,44.7171
9570000.0,43.8573
9570625.0,47.5611
9571250.0,47.5371
9571875.0,47.1254
9572500.0,48.6863
9573125.0,49.0529
9573750.0,50.4539
9574375.0,44.2027
9575000.0,50.5297
9575625.0,51.4234
9576250.0,46.1394
9576875.0,43.0790
9577500.0,34.4405
9578125.0,36.1456
9578750.0,40.7262
9579375.0,37.0316
9580000.0,35.8582
9580625.0,35.7320
9581250.0,54.1641
9581875.0,60.5363
9582500.0,57.7330
9583125.0,64.0895
9583750.0,59.8218
9584375.0,60.4068
9585000.0,57.2979
9585625.0,54.8360
9586250.0,55.4666
9586875.0,54.0292
9587500.0,60.6401
9588125.0,56.8837
9588750.0,60.7623
9589375.0,58.3942
9590000.0,57.1508
9590625.0,54.6082
9591250.0,58.8747
9591875.0,57.3660
9592500.0,60.6163
9593125.0,55.9253
9593750.0,59.7867
9594375.0,62.7585
9595000.0,228.0663
9595625.0,233.8345
9596250.0,231.4338
9596875.0,246.3535
9597500.0,229.1801
9598125.0,232.8745
9598750.0,224.5919
9599375.0,216.2881
9600000.0,44.1608
9600625.0,49.9773
9601250.0,44.6304
9601875.0,48.7528
9602500.0,47.9776
9603125.0,49.1568
9603750.0,45.7904
9604375.0,45.1418
9605000.0,47.8892
9605625.0,46.3130
9606250.0,44.1071
9606875.0,51.5555
9607500.0,45.1402
9608125.0,44.6650
9608750.0,46.4310
9609375.0,49.9442
9610000.0,41.9082
9610625.0,49.7492
9611250.0,44.8580
9611875.0,47.6216
9612500.0,45.4114
9613125.0,51.6810
9613750.0,37.2305
9614375.0,35.6900
9615000.0,36.4430
9615625.0,37.1658
9616250.0,37.3287
9616875.0,37.8117
9617500.0,36.9974
9618125.0,34.4522
9618750.0,36.3705
9619375.0,59.7593
9620000.0,56.0573
9620625.0,59.9511
9621250.0,58.0920
9621875.0,57.3686
9622500.0,61.4630
9623125.0,52.9594
9623750.0,56.0416
9624375.0,61.5740
9625000.0,63.3071
9625625.0,64.6294
9626250.0,58.1460
9626875.0,59.3279
9627500.0,60.3705
9628125.0,61.6977
9628750.0,58.9080
9629375.0,60.6858
9630000.0,59.3333
9630625.0,59.5144
9631250.0,55.3367
9631875.0,57.0453
9632500.0,56.4840
9633125.0,211.6249
9633750.0,206.4194
9634375.0,220.2342
9635000.0,222.0313
9635625.0,226.1817
9636250.0,231.2521
9636875.0,227.1164
9637500.0,222.1097
9638125.0,44.8495
9638750.0,49.0611
9639375.0,46.7607
9640000.0,45.9806
9640625.0,46.5618
9641250.0,45.2781
9641875.0,45.7529
9642500.0,45.6782
9643125.0,46.3248
9643750.0,48.5410
9644375.0,47.9567
9645000.0,50.6348
9645625.0,49.8476
9646250.0,51.5976
9646875.0,48.3140
9647500.0,48.2763
9648125.0,45.8546
9648750.0,48.9411
9649375.0,45.4581
9650000.0,43.5444
9650625.0,50.5869
9651250.0,44.0644
9651875.0,37.8119
9652500.0,35.3714
9653125.0,39.0843
9653750.0,39.3365
9654375.0,37.9790
9655000.0,39.3058
9655625.0,37.0136
9656250.0,41.1332
9656875.0,38.3804
9657500.0,35.3340
9658125.0,37.1288
9658750.0,36.7179
9659375.0,36.5367
9660000.0,33.9343
9660625.0,37.7157
9661250.0,34.4364
9661875.0,32.3280
9662500.0,36.3636
9663125.0,35.6016
9663750.0,35.4062
9664375.0,31.2593
9665000.0,35.4259
9665625.0,36.6788
9666250.0,35.8268
9666875.0,37.7166
9667500.0,62.0387
9668125.0,59.4975
9668750.0,60.9765
9669375.0,61.2165
9670000.0,55.0453
9670625.0,59.2734
9671250.0,60.8860
9671875.0,56.7357
9672500.0,55.7072
9673125.0,59.5382
9673750.0,53.7033
9674375.0,54.8448
9675000.0,56.0664
9675625.0,59.3065
9676250.0,58.6348
9676875.0,60.9939
9677500.0,55.3266
9678125.0,55.1711
9678750.0,59.5193
9679375.0,55.6839
9680000.0,56.2498
9680625.0,52.6154
9681250.0,228.2720
9681875.0,242.3395
9682500.0,213.4205
9683125.0,236.4942
9683750.0,224.3318
9684375.0,205.1391
9685000.0,214.9343
9685625.0,214.2397
9686250.0,46.2562
9686875.0,47.9859
9687500.0,51.3450
9688125.0,43.6368
9688750.0,45.8608
9689375.0,44.8944
9690000.0,44.0202
9690625.0,47.2243
9691250.0,47.0035
9691875.0,42.7376
9692500.0,47.0427
9693125.0,44.1673
9693750.0,47.0278
9694375.0,49.9833
9695000.0,48.0882
9695625.0,47.4172
9696250.0,45.7574
9696875.0,47.1571
9697500.0,48.3236
9698125.0,48.0908
9698750.0,46.7668
9699375.0,47.5108
9700000.0,34.5644
9700625.0,35.6415
9701250.0,38.3090
9701875.0,38.5578
9702500.0,37.1732
9703125.0,39.7361
9703750.0,37.9398
9704375.0,36.5687
9705000.0,34.7435
9705625.0,39.6617
9706250.0,38.4251
9706875.0,40.3269
9707500.0,64.2839
9708125.0,54.2679
9708750.0,54.2754
9709375.0,49.6967
9710000.0,60.6633
9710625.0,59.9038
9711250.0,58.2836
9711875.0,54.4442
9712500.0,57.7418
9713125.0,58.5356
9713750.0,60.2699
9714375.0,58.7917
9715000.0,59.9250
9715625.0,57.6400
9716250.0,61.4263
9716875.0,59.8320
9717500.0,54.5579
9718125.0,62.0287
9718750.0,61.5542
9719375.0,59.3499
9720000.0,58.8141
9720625.0,62.8100
9721250.0,206.6252
9721875.0,238.9638
9722500.0,219.6427
9723125.0,237.3207
9723750.0,226.3542
9724375.0,211.0171
9725000.0,219.4142
9725625.0,236.4945
9726250.0,46.5060
9726875.0,45.5395
9727500.0,45.5238
9728125.0,48.5093
9728750.0,51.1140
9729375.0,41.9689
9730000.0,53.5816
9730625.0,47.4788
9731250.0,48.3635
9731875.0,45.9748
9732500.0,46.9917
9733125.0,47.4524
9733750.0,44.5346
9734375.0,45.1066
9735000.0,49.7837
9735625.0,43.3520
9736250.0,48.0364
9736875.0,46.1293
9737500.0,44.7423
9738125.0,51.6340
9738750.0,44.7569
9739375.0,44.3443
9740000.0,36.6541
9740625.0,35.5782
9741250.0,37.0118
9741875.0,37.2875
9742500.0,37.4341
9743125.0,36.7708
9743750.0,35.7010
9744375.0,38.1903
9745000.0,36.7934
9745625.0,36.0831
9746250.0,39.7380
9746875.0,36.7756
9747500.0,39.0202
9748125.0,39.2697
9748750.0,39.3822
9749375.0,38.2786
9750000.0,36.9988
9750625.0,36.8815
9751250.0,36.5484
9751875.0,32.9912
9752500.0,38.3298
9753125.0,37.4523
9753750.0,38.5272
9754375.0,36.7835
9755000.0,38.2299
9755625.0,34.4516
9756250.0,34.8369
9756875.0,32.4190
9757500.0,36.7515
9758125.0,35.5708
9758750.0,55.3802
9759375.0,58.9705
9760000.0,56.7660
9760625.0,53.8440
9761250.0,65.3798
9761875.0,57.8927
9762500.0,54.8588
9763125.0,56.0575
9763750.0,57.4979
9764375.0,57.4918
9765000.0,61.7763
9765625.0,57.7697
9766250.0,63.3801
9766875.0,56.7460
9767500.0,59.2367
9768125.0,60.9637
9768750.0,61.4659
9769375.0,61.8044
9770000.0,57.2112
9770625.0,57.9841
9771250.0,50.8097
9771875.0,57.4316
9772500.0,237.2766
9773125.0,235.0894
9773750.0,224.0270
9774375.0,244.1153
9775000.0,220.6799
9775625.0,216.9434
9776250.0,219.7332
9776875.0,212.3723
9777500.0,48.4626
9778125.0,47.6779
9778750.0,48.4335
9779375.0,46.0262
9780000.0,46.8635
9780625.0,41.8807
9781250.0,47.8841
9781875.0,47.2323
9782500.0,44.4138
9783125.0,46.7541
9783750.0,46.3941
9784375.0,51.1461
9785000.0,44.5064
9785625.0,47.7789
9786250.0,44.4367
9786875.0,45.6890
9787500.0,47.6505
9788125.0,46.5033
9788750.0,46.9859
9789375.0,47.7819
9790000.0,45.8398
9790625.0,49.0777
9791250.0,36.4349
9791875.0,36.8195
9792500.0,37.6684
9793125.0,37.4200
9793750.0,38.1918
9794375.0,37.5864
9795000.0,37.8677
9795625.0,36.3981
9796250.0,35.0228
9796875.0,34.3589
9797500.0,33.9092
9798125.0,40.2610
9798750.0,32.9064
9799375.0,39.2084
9800000.0,35.4814
9800625.0,61.4407
9801250.0,51.6126
9801875.0,57.3182
9802500.0,62.2167
9803125.0,60.0683
9803750.0,57.0219
9804375.0,52.3654
9805000.0,54.1648
9805625.0,62.0285
9806250.0,56.9901
9806875.0,57.7917
9807500.0,58.8223
9808125.0,54.2218
9808750.0,59.1811
9809375.0,56.7831
9810000.0,58.8517
9810625.0,56.3237
9811250.0,53.4380
9811875.0,56.7606
9812500.0,59.8583
9813125.0,59.1428
9813750.0,58.0897
9814375.0,235.1040
9815000.0,222.7096
9815625.0,225.6331
9816250.0,219.6026
9816875.0,235.7620
9817500.0,228.2797
9818125.0,218.7342
9818750.0,208.2484
9819375.0,49.5967
9820000.0,45.2514
9820625.0,47.1694
9821250.0,52.5286
9821875.0,48.8835
9822500.0,50.7862
9823125.0,45.7354
9823750.0,49.5168
9824375.0,47.0627
9825000.0,47.8601
9825625.0,51.7490
9826250.0,46.3452
9826875.0,47.0452
9827500.0,44.8774
9828125.0,49.0879
9828750.0,45.6825
9829375.0,49.4034
9830000.0,43.1227
9830625.0,48.2893
9831250.0,45.4873
9831875.0,48.7167
9832500.0,46.9681
9833125.0,36.0096
9833750.0,36.2849
9834375.0,35.4268
9835000.0,38.5499
9835625.0,35.0600
9836250.0,36.5059
9836875.0,37.6387
9837500.0,39.9850
9838125.0,36.9828
9838750.0,36.5514
9839375.0,37.5062
9840000.0,33.1641
9840625.0,54.5239
9841250.0,56.9114
9841875.0,55.9324
9842500.0,53.3576
9843125.0,60.4876
9843750.0,58.7533
9844375.0,58.4068
9845000.0,55.9874
9845625.0,58.2302
9846250.0,59.4919
9846875.0,57.2318
9847500.0,59.2893
9848125.0,55.6914
9848750.0,58.2827
9849375.0,61.3132
9850000.0,61.5729
9850625.0,61.8500
9851250.0,58.8281
9851875.0,58.0917
9852500.0,56.6985
9853125.0,52.7583
9853750.0,54.0998
9854375.0,223.1094
9855000.0,223.7818
9855625.0,240.8875
9856250.0,239.7915
9856875.0,217.2770
9857500.0,234.2062
9858125.0,219.6330
9858750.0,232.6794
9859375.0,48.8941
9860000.0,49.9189
9860625.0,45.8423
9861250.0,49.3836
9861875.0,42.5989
9862500.0,50.0461
9863125.0,46.9412
9863750.0,46.9912
9864375.0,42.2120
9865000.0,46.0866
9865625.0,50.1854
9866250.0,45.9973
9866875.0,48.6766
9867500.0,47.0812
9868125.0,49.4973
9868750.0,47.4500
9869375.0,44.8102
9870000.0,47.1327
9870625.0,50.7629
9871250.0,48.1695
9871875.0,46.7264
9872500.0,52.3010
9873125.0,39.1445
9873750.0,38.5110
9874375.0,37.5871
9875000.0,38.3510
9875625.0,38.4111
9876250.0,32.9618
9876875.0,37.7306
9877500.0,36.7025
9878125.0,36.0754
9878750.0,36.6384
9879375.0,34.1217
9880000.0,33.6615
9880625.0,39.3060
9881250.0,37.8550
9881875.0,51.0023
9882500.0,56.3285
9883125.0,60.5536
9883750.0,57.1880
9884375.0,61.6105
9885000.0,61.0443
9885625.0,54.0655
9886250.0,57.5844
9886875.0,56.7005
9887500.0,53.9712
9888125.0,53.7826
9888750.0,55.6625
9889375.0,56.1413
9890000.0,58.8214
9890625.0,61.0282
9891250.0,59.4896
9891875.0,60.1761
9892500.0,57.2268
9893125.0,59.7487
9893750.0,57.5697
9894375.0,56.7197
9895000.0,63.5016
9895625.0,198.7821
9896250.0,203.9253
9896875.0,229.3054
9897500.0,222.0189
9898125.0,208.8339
9898750.0,213.1356
9899375.0,214.6004
9900000.0,235.0388
9900625.0,49.8492
9901250.0,50.8530
9901875.0,43.2658
9902500.0,43.7873
9903125.0,43.6263
9903750.0,50.0288
9904375.0,47.9805
9905000.0,47.1885
9905625.0,47.5396
9906250.0,46.8666
9906875.0,44.3653
9907500.0,48.2060
9908125.0,46.5626
9908750.0,44.1792
9909375.0,48.3496
9910000.0,45.9994
9910625.0,47.5346
9911250.0,46.7063
9911875.0,49.0947
9912500.0,47.5174
9913125.0,44.9233
9913750.0,47.7567
9914375.0,37.6562
9915000.0,37.9460
9915625.0,38.9164
9916250.0,35.8604
9916875.0,38.2357
9917500.0,33.8091
9918125.0,36.7780
9918750.0,36.4919
9919375.0,39.6785
9920000.0,36.7108
9920625.0,38.1248
9921250.0,33.7407
9921875.0,36.3492
9922500.0,35.4342
9923125.0,41.5797
9923750.0,35.7664
9924375.0,37.1356
9925000.0,37.2342
9925625.0,34.0595
9926250.0,36.0268
9926875.0,37.7488
9927500.0,37.1586
9928125.0,32.7442
9928750.0,35.9511
9929375.0,38.8885
9930000.0,38.0882
9930625.0,39.2534
9931250.0,35.1766
9931875.0,39.3697
9932500.0,36.9178
9933125.0,39.9456
9933750.0,37.0061
9934375.0,33.2122
9935000.0,38.5711
9935625.0,56.7138
9936250.0,56.9089
9936875.0,53.7860
9937500.0,62.7044
9938125.0,56.4888
9938750.0,62.5676
9939375.0,56.7494
9940000.0,55.3095
9940625.0,61.8266
9941250.0,57.7873
9941875.0,57.8156
9942500.0,54.2833
9943125.0,56.6729
9943750.0,59.2432
9944375.0,54.2324
9945000.0,56.4366
9945625.0,56.7807
9946250.0,58.1927
9946875.0,62.2907
9947500.0,57.1301
9948125.0,55.9975
9948750.0,65.9645
9949375.0,220.1267
9950000.0,222.8551
9950625.0,220.9742
9951250.0,221.8863
9951875.0,225.8747
9952500.0,235.3590
9953125.0,229.5449
9953750.0,237.1173
9954375.0,49.4535
9955000.0,47.4901
9955625.0,47.8843
9956250.0,49.6055
9956875.0,44.3887
9957500.0,52.8708
9958125.0,45.7954
9958750.0,46.1752
9959375.0,44.1520
9960000.0,44.2219
9960625.0,49.2890
9961250.0,52.3350
9961875.0,45.6670
9962500.0,47.8162
9963125.0,47.5174
9963750.0,49.3506
9964375.0,52.2140
9965000.0,50.5743
9965625.0,46.4392
9966250.0,48.2426
9966875.0,48.4759
9967500.0,46.9528
9968125.0,34.9725
9968750.0,35.5223
9969375.0,39.1241
9970000.0,39.3149
9970625.0,36.6160
9971250.0,37.4830
9971875.0,39.2149
9972500.0,33.8471
9973125.0,36.1742
9973750.0,40.7331
9974375.0,37.5537
9975000.0,34.9110
9975625.0,37.2170
9976250.0,38.8897
9976875.0,32.2889
9977500.0,37.3261
9978125.0,36.3110
9978750.0,33.9623
9979375.0,37.1516
9980000.0,36.7475
9980625.0,36.9554
9981250.0,56.9900
9981875.0,55.0381
9982500.0,53.7811
9983125.0,55.9970
9983750.0,60.4918
9984375.0,58.6759
9985000.0,57.7994
9985625.0,54.9847
9986250.0,56.9156
9986875.0,60.1378
9987500.0,59.4639
9988125.0,56.6161
9988750.0,50.4269
9989375.0,56.0429
9990000.0,56.6002
9990625.0,55.3694
9991250.0,56.8018
9991875.0,60.3680
9992500.0,57.8918
9993125.0,60.8701
9993750.0,53.6257
9994375.0,57.1153
9995000.0,203.1860
9995625.0,220.2010
9996250.0,213.2364
9996875.0,239.4141
9997500.0,229.6093
9998125.0,236.4168
9998750.0,220.1698
9999375.0,213.5282
