time_ps,current_mA
0.0,284.2660
625.0,265.4402
1250.0,290.5063
1875.0,293.1679
2500.0,252.6855
3125.0,261.7695
3750.0,281.7898
4375.0,275.5726
5000.0,279.7648
5625.0,268.0574
6250.0,292.3116
6875.0,290.8891
7500.0,280.9244
8125.0,295.7814
8750.0,286.5451
9375.0,267.9699
10000.0,285.1625
10625.0,266.5756
11250.0,292.2983
11875.0,279.3010
12500.0,277.4119
13125.0,270.4670
13750.0,297.1156
14375.0,277.8366
15000.0,274.0034
15625.0,275.0701
16250.0,287.4523
16875.0,285.1162
17500.0,285.7783
18125.0,286.0315
18750.0,309.9831
19375.0,274.3102
20000.0,272.8286
20625.0,268.6072
21250.0,288.6237
21875.0,295.8056
22500.0,278.4047
23125.0,268.2378
23750.0,268.4573
24375.0,289.1083
25000.0,290.4056
25625.0,287.6042
26250.0,270.6829
26875.0,283.2503
27500.0,281.6336
28125.0,283.0616
28750.0,292.2000
29375.0,283.1303
30000.0,289.5048
30625.0,280.9461
31250.0,284.0477
31875.0,288.8380
32500.0,259.5998
33125.0,275.5246
33750.0,273.4148
34375.0,271.0557
35000.0,276.1480
35625.0,300.9292
36250.0,267.8784
36875.0,293.5559
37500.0,256.4398
38125.0,275.3116
38750.0,282.2785
39375.0,288.2071
40000.0,289.9572
40625.0,291.1069
41250.0,275.1178
41875.0,273.5271
42500.0,292.0117
43125.0,277.3217
43750.0,262.1404
44375.0,264.1340
45000.0,267.1277
45625.0,286.9603
46250.0,281.9940
46875.0,289.6668
47500.0,274.0185
48125.0,282.2196
48750.0,288.7583
49375.0,275.6691
50000.0,286.3949
50625.0,270.7330
51250.0,274.9172
51875.0,274.6557
52500.0,263.2582
53125.0,286.8176
53750.0,273.4284
54375.0,280.1749
55000.0,286.7305
55625.0,286.2514
56250.0,289.3154
56875.0,278.6212
57500.0,274.0738
58125.0,278.8839
58750.0,256.3773
59375.0,259.7404
60000.0,261.4822
60625.0,266.0385
61250.0,285.5968
61875.0,267.3233
62500.0,274.7057
63125.0,298.1892
63750.0,275.0123
64375.0,290.3252
65000.0,266.9294
65625.0,277.1239
66250.0,266.6997
66875.0,275.2535
67500.0,291.7643
68125.0,255.8175
68750.0,286.0819
69375.0,283.3283
70000.0,271.6819
70625.0,259.7552
71250.0,281.0098
71875.0,272.5871
72500.0,283.2575
73125.0,280.3059
73750.0,302.4249
74375.0,276.6490
75000.0,265.6710
75625.0,282.5099
76250.0,283.0800
76875.0,299.0286
77500.0,291.6916
78125.0,284.9962
78750.0,300.4862
79375.0,263.3573
80000.0,271.0435
80625.0,267.0279
81250.0,274.5427
81875.0,260.7264
82500.0,288.8921
83125.0,276.8889
83750.0,259.4087
84375.0,265.7819
85000.0,284.3892
85625.0,291.7338
86250.0,307.9542
86875.0,320.7941
87500.0,285.8017
88125.0,266.1465
88750.0,250.1514
89375.0,283.7480
90000.0,268.6188
90625.0,274.1850
91250.0,271.4306
91875.0,278.0289
92500.0,294.9237
93125.0,282.1987
93750.0,277.7791
94375.0,265.5008
95000.0,256.5544
95625.0,273.1917
96250.0,279.2470
96875.0,304.7510
97500.0,281.8238
98125.0,293.7584
98750.0,273.0099
99375.0,263.4108
100000.0,266.4884
100625.0,269.8468
101250.0,309.7986
101875.0,268.5006
102500.0,291.7388
103125.0,267.3590
103750.0,293.0420
104375.0,285.3893
105000.0,277.8071
105625.0,279.4293
106250.0,270.8330
106875.0,286.2450
107500.0,273.6302
108125.0,262.8415
108750.0,262.1089
109375.0,282.4162
110000.0,302.1073
110625.0,282.2399
111250.0,278.3391
111875.0,284.0016
112500.0,298.2840
113125.0,283.0714
113750.0,274.2470
114375.0,295.4880
115000.0,286.0026
115625.0,301.5006
116250.0,282.5653
116875.0,262.8574
117500.0,260.8458
118125.0,303.1130
118750.0,304.1313
119375.0,277.4867
120000.0,274.6354
120625.0,300.4602
121250.0,264.5014
121875.0,267.4738
122500.0,289.0066
123125.0,274.4755
123750.0,279.9283
124375.0,277.7118
125000.0,284.7260
125625.0,299.7047
126250.0,281.2682
126875.0,289.0151
127500.0,251.2976
128125.0,279.3179
128750.0,268.1948
129375.0,262.9366
130000.0,267.7059
130625.0,275.3223
131250.0,292.8226
131875.0,261.4305
132500.0,280.4288
133125.0,273.2216
133750.0,275.4126
134375.0,294.0386
135000.0,287.5336
135625.0,298.7236
136250.0,277.8369
136875.0,270.2568
137500.0,276.8660
138125.0,283.3950
138750.0,282.4720
139375.0,264.8186
140000.0,281.2669
140625.0,283.1952
141250.0,315.2446
141875.0,306.2758
142500.0,268.0546
143125.0,275.9766
143750.0,259.5118
144375.0,271.7301
145000.0,284.4185
145625.0,296.8820
146250.0,269.7928
146875.0,270.8419
147500.0,249.9380
148125.0,277.7227
148750.0,265.1262
149375.0,272.5878
150000.0,267.7239
150625.0,278.6803
151250.0,255.3918
151875.0,259.4614
152500.0,309.8095
153125.0,261.9761
153750.0,264.6450
154375.0,305.7168
155000.0,320.6709
155625.0,263.5981
156250.0,274.8445
156875.0,284.7818
157500.0,304.2018
158125.0,266.1840
158750.0,276.5661
159375.0,290.8827
160000.0,286.0867
160625.0,274.7338
161250.0,278.1265
161875.0,260.7515
162500.0,276.6656
163125.0,276.2706
163750.0,283.2504
164375.0,272.2254
165000.0,286.6015
165625.0,294.1780
166250.0,282.1760
166875.0,284.9246
167500.0,280.7442
168125.0,280.0012
168750.0,269.8982
169375.0,284.4309
170000.0,278.6380
170625.0,309.3044
171250.0,302.0270
171875.0,285.4019
172500.0,269.3172
173125.0,264.4262
173750.0,296.6760
174375.0,283.6785
175000.0,286.7220
175625.0,255.5758
176250.0,292.9841
176875.0,286.3619
177500.0,264.4540
178125.0,273.3987
178750.0,283.6920
179375.0,280.7345
180000.0,275.9096
180625.0,278.5512
181250.0,276.4723
181875.0,282.1359
182500.0,300.6009
183125.0,244.0668
183750.0,276.6841
184375.0,282.4712
185000.0,284.1439
185625.0,274.7932
186250.0,255.4059
186875.0,284.5919
187500.0,304.1829
188125.0,258.5259
188750.0,292.0936
189375.0,275.4006
190000.0,279.1415
190625.0,265.2594
191250.0,275.3176
191875.0,298.2006
192500.0,288.1572
193125.0,304.2524
193750.0,296.4838
194375.0,286.1472
195000.0,304.4151
195625.0,286.1459
196250.0,291.5918
196875.0,275.8480
197500.0,280.9316
198125.0,270.2361
198750.0,293.8542
199375.0,263.5037
200000.0,290.9529
200625.0,277.3309
201250.0,296.3975
201875.0,290.5122
202500.0,305.4890
203125.0,290.2308
203750.0,257.9914
204375.0,279.0627
205000.0,263.5919
205625.0,272.7441
206250.0,301.1572
206875.0,288.9255
207500.0,270.2150
208125.0,265.8080
208750.0,280.4589
209375.0,262.9682
210000.0,270.6040
210625.0,284.3681
211250.0,296.1744
211875.0,288.5227
212500.0,247.9219
213125.0,284.2611
213750.0,281.0085
214375.0,285.7945
215000.0,302.6269
215625.0,251.1147
216250.0,271.7246
216875.0,288.2727
217500.0,257.8577
218125.0,300.6633
218750.0,76.7887
219375.0,78.5916
220000.0,218.5769
220625.0,234.1548
221250.0,237.0203
221875.0,227.6199
222500.0,227.6370
223125.0,228.0414
223750.0,215.2874
224375.0,223.3403
225000.0,74.8250
225625.0,76.8454
226250.0,79.1693
226875.0,71.4093
227500.0,74.9287
228125.0,80.9851
228750.0,72.5967
229375.0,72.3001
230000.0,76.1627
230625.0,78.5833
231250.0,75.4431
231875.0,80.4102
232500.0,78.6301
233125.0,78.5737
233750.0,77.4890
234375.0,84.1753
235000.0,74.6265
235625.0,67.8467
236250.0,81.4480
236875.0,73.6745
237500.0,75.8067
238125.0,80.3370
238750.0,206.9746
239375.0,210.9190
240000.0,206.9856
240625.0,216.0660
241250.0,229.9459
241875.0,230.8971
242500.0,228.1081
243125.0,209.1064
243750.0,66.6909
244375.0,75.6049
245000.0,73.6214
245625.0,77.1319
246250.0,78.0464
246875.0,75.9212
247500.0,78.2657
248125.0,76.2641
248750.0,77.3983
249375.0,72.7434
250000.0,74.7229
250625.0,76.1418
251250.0,78.4934
251875.0,73.9156
252500.0,77.3648
253125.0,74.3978
253750.0,74.9569
254375.0,78.5273
255000.0,67.8862
255625.0,70.5123
256250.0,69.8122
256875.0,66.6023
257500.0,217.3695
258125.0,233.4311
258750.0,221.7951
259375.0,227.2251
260000.0,237.2537
260625.0,239.9365
261250.0,224.2222
261875.0,240.2278
262500.0,75.7473
263125.0,72.2430
263750.0,73.1591
264375.0,69.8184
265000.0,72.0517
265625.0,74.0503
266250.0,78.4295
266875.0,81.8873
267500.0,70.1892
268125.0,76.8810
268750.0,71.4771
269375.0,77.1896
270000.0,74.9058
270625.0,68.4975
271250.0,78.8997
271875.0,73.1191
272500.0,73.3872
273125.0,71.3670
273750.0,72.9334
274375.0,77.0131
275000.0,74.6865
275625.0,76.6391
276250.0,229.0716
276875.0,239.8574
277500.0,221.1437
278125.0,208.3853
278750.0,237.0063
279375.0,221.2708
280000.0,237.5392
280625.0,229.3130
281250.0,74.9056
281875.0,76.7149
282500.0,82.7553
283125.0,83.2302
283750.0,75.6616
284375.0,76.0039
285000.0,79.4574
285625.0,72.2119
286250.0,76.6557
286875.0,75.3025
287500.0,76.5834
288125.0,72.2582
288750.0,69.4073
289375.0,67.5849
290000.0,71.1875
290625.0,73.6708
291250.0,74.2947
291875.0,82.7034
292500.0,79.5696
293125.0,71.7729
293750.0,76.7109
294375.0,73.8653
295000.0,221.8009
295625.0,227.0849
296250.0,231.9657
296875.0,221.1833
297500.0,236.9683
298125.0,212.1532
298750.0,225.0713
299375.0,254.2238
300000.0,76.2410
300625.0,80.8032
301250.0,75.7450
301875.0,77.5895
302500.0,75.1859
303125.0,74.7576
303750.0,72.4614
304375.0,77.0222
305000.0,72.1897
305625.0,77.9093
306250.0,79.4915
306875.0,76.7818
307500.0,74.3208
308125.0,77.1115
308750.0,74.2363
309375.0,78.9270
310000.0,68.4956
310625.0,74.1348
311250.0,67.8946
311875.0,69.7636
312500.0,80.5418
313125.0,78.7748
313750.0,216.9058
314375.0,208.0968
315000.0,191.6491
315625.0,218.8857
316250.0,252.2297
316875.0,229.8924
317500.0,218.7048
318125.0,230.2322
318750.0,69.5152
319375.0,74.2791
320000.0,75.7750
320625.0,75.0754
321250.0,78.3813
321875.0,76.6993
322500.0,77.9196
323125.0,72.8048
323750.0,78.7848
324375.0,81.5411
325000.0,71.7425
325625.0,72.0534
326250.0,80.4359
326875.0,74.6786
327500.0,80.6924
328125.0,73.7316
328750.0,80.8855
329375.0,75.8957
330000.0,76.3735
330625.0,81.2990
331250.0,74.0361
331875.0,71.8520
332500.0,219.9537
333125.0,230.0888
333750.0,207.3852
334375.0,232.1715
335000.0,218.9388
335625.0,237.9129
336250.0,198.0646
336875.0,216.1511
337500.0,69.0420
338125.0,72.2851
338750.0,76.3337
339375.0,74.7243
340000.0,74.4448
340625.0,74.7999
341250.0,76.1668
341875.0,71.5978
342500.0,78.0648
343125.0,77.8983
343750.0,76.8516
344375.0,77.4981
345000.0,76.5175
345625.0,83.0722
346250.0,75.0717
346875.0,74.2423
347500.0,72.5592
348125.0,71.5084
348750.0,70.7083
349375.0,72.0492
350000.0,75.1335
350625.0,76.6603
351250.0,225.5753
351875.0,216.3877
352500.0,235.1271
353125.0,233.3184
353750.0,223.2040
354375.0,217.6547
355000.0,231.1698
355625.0,227.1147
356250.0,69.9406
356875.0,75.1437
357500.0,76.3879
358125.0,72.0082
358750.0,76.1157
359375.0,69.9153
360000.0,80.4374
360625.0,80.1048
361250.0,74.4480
361875.0,76.7702
362500.0,66.3146
363125.0,71.0406
363750.0,74.2925
364375.0,71.3581
365000.0,78.0933
365625.0,82.9298
366250.0,70.9642
366875.0,72.2428
367500.0,76.2876
368125.0,81.4739
368750.0,70.7916
369375.0,76.3389
370000.0,245.4896
370625.0,206.4177
371250.0,210.5880
371875.0,220.2344
372500.0,219.1434
373125.0,234.1418
373750.0,227.7187
374375.0,205.0317
375000.0,77.3431
375625.0,73.2227
376250.0,80.2047
376875.0,73.0340
377500.0,73.0000
378125.0,77.4401
378750.0,78.2762
379375.0,77.0893
380000.0,69.0453
380625.0,77.4284
381250.0,71.5007
381875.0,76.2870
382500.0,70.0325
383125.0,77.0826
383750.0,72.3591
384375.0,70.5645
385000.0,78.0911
385625.0,76.3110
386250.0,73.0853
386875.0,80.8709
387500.0,73.7387
388125.0,75.5210
388750.0,228.0253
389375.0,218.0288
390000.0,230.3003
390625.0,218.9987
391250.0,220.3691
391875.0,240.3297
392500.0,213.2934
393125.0,197.8562
393750.0,81.4732
394375.0,85.0110
395000.0,73.8721
395625.0,68.0981
396250.0,74.2295
396875.0,74.3209
397500.0,74.6840
398125.0,71.2025
398750.0,77.5849
399375.0,77.3774
400000.0,69.7661
400625.0,78.0360
401250.0,83.1386
401875.0,76.0483
402500.0,74.1283
403125.0,74.8646
403750.0,77.7195
404375.0,68.8754
405000.0,76.0198
405625.0,73.9280
406250.0,82.3663
406875.0,74.7434
407500.0,243.7637
408125.0,212.5829
408750.0,231.6067
409375.0,228.5933
410000.0,215.2232
410625.0,226.9957
411250.0,238.6408
411875.0,221.3573
412500.0,69.0213
413125.0,75.3338
413750.0,71.9979
414375.0,74.1094
415000.0,75.0924
415625.0,68.9697
416250.0,69.3090
416875.0,77.2174
417500.0,73.4294
418125.0,65.7309
418750.0,78.3589
419375.0,76.4268
420000.0,72.7087
420625.0,70.4356
421250.0,78.5510
421875.0,76.7171
422500.0,84.3824
423125.0,76.9841
423750.0,76.8616
424375.0,74.7707
425000.0,78.4792
425625.0,77.7566
426250.0,239.0819
426875.0,219.1351
427500.0,220.1017
428125.0,219.6101
428750.0,233.8965
429375.0,241.8567
430000.0,219.8380
430625.0,220.2213
431250.0,76.5841
431875.0,74.4735
432500.0,78.9892
433125.0,66.9108
433750.0,72.2833
434375.0,72.4503
435000.0,66.6523
435625.0,71.7671
436250.0,71.9499
436875.0,74.6418
437500.0,79.5959
438125.0,74.4761
438750.0,71.5138
439375.0,75.1853
440000.0,79.3554
440625.0,71.7206
441250.0,71.9671
441875.0,77.5057
442500.0,74.5648
443125.0,77.8410
443750.0,75.3486
444375.0,78.0453
445000.0,213.3554
445625.0,224.8640
446250.0,222.6297
446875.0,211.3212
447500.0,207.4109
448125.0,232.7147
448750.0,221.0518
449375.0,213.4993
450000.0,75.0374
450625.0,79.6526
451250.0,66.8016
451875.0,69.7577
452500.0,71.9207
453125.0,80.9086
453750.0,76.4654
454375.0,78.2928
455000.0,71.1016
455625.0,71.1793
456250.0,77.0883
456875.0,75.6197
457500.0,77.4687
458125.0,74.6925
458750.0,76.4486
459375.0,75.9961
460000.0,78.3322
460625.0,78.4424
461250.0,69.2931
461875.0,66.9278
462500.0,79.1766
463125.0,79.8777
463750.0,213.5180
464375.0,204.0769
465000.0,226.1141
465625.0,235.4719
466250.0,245.2229
466875.0,230.8083
467500.0,220.8182
468125.0,214.9523
468750.0,75.4432
469375.0,74.2718
470000.0,71.5732
470625.0,83.1238
471250.0,82.1301
471875.0,79.6829
472500.0,71.9284
473125.0,78.6234
473750.0,77.8114
474375.0,77.0684
475000.0,80.1112
475625.0,77.7953
476250.0,78.1899
476875.0,77.8011
477500.0,76.6848
478125.0,68.6758
478750.0,75.7153
479375.0,73.3032
480000.0,70.5750
480625.0,81.7404
481250.0,81.9183
481875.0,80.5243
482500.0,227.8712
483125.0,240.1945
483750.0,225.1356
484375.0,227.2815
485000.0,212.6984
485625.0,229.4662
486250.0,225.6793
486875.0,210.3452
487500.0,75.2070
488125.0,75.0994
488750.0,82.1768
489375.0,78.7712
490000.0,75.4431
490625.0,76.3379
491250.0,75.5667
491875.0,74.6350
492500.0,71.3192
493125.0,74.8305
493750.0,72.5872
494375.0,70.6863
495000.0,77.3273
495625.0,76.8751
496250.0,68.6641
496875.0,74.9375
497500.0,79.1538
498125.0,79.3933
498750.0,79.2674
499375.0,75.5467
500000.0,72.2142
500625.0,71.3145
501250.0,228.8768
501875.0,229.2669
502500.0,239.4825
503125.0,237.3748
503750.0,223.5124
504375.0,211.0027
505000.0,221.4101
505625.0,227.4439
506250.0,74.6381
506875.0,73.2213
507500.0,76.3534
508125.0,73.5001
508750.0,73.0322
509375.0,76.5742
510000.0,73.8845
510625.0,76.3203
511250.0,76.4300
511875.0,71.1044
512500.0,73.5857
513125.0,80.8204
513750.0,71.0190
514375.0,67.4202
515000.0,68.3808
515625.0,75.5097
516250.0,75.5166
516875.0,74.9566
517500.0,79.9775
518125.0,65.3234
518750.0,76.8927
519375.0,81.2866
520000.0,212.3125
520625.0,220.7272
521250.0,216.5300
521875.0,214.9386
522500.0,221.3296
523125.0,241.0592
523750.0,245.6706
524375.0,221.2207
525000.0,82.5821
525625.0,75.5341
526250.0,82.0114
526875.0,75.0483
527500.0,75.8941
528125.0,76.7778
528750.0,87.3843
529375.0,78.6093
530000.0,72.7336
530625.0,79.0531
531250.0,74.0359
531875.0,73.5536
532500.0,78.8254
533125.0,75.5172
533750.0,76.4502
534375.0,75.4527
535000.0,76.6689
535625.0,77.0021
536250.0,68.0976
536875.0,77.9130
537500.0,71.6978
538125.0,69.9625
538750.0,224.3429
539375.0,225.9448
540000.0,217.1981
540625.0,234.3491
541250.0,209.9005
541875.0,220.4219
542500.0,218.4202
543125.0,224.4759
543750.0,76.4513
544375.0,71.6002
545000.0,78.1305
545625.0,75.6375
546250.0,68.2674
546875.0,68.0161
547500.0,75.3536
548125.0,74.5670
548750.0,75.0101
549375.0,75.2945
550000.0,76.2504
550625.0,78.9726
551250.0,71.2111
551875.0,70.9817
552500.0,71.2782
553125.0,76.4892
553750.0,80.0935
554375.0,73.7739
555000.0,65.9686
555625.0,68.9759
556250.0,72.2595
556875.0,73.2974
557500.0,220.4056
558125.0,225.4340
558750.0,221.4929
559375.0,236.8051
560000.0,217.3948
560625.0,215.2989
561250.0,230.3873
561875.0,207.7240
562500.0,76.8691
563125.0,75.7866
563750.0,74.8441
564375.0,81.3878
565000.0,73.0543
565625.0,83.1673
566250.0,74.5501
566875.0,70.5856
567500.0,75.6636
568125.0,71.3426
568750.0,72.5659
569375.0,76.8968
570000.0,77.4945
570625.0,73.0544
571250.0,79.1225
571875.0,79.7638
572500.0,80.8149
573125.0,77.3959
573750.0,80.5401
574375.0,68.3094
575000.0,74.2015
575625.0,72.1314
576250.0,226.3413
576875.0,218.5712
577500.0,223.1307
578125.0,246.1745
578750.0,223.0907
579375.0,229.6552
580000.0,222.3870
580625.0,225.8518
581250.0,75.4227
581875.0,77.0902
582500.0,79.7932
583125.0,81.6107
583750.0,76.5673
584375.0,77.6226
585000.0,71.0612
585625.0,75.0687
586250.0,78.9449
586875.0,78.6647
587500.0,76.1978
588125.0,78.7417
588750.0,77.2502
589375.0,79.9252
590000.0,76.4909
590625.0,74.0590
591250.0,76.6661
591875.0,64.3517
592500.0,76.8435
593125.0,61.6455
593750.0,68.9025
594375.0,77.1032
595000.0,230.3722
595625.0,211.9227
596250.0,216.9889
596875.0,240.4186
597500.0,219.5547
598125.0,250.2329
598750.0,224.9784
599375.0,229.5904
600000.0,81.4956
600625.0,75.8940
601250.0,71.6212
601875.0,74.9863
602500.0,75.2657
603125.0,70.2549
603750.0,74.4355
604375.0,72.6019
605000.0,78.8848
605625.0,75.5305
606250.0,74.3339
606875.0,74.9997
607500.0,76.2412
608125.0,77.7254
608750.0,71.6311
609375.0,71.4732
610000.0,79.5646
610625.0,73.8455
611250.0,70.0585
611875.0,77.0732
612500.0,77.1469
613125.0,69.6292
613750.0,227.5817
614375.0,233.2753
615000.0,229.2118
615625.0,232.1098
616250.0,209.2020
616875.0,228.7242
617500.0,221.5955
618125.0,219.5686
618750.0,78.6820
619375.0,80.9769
620000.0,82.1648
620625.0,80.3568
621250.0,74.9863
621875.0,76.7298
622500.0,78.2909
623125.0,75.8568
623750.0,75.8930
624375.0,78.5055
625000.0,75.1765
625625.0,72.6506
626250.0,73.8374
626875.0,77.7898
627500.0,75.4113
628125.0,76.6826
628750.0,77.9262
629375.0,73.9868
630000.0,78.2511
630625.0,76.8282
631250.0,70.7448
631875.0,80.8375
632500.0,219.3666
633125.0,206.3802
633750.0,213.2433
634375.0,213.5132
635000.0,225.5869
635625.0,221.9192
636250.0,221.2106
636875.0,231.9716
637500.0,76.6813
638125.0,76.5915
638750.0,76.9451
639375.0,77.7228
640000.0,67.4530
640625.0,74.0261
641250.0,67.1806
641875.0,75.5359
642500.0,75.3825
643125.0,79.3417
643750.0,79.8774
644375.0,76.1645
645000.0,73.5136
645625.0,77.2291
646250.0,73.4098
646875.0,75.3947
647500.0,79.1177
648125.0,73.2972
648750.0,78.4374
649375.0,77.9538
650000.0,71.8004
650625.0,79.0716
651250.0,232.8589
651875.0,226.1467
652500.0,216.4239
653125.0,215.3339
653750.0,218.9513
654375.0,231.1042
655000.0,214.2492
655625.0,229.9220
656250.0,70.7186
656875.0,74.6307
657500.0,75.8134
658125.0,84.6181
658750.0,70.2075
659375.0,80.9495
660000.0,75.9649
660625.0,76.9501
661250.0,75.8462
661875.0,77.0766
662500.0,74.8206
663125.0,80.8818
663750.0,73.6791
664375.0,79.6685
665000.0,72.9707
665625.0,75.1729
666250.0,71.3587
666875.0,77.1154
667500.0,80.8481
668125.0,75.1084
668750.0,74.6577
669375.0,71.1979
670000.0,222.4205
670625.0,207.0811
671250.0,214.7301
671875.0,227.5513
672500.0,239.8389
673125.0,256.6036
673750.0,218.4009
674375.0,241.1471
675000.0,76.3189
675625.0,74.8298
676250.0,77.0309
676875.0,75.6334
677500.0,75.8162
678125.0,73.8606
678750.0,70.1291
679375.0,69.5805
680000.0,77.8627
680625.0,74.3568
681250.0,73.1527
681875.0,75.4321
682500.0,78.3969
683125.0,76.0800
683750.0,72.9267
684375.0,80.0231
685000.0,81.3535
685625.0,77.2645
686250.0,79.0707
686875.0,80.0822
687500.0,79.6605
688125.0,77.7152
688750.0,231.7314
689375.0,230.8462
690000.0,212.6550
690625.0,232.8831
691250.0,209.7471
691875.0,216.0608
692500.0,239.6651
693125.0,234.4525
693750.0,81.0075
694375.0,74.3758
695000.0,71.0560
695625.0,74.4936
696250.0,75.7847
696875.0,75.6978
697500.0,79.6740
698125.0,74.0380
698750.0,76.7272
699375.0,71.6729
700000.0,77.0977
700625.0,75.4117
701250.0,72.5732
701875.0,74.5109
702500.0,74.7057
703125.0,74.3815
703750.0,82.0780
704375.0,75.0289
705000.0,74.4805
705625.0,67.4926
706250.0,72.0288
706875.0,74.4082
707500.0,217.2842
708125.0,240.5442
708750.0,223.1445
709375.0,239.4950
710000.0,225.6942
710625.0,225.4188
711250.0,224.0010
711875.0,225.0427
712500.0,81.8799
713125.0,66.6551
713750.0,67.8542
714375.0,73.3522
715000.0,75.4548
715625.0,78.0017
716250.0,77.1835
716875.0,73.9514
717500.0,79.2418
718125.0,79.2838
718750.0,76.0939
719375.0,79.0292
720000.0,76.4279
720625.0,73.2832
721250.0,78.0308
721875.0,75.8170
722500.0,75.4051
723125.0,80.9530
723750.0,66.1602
724375.0,70.0553
725000.0,70.9247
725625.0,74.0305
726250.0,222.1357
726875.0,208.0426
727500.0,213.9170
728125.0,215.3155
728750.0,252.6460
729375.0,245.2696
730000.0,220.3678
730625.0,220.9097
731250.0,71.0675
731875.0,68.2063
732500.0,74.9594
733125.0,71.6381
733750.0,75.0801
734375.0,69.3672
735000.0,72.5274
735625.0,75.9603
736250.0,76.7806
736875.0,76.9739
737500.0,70.4218
738125.0,78.6222
738750.0,72.3832
739375.0,77.7859
740000.0,75.3599
740625.0,70.2110
741250.0,74.2079
741875.0,76.7774
742500.0,77.7109
743125.0,74.8685
743750.0,81.1748
744375.0,79.1983
745000.0,222.1126
745625.0,233.4389
746250.0,246.7552
746875.0,247.0555
747500.0,211.1850
748125.0,214.5765
748750.0,241.7053
749375.0,213.0943
750000.0,70.4140
750625.0,73.5670
751250.0,76.9843
751875.0,75.0140
752500.0,72.9474
753125.0,72.8582
753750.0,72.7145
754375.0,72.0842
755000.0,84.0018
755625.0,76.5216
756250.0,78.7431
756875.0,73.5562
757500.0,74.6989
758125.0,72.7099
758750.0,65.4031
759375.0,70.2049
760000.0,68.5740
760625.0,66.9183
761250.0,70.8935
761875.0,80.3951
762500.0,75.2325
763125.0,80.2654
763750.0,229.6236
764375.0,233.8038
765000.0,214.8649
765625.0,230.8944
766250.0,233.1980
766875.0,218.5127
767500.0,231.2948
768125.0,231.3696
768750.0,73.3282
769375.0,71.1672
770000.0,70.9358
770625.0,75.7261
771250.0,76.6328
771875.0,72.4122
772500.0,75.5002
773125.0,77.5509
773750.0,77.7306
774375.0,81.2506
775000.0,80.2142
775625.0,71.6251
776250.0,81.7471
776875.0,73.3982
777500.0,79.3392
778125.0,75.6563
778750.0,73.8462
779375.0,68.5850
780000.0,74.7532
780625.0,69.5211
781250.0,79.0467
781875.0,81.1183
782500.0,216.0348
783125.0,228.3972
783750.0,216.8393
784375.0,217.9295
785000.0,233.7131
785625.0,224.5664
786250.0,244.5710
786875.0,219.5749
787500.0,79.1675
788125.0,75.7672
788750.0,78.4001
789375.0,73.7142
790000.0,75.2132
790625.0,74.9646
791250.0,72.2481
791875.0,77.8960
792500.0,77.8514
793125.0,77.6377
793750.0,81.1944
794375.0,80.8640
795000.0,73.9865
795625.0,76.8064
796250.0,73.0490
796875.0,75.4880
797500.0,73.1389
798125.0,81.5077
798750.0,76.7711
799375.0,74.5780
800000.0,79.8999
800625.0,67.2168
801250.0,202.3413
801875.0,233.9532
802500.0,225.6803
803125.0,227.8175
803750.0,210.0780
804375.0,224.7386
805000.0,247.5395
805625.0,234.2722
806250.0,76.0398
806875.0,73.7448
807500.0,73.9125
808125.0,67.3729
808750.0,76.3713
809375.0,78.5875
810000.0,69.4599
810625.0,72.9065
811250.0,71.0364
811875.0,71.7606
812500.0,75.6016
813125.0,67.5418
813750.0,77.7158
814375.0,78.2420
815000.0,74.4533
815625.0,66.0477
816250.0,71.6435
816875.0,80.0480
817500.0,64.9270
818125.0,74.0898
818750.0,70.9514
819375.0,78.4332
820000.0,217.4050
820625.0,229.5445
821250.0,231.3614
821875.0,245.6575
822500.0,222.7169
823125.0,229.2305
823750.0,208.2931
824375.0,238.3922
825000.0,72.5329
825625.0,73.2860
826250.0,75.3161
826875.0,69.5079
827500.0,76.2625
828125.0,79.0473
828750.0,76.5044
829375.0,69.4099
830000.0,74.9332
830625.0,78.1974
831250.0,68.3200
831875.0,71.3481
832500.0,78.7046
833125.0,76.4183
833750.0,76.9531
834375.0,82.4103
835000.0,77.1664
835625.0,77.8802
836250.0,85.6195
836875.0,74.5940
837500.0,72.3920
838125.0,77.0128
838750.0,229.9386
839375.0,219.0745
840000.0,213.3855
840625.0,250.9857
841250.0,228.6770
841875.0,216.7618
842500.0,235.3042
843125.0,223.7721
843750.0,74.4466
844375.0,77.5198
845000.0,70.5296
845625.0,76.7294
846250.0,82.6118
846875.0,77.1575
847500.0,73.9817
848125.0,73.4882
848750.0,73.8530
849375.0,74.4426
850000.0,73.9757
850625.0,78.8545
851250.0,68.8658
851875.0,78.6497
852500.0,73.9686
853125.0,76.8211
853750.0,71.1513
854375.0,80.4089
855000.0,80.0960
855625.0,79.0177
856250.0,69.6894
856875.0,78.5258
857500.0,229.5546
858125.0,206.9407
858750.0,224.7267
859375.0,229.1010
860000.0,231.2558
860625.0,226.9942
861250.0,228.2764
861875.0,241.5781
862500.0,80.0221
863125.0,64.5912
863750.0,74.2033
864375.0,74.7793
865000.0,68.7946
865625.0,75.7551
866250.0,80.1078
866875.0,71.3036
867500.0,76.6682
868125.0,71.9473
868750.0,72.8669
869375.0,80.9698
870000.0,73.3546
870625.0,77.1425
871250.0,68.3455
871875.0,82.4209
872500.0,77.6720
873125.0,74.7120
873750.0,77.5698
874375.0,70.0850
875000.0,79.8581
875625.0,74.1786
876250.0,222.7042
876875.0,219.4689
877500.0,218.4677
878125.0,232.8150
878750.0,227.8790
879375.0,232.3322
880000.0,224.9011
880625.0,230.7735
881250.0,73.8209
881875.0,83.8061
882500.0,69.4889
883125.0,80.1537
883750.0,80.5570
884375.0,72.1874
885000.0,83.8044
885625.0,79.1530
886250.0,79.0612
886875.0,75.5056
887500.0,74.5811
888125.0,74.6105
888750.0,76.8723
889375.0,80.6825
890000.0,76.0836
890625.0,71.9639
891250.0,78.5081
891875.0,78.8727
892500.0,77.8681
893125.0,78.2105
893750.0,74.3786
894375.0,71.8977
895000.0,215.2328
895625.0,206.6010
896250.0,227.6657
896875.0,224.0612
897500.0,220.0501
898125.0,191.7493
898750.0,210.9677
899375.0,237.6095
900000.0,72.8944
900625.0,76.7594
901250.0,70.1571
901875.0,80.8239
902500.0,74.8570
903125.0,76.4935
903750.0,84.1682
904375.0,81.1170
905000.0,74.2442
905625.0,73.1636
906250.0,74.1727
906875.0,77.3223
907500.0,75.0033
908125.0,73.9099
908750.0,80.9313
909375.0,74.9694
910000.0,84.0695
910625.0,75.7421
911250.0,82.1307
911875.0,76.7471
912500.0,79.0304
913125.0,72.6682
913750.0,215.3952
914375.0,230.1717
915000.0,236.1212
915625.0,225.4529
916250.0,210.5281
916875.0,209.6971
917500.0,208.9447
918125.0,205.1143
918750.0,75.8128
919375.0,79.6414
920000.0,75.3494
920625.0,66.8782
921250.0,74.6808
921875.0,74.7862
922500.0,83.3019
923125.0,69.9066
923750.0,73.9271
924375.0,81.8311
925000.0,77.0964
925625.0,77.5237
926250.0,75.8320
926875.0,76.6439
927500.0,78.3316
928125.0,72.3482
928750.0,78.7103
929375.0,70.2238
930000.0,76.6379
930625.0,76.0739
931250.0,73.0766
931875.0,75.3145
932500.0,217.9964
933125.0,212.9434
933750.0,221.0218
934375.0,212.5801
935000.0,228.6315
935625.0,212.0615
936250.0,233.0097
936875.0,211.7084
937500.0,73.2651
938125.0,73.0452
938750.0,80.3958
939375.0,76.6452
940000.0,74.6018
940625.0,77.2802
941250.0,67.4559
941875.0,75.2374
942500.0,82.9306
943125.0,75.8989
943750.0,75.6560
944375.0,77.4664
945000.0,78.7764
945625.0,67.8696
946250.0,69.0576
946875.0,76.1928
947500.0,72.7049
948125.0,80.3463
948750.0,74.2118
949375.0,68.1068
950000.0,70.6196
950625.0,65.0337
951250.0,222.3661
951875.0,222.8807
952500.0,220.2248
953125.0,237.1374
953750.0,238.4833
954375.0,223.0831
955000.0,200.9847
955625.0,231.9444
956250.0,77.4937
956875.0,76.5664
957500.0,79.1002
958125.0,71.0086
958750.0,82.9730
959375.0,71.7830
960000.0,78.2246
960625.0,69.0387
961250.0,71.8929
961875.0,81.1167
962500.0,74.4164
963125.0,78.5665
963750.0,76.2933
964375.0,75.0043
965000.0,80.5417
965625.0,74.5078
966250.0,68.6866
966875.0,72.3718
967500.0,77.4780
968125.0,76.8911
968750.0,69.4922
969375.0,72.6692
970000.0,218.4556
970625.0,220.8885
971250.0,209.5210
971875.0,217.9308
972500.0,216.8031
973125.0,233.6797
973750.0,234.1026
974375.0,223.3596
975000.0,73.9220
975625.0,75.9275
976250.0,72.3215
976875.0,71.0764
977500.0,71.8554
978125.0,73.0068
978750.0,71.0137
979375.0,76.0110
980000.0,78.1510
980625.0,69.4166
981250.0,75.4947
981875.0,74.5708
982500.0,76.6875
983125.0,75.3512
983750.0,69.9199
984375.0,70.6408
985000.0,75.5109
985625.0,79.2785
986250.0,67.0525
986875.0,76.7034
987500.0,79.8849
988125.0,74.8231
988750.0,231.1898
989375.0,217.0905
990000.0,223.6571
990625.0,206.7647
991250.0,198.6261
991875.0,235.6061
992500.0,213.9188
993125.0,219.8753
993750.0,70.1731
994375.0,70.0844
995000.0,74.7446
995625.0,72.6495
996250.0,76.8250
996875.0,77.1061
997500.0,76.6096
998125.0,76.2995
998750.0,81.3482
999375.0,71.3752
1000000.0,75.1929
1000625.0,79.6702
1001250.0,80.1673
1001875.0,70.0400
1002500.0,74.2224
1003125.0,80.5201
1003750.0,77.3155
1004375.0,76.1361
1005000.0,74.5793
1005625.0,73.9531
1006250.0,76.4866
1006875.0,74.4485
1007500.0,224.5210
1008125.0,225.8842
1008750.0,217.3717
1009375.0,230.9865
1010000.0,257.7853
1010625.0,205.0089
1011250.0,228.6451
1011875.0,216.4479
1012500.0,77.5768
1013125.0,75.5755
1013750.0,78.2722
1014375.0,79.8317
1015000.0,76.1254
1015625.0,79.6678
1016250.0,66.5620
1016875.0,81.3960
1017500.0,76.8140
1018125.0,79.4635
1018750.0,70.8011
1019375.0,72.2680
1020000.0,75.9502
1020625.0,75.3358
1021250.0,76.4672
1021875.0,79.4886
1022500.0,68.7451
1023125.0,79.0713
1023750.0,75.4312
1024375.0,74.6317
1025000.0,69.8539
1025625.0,77.2965
1026250.0,197.8413
1026875.0,232.2944
1027500.0,208.2138
1028125.0,225.6014
1028750.0,223.6594
1029375.0,238.1573
1030000.0,222.9901
1030625.0,217.1909
1031250.0,73.4901
1031875.0,80.1988
1032500.0,77.4218
1033125.0,73.9462
1033750.0,74.5086
1034375.0,69.4917
1035000.0,76.8645
1035625.0,68.7655
1036250.0,78.2343
1036875.0,75.8849
1037500.0,84.3988
1038125.0,71.2525
1038750.0,75.0130
1039375.0,82.1795
1040000.0,79.8915
1040625.0,72.7753
1041250.0,76.2444
1041875.0,75.4075
1042500.0,76.4630
1043125.0,72.7660
1043750.0,75.0633
1044375.0,69.3753
1045000.0,226.5201
1045625.0,230.0627
1046250.0,222.4415
1046875.0,206.8307
1047500.0,236.1210
1048125.0,229.1009
1048750.0,216.8323
1049375.0,221.8432
1050000.0,69.7425
1050625.0,71.5342
1051250.0,73.3725
1051875.0,80.0311
1052500.0,72.9891
1053125.0,77.8136
1053750.0,73.3705
1054375.0,76.3348
1055000.0,74.8669
1055625.0,78.6914
1056250.0,73.3838
1056875.0,69.4716
1057500.0,70.1901
1058125.0,73.3948
1058750.0,70.6910
1059375.0,76.9465
1060000.0,73.6441
1060625.0,84.3523
1061250.0,68.8488
1061875.0,76.1677
1062500.0,71.1476
1063125.0,73.5399
1063750.0,226.5910
1064375.0,198.8396
1065000.0,227.6643
1065625.0,246.4077
1066250.0,219.8988
1066875.0,227.9228
1067500.0,236.5304
1068125.0,223.1555
1068750.0,73.2098
1069375.0,66.8205
1070000.0,77.8165
1070625.0,74.9734
1071250.0,71.5822
1071875.0,75.8773
1072500.0,73.1995
1073125.0,73.4078
1073750.0,77.6857
1074375.0,70.3543
1075000.0,79.3484
1075625.0,70.1307
1076250.0,72.9016
1076875.0,82.6495
1077500.0,79.6501
1078125.0,75.7680
1078750.0,71.8542
1079375.0,73.4046
1080000.0,75.6762
1080625.0,75.5415
1081250.0,75.0574
1081875.0,75.2838
1082500.0,222.5883
1083125.0,208.7777
1083750.0,219.1893
1084375.0,235.2895
1085000.0,209.6062
1085625.0,222.8675
1086250.0,215.7778
1086875.0,226.2527
1087500.0,73.9349
1088125.0,80.9698
1088750.0,77.3098
1089375.0,70.4545
1090000.0,77.9305
1090625.0,72.4796
1091250.0,73.2247
1091875.0,76.5831
1092500.0,73.5461
1093125.0,78.7661
1093750.0,72.4801
1094375.0,73.0666
1095000.0,72.9255
1095625.0,73.2675
1096250.0,79.5440
1096875.0,77.7706
1097500.0,81.8465
1098125.0,83.9490
1098750.0,71.5142
1099375.0,75.6655
1100000.0,70.9657
1100625.0,72.4684
1101250.0,217.9116
1101875.0,213.1070
1102500.0,213.1663
1103125.0,223.3768
1103750.0,211.3119
1104375.0,234.4739
1105000.0,214.6753
1105625.0,256.6077
1106250.0,73.6983
1106875.0,75.6715
1107500.0,70.5166
1108125.0,81.8320
1108750.0,79.6205
1109375.0,76.5194
1110000.0,70.3226
1110625.0,76.1942
1111250.0,71.1722
1111875.0,80.9131
1112500.0,78.4507
1113125.0,75.7598
1113750.0,66.2149
1114375.0,71.6925
1115000.0,77.9929
1115625.0,79.9726
1116250.0,79.5816
1116875.0,69.3981
1117500.0,76.5369
1118125.0,79.2285
1118750.0,69.1481
1119375.0,75.3702
1120000.0,228.0807
1120625.0,221.6164
1121250.0,204.1632
1121875.0,221.3359
1122500.0,221.3178
1123125.0,223.3342
1123750.0,218.6609
1124375.0,220.0161
1125000.0,75.2503
1125625.0,77.0681
1126250.0,74.2523
1126875.0,73.8556
1127500.0,75.7482
1128125.0,68.1581
1128750.0,77.1984
1129375.0,75.3979
1130000.0,75.5496
1130625.0,79.0220
1131250.0,68.0379
1131875.0,67.9586
1132500.0,76.4322
1133125.0,75.3732
1133750.0,76.0416
1134375.0,73.6578
1135000.0,77.9046
1135625.0,78.9160
1136250.0,77.2246
1136875.0,74.4167
1137500.0,67.4540
1138125.0,78.3000
1138750.0,238.7444
1139375.0,232.2513
1140000.0,215.1040
1140625.0,232.5802
1141250.0,234.6810
1141875.0,242.5367
1142500.0,215.1438
1143125.0,222.4524
1143750.0,78.2172
1144375.0,75.6164
1145000.0,71.1877
1145625.0,76.9631
1146250.0,77.5816
1146875.0,75.7316
1147500.0,76.2278
1148125.0,74.4247
1148750.0,80.9731
1149375.0,72.0044
1150000.0,73.1858
1150625.0,75.4414
1151250.0,78.7137
1151875.0,69.7549
1152500.0,70.4602
1153125.0,67.7178
1153750.0,75.5233
1154375.0,71.1840
1155000.0,73.9502
1155625.0,77.8934
1156250.0,72.9814
1156875.0,76.2719
1157500.0,221.6324
1158125.0,232.5613
1158750.0,230.3452
1159375.0,217.2157
1160000.0,223.1027
1160625.0,236.7421
1161250.0,229.4255
1161875.0,209.2842
1162500.0,77.8717
1163125.0,71.3110
1163750.0,80.7252
1164375.0,79.2609
1165000.0,76.4929
1165625.0,75.9928
1166250.0,74.6119
1166875.0,77.9580
1167500.0,74.0022
1168125.0,76.2881
1168750.0,78.6872
1169375.0,73.2820
1170000.0,73.0770
1170625.0,70.8972
1171250.0,71.3869
1171875.0,68.5069
1172500.0,78.1515
1173125.0,82.2196
1173750.0,80.7735
1174375.0,69.2697
1175000.0,78.1327
1175625.0,80.7613
1176250.0,219.8609
1176875.0,226.1413
1177500.0,202.4112
1178125.0,228.0008
1178750.0,213.0350
1179375.0,227.2459
1180000.0,207.4365
1180625.0,231.1072
1181250.0,79.2624
1181875.0,72.4474
1182500.0,71.1138
1183125.0,67.2718
1183750.0,74.3956
1184375.0,73.2074
1185000.0,69.5527
1185625.0,77.1079
1186250.0,73.7036
1186875.0,71.3445
1187500.0,73.3093
1188125.0,79.4388
1188750.0,77.6731
1189375.0,74.9098
1190000.0,77.7340
1190625.0,71.0234
1191250.0,75.5220
1191875.0,75.9554
1192500.0,73.6287
1193125.0,77.0417
1193750.0,72.4578
1194375.0,77.3220
1195000.0,231.2084
1195625.0,192.1820
1196250.0,238.3909
1196875.0,190.7141
1197500.0,218.0694
1198125.0,236.5352
1198750.0,221.4305
1199375.0,208.5054
1200000.0,71.2766
1200625.0,79.2714
1201250.0,68.1559
1201875.0,79.6563
1202500.0,75.1923
1203125.0,70.9047
1203750.0,73.2017
1204375.0,71.5651
1205000.0,78.6657
1205625.0,78.1613
1206250.0,68.9188
1206875.0,73.8785
1207500.0,72.1458
1208125.0,80.2765
1208750.0,70.3101
1209375.0,81.4479
1210000.0,75.2745
1210625.0,71.0195
1211250.0,72.8467
1211875.0,72.3779
1212500.0,70.5947
1213125.0,75.7575
1213750.0,211.1860
1214375.0,200.4709
1215000.0,220.7286
1215625.0,204.7179
1216250.0,216.5382
1216875.0,214.7726
1217500.0,215.1988
1218125.0,247.5108
1218750.0,75.6127
1219375.0,76.3250
1220000.0,68.7030
1220625.0,72.9346
1221250.0,76.2117
1221875.0,71.5375
1222500.0,78.8234
1223125.0,70.8658
1223750.0,74.3204
1224375.0,73.1906
1225000.0,76.0195
1225625.0,72.9854
1226250.0,74.3787
1226875.0,74.5098
1227500.0,72.6314
1228125.0,77.2288
1228750.0,76.2987
1229375.0,75.0659
1230000.0,73.7772
1230625.0,78.4030
1231250.0,74.5109
1231875.0,74.2438
1232500.0,226.1778
1233125.0,244.0866
1233750.0,209.9210
1234375.0,233.6609
1235000.0,203.7018
1235625.0,227.4443
1236250.0,242.7197
1236875.0,230.4975
1237500.0,76.0433
1238125.0,73.2871
1238750.0,75.5170
1239375.0,74.4497
1240000.0,72.4369
1240625.0,74.3072
1241250.0,76.1479
1241875.0,72.5076
1242500.0,72.3603
1243125.0,70.2719
1243750.0,76.8730
1244375.0,77.4559
1245000.0,76.2734
1245625.0,79.0387
1246250.0,75.7313
1246875.0,76.8779
1247500.0,76.5455
1248125.0,75.0549
1248750.0,73.3988
1249375.0,83.7474
1250000.0,73.6961
1250625.0,72.8896
1251250.0,229.8826
1251875.0,227.8334
1252500.0,209.1961
1253125.0,237.6301
1253750.0,223.9403
1254375.0,212.5020
1255000.0,238.3738
1255625.0,232.0389
1256250.0,70.6327
1256875.0,82.1000
1257500.0,77.8837
1258125.0,75.3616
1258750.0,81.3951
1259375.0,76.0006
1260000.0,75.2941
1260625.0,72.9107
1261250.0,77.5936
1261875.0,77.1968
1262500.0,75.4553
1263125.0,72.4218
1263750.0,75.8898
1264375.0,75.1369
1265000.0,70.3728
1265625.0,69.8513
1266250.0,77.5306
1266875.0,65.5909
1267500.0,76.1744
1268125.0,73.5976
1268750.0,80.3321
1269375.0,73.5396
1270000.0,232.4192
1270625.0,220.5347
1271250.0,226.2797
1271875.0,233.2894
1272500.0,219.7962
1273125.0,236.2112
1273750.0,213.8209
1274375.0,228.3142
1275000.0,78.8784
1275625.0,77.8883
1276250.0,82.6250
1276875.0,72.5218
1277500.0,70.2006
1278125.0,71.6514
1278750.0,77.8899
1279375.0,77.2772
1280000.0,75.7855
1280625.0,71.1665
1281250.0,78.2911
1281875.0,70.7829
1282500.0,79.7692
1283125.0,86.1725
1283750.0,76.7815
1284375.0,77.5983
1285000.0,73.5419
1285625.0,68.5755
1286250.0,73.1277
1286875.0,71.2798
1287500.0,69.9448
1288125.0,81.8933
1288750.0,228.0697
1289375.0,229.2715
1290000.0,221.5235
1290625.0,223.0552
1291250.0,235.8512
1291875.0,224.6362
1292500.0,230.9703
1293125.0,222.7950
1293750.0,74.1101
1294375.0,70.0959
1295000.0,67.9439
1295625.0,74.4139
1296250.0,75.6130
1296875.0,70.5513
1297500.0,75.2700
1298125.0,75.6026
1298750.0,67.2718
1299375.0,71.9500
1300000.0,76.9354
1300625.0,76.8592
1301250.0,71.0506
1301875.0,75.9973
1302500.0,79.2545
1303125.0,78.3296
1303750.0,75.0408
1304375.0,73.6357
1305000.0,73.0274
1305625.0,77.1637
1306250.0,76.1355
1306875.0,77.7729
1307500.0,226.4836
1308125.0,234.2111
1308750.0,226.0642
1309375.0,233.8277
1310000.0,234.7968
1310625.0,215.9491
1311250.0,204.6584
1311875.0,242.3643
1312500.0,76.3676
1313125.0,68.9364
1313750.0,72.7089
1314375.0,78.3100
1315000.0,74.3456
1315625.0,73.4695
1316250.0,80.6813
1316875.0,71.4517
1317500.0,72.3910
1318125.0,76.1969
1318750.0,76.8720
1319375.0,77.2712
1320000.0,78.8354
1320625.0,76.1486
1321250.0,77.2450
1321875.0,74.4228
1322500.0,75.6364
1323125.0,75.8054
1323750.0,76.2109
1324375.0,78.3125
1325000.0,77.4929
1325625.0,75.5667
1326250.0,215.8973
1326875.0,225.7613
1327500.0,224.6848
1328125.0,227.1733
1328750.0,249.8234
1329375.0,219.1076
1330000.0,229.7508
1330625.0,237.0202
1331250.0,75.7695
1331875.0,84.2137
1332500.0,73.9748
1333125.0,76.6218
1333750.0,72.3885
1334375.0,74.0748
1335000.0,76.3385
1335625.0,78.5906
1336250.0,76.6030
1336875.0,80.1469
1337500.0,75.0420
1338125.0,74.1477
1338750.0,85.5940
1339375.0,76.8863
1340000.0,72.6876
1340625.0,72.7826
1341250.0,71.8461
1341875.0,78.9309
1342500.0,74.0263
1343125.0,75.8802
1343750.0,75.1606
1344375.0,78.1577
1345000.0,215.4741
1345625.0,212.8998
1346250.0,227.5233
1346875.0,231.7608
1347500.0,228.7410
1348125.0,215.8936
1348750.0,232.6217
1349375.0,216.6316
1350000.0,73.4338
1350625.0,71.8413
1351250.0,80.3054
1351875.0,77.7880
1352500.0,77.6808
1353125.0,80.1020
1353750.0,86.0037
1354375.0,68.9562
1355000.0,72.6163
1355625.0,73.0770
1356250.0,72.1924
1356875.0,71.3375
1357500.0,74.2703
1358125.0,70.8134
1358750.0,76.6631
1359375.0,75.5949
1360000.0,77.2135
1360625.0,77.3141
1361250.0,77.6733
1361875.0,73.9922
1362500.0,83.3967
1363125.0,76.2838
1363750.0,204.0470
1364375.0,213.7233
1365000.0,205.4193
1365625.0,225.1950
1366250.0,223.6297
1366875.0,219.7302
1367500.0,247.6229
1368125.0,231.1761
1368750.0,78.1374
1369375.0,71.8899
1370000.0,71.6332
1370625.0,75.5388
1371250.0,76.0522
1371875.0,68.4017
1372500.0,74.7202
1373125.0,75.4531
1373750.0,74.5889
1374375.0,72.3335
1375000.0,73.3660
1375625.0,74.7332
1376250.0,75.7423
1376875.0,77.6801
1377500.0,79.4748
1378125.0,74.2903
1378750.0,73.6803
1379375.0,77.0500
1380000.0,77.7029
1380625.0,73.7631
1381250.0,78.3798
1381875.0,79.0930
1382500.0,239.5315
1383125.0,245.0061
1383750.0,215.2528
1384375.0,225.1564
1385000.0,225.1269
1385625.0,223.8967
1386250.0,217.6958
1386875.0,208.2874
1387500.0,75.7494
1388125.0,72.5033
1388750.0,75.7242
1389375.0,72.4065
1390000.0,71.2543
1390625.0,76.2833
1391250.0,75.9690
1391875.0,77.5839
1392500.0,83.6407
1393125.0,76.4454
1393750.0,77.2288
1394375.0,71.3376
1395000.0,70.5484
1395625.0,81.3673
1396250.0,71.9185
1396875.0,71.4643
1397500.0,75.2526
1398125.0,75.0600
1398750.0,71.9976
1399375.0,74.2503
1400000.0,80.0347
1400625.0,72.3614
1401250.0,209.3212
1401875.0,235.6042
1402500.0,230.5383
1403125.0,218.0192
1403750.0,207.2006
1404375.0,216.6230
1405000.0,224.3846
1405625.0,238.1138
1406250.0,71.4921
1406875.0,75.0814
1407500.0,77.9453
1408125.0,66.4226
1408750.0,79.2974
1409375.0,70.9422
1410000.0,76.6516
1410625.0,76.3300
1411250.0,79.4889
1411875.0,77.4770
1412500.0,66.4376
1413125.0,72.4414
1413750.0,75.9210
1414375.0,74.6649
1415000.0,77.2006
1415625.0,78.3759
1416250.0,77.6939
1416875.0,74.5922
1417500.0,68.4393
1418125.0,73.6828
1418750.0,76.9697
1419375.0,71.2890
1420000.0,232.1018
1420625.0,235.2194
1421250.0,226.4273
1421875.0,190.5325
1422500.0,210.6215
1423125.0,246.2196
1423750.0,218.8514
1424375.0,202.6784
1425000.0,80.0569
1425625.0,75.4504
1426250.0,79.5656
1426875.0,76.4441
1427500.0,77.1288
1428125.0,76.7685
1428750.0,78.0295
1429375.0,83.9859
1430000.0,79.0607
1430625.0,69.4421
1431250.0,77.0839
1431875.0,79.7034
1432500.0,79.9342
1433125.0,73.7917
1433750.0,79.7918
1434375.0,78.8976
1435000.0,85.0984
1435625.0,72.5725
1436250.0,73.4871
1436875.0,74.2459
1437500.0,73.5519
1438125.0,72.0446
1438750.0,193.9199
1439375.0,220.1096
1440000.0,229.1553
1440625.0,219.4513
1441250.0,246.7730
1441875.0,225.1505
1442500.0,239.5241
1443125.0,227.9410
1443750.0,78.5156
1444375.0,76.4527
1445000.0,80.5603
1445625.0,75.6109
1446250.0,77.2704
1446875.0,76.7811
1447500.0,74.3132
1448125.0,76.9268
1448750.0,83.8236
1449375.0,74.3806
1450000.0,76.9814
1450625.0,80.1418
1451250.0,79.6988
1451875.0,75.4442
1452500.0,66.4146
1453125.0,77.3480
1453750.0,67.0326
1454375.0,80.9417
1455000.0,76.0389
1455625.0,79.1688
1456250.0,71.9990
1456875.0,69.5470
1457500.0,227.9335
1458125.0,224.6220
1458750.0,219.4702
1459375.0,225.9524
1460000.0,256.1337
1460625.0,234.3884
1461250.0,236.8069
1461875.0,234.4943
1462500.0,80.9776
1463125.0,74.6834
1463750.0,67.6535
1464375.0,74.6890
1465000.0,78.4602
1465625.0,71.7439
1466250.0,74.7351
1466875.0,72.7920
1467500.0,81.0627
1468125.0,78.2255
1468750.0,77.8563
1469375.0,77.7434
1470000.0,75.2596
1470625.0,76.1448
1471250.0,70.9319
1471875.0,67.1571
1472500.0,75.9658
1473125.0,76.6214
1473750.0,79.9589
1474375.0,81.3239
1475000.0,81.3189
1475625.0,71.6375
1476250.0,221.0370
1476875.0,230.4038
1477500.0,253.4839
1478125.0,241.6511
1478750.0,237.5932
1479375.0,220.6374
1480000.0,215.0640
1480625.0,233.8752
1481250.0,71.2505
1481875.0,74.5011
1482500.0,74.9673
1483125.0,81.4053
1483750.0,74.0628
1484375.0,66.2040
1485000.0,77.3018
1485625.0,72.7647
1486250.0,75.5607
1486875.0,75.0731
1487500.0,74.3681
1488125.0,78.3796
1488750.0,69.6211
1489375.0,73.4509
1490000.0,77.9788
1490625.0,73.0849
1491250.0,69.3348
1491875.0,77.9205
1492500.0,79.6341
1493125.0,75.2304
1493750.0,68.0076
1494375.0,78.0615
1495000.0,206.3263
1495625.0,228.4740
1496250.0,215.0160
1496875.0,211.9518
1497500.0,220.0285
1498125.0,222.9379
1498750.0,217.7527
1499375.0,231.6229
1500000.0,73.7183
1500625.0,79.0953
1501250.0,76.4600
1501875.0,72.7702
1502500.0,72.1354
1503125.0,69.1889
1503750.0,76.4961
1504375.0,74.0632
1505000.0,66.4568
1505625.0,73.3804
1506250.0,72.0031
1506875.0,81.3403
1507500.0,68.9805
1508125.0,69.9661
1508750.0,79.5846
1509375.0,80.5150
1510000.0,72.5914
1510625.0,73.0170
1511250.0,77.7232
1511875.0,66.6268
1512500.0,68.3833
1513125.0,74.3416
1513750.0,242.4363
1514375.0,220.0980
1515000.0,226.1355
1515625.0,237.7551
1516250.0,248.7025
1516875.0,218.5105
1517500.0,224.8106
1518125.0,245.4981
1518750.0,69.6613
1519375.0,79.2740
1520000.0,71.5610
1520625.0,75.7863
1521250.0,74.4853
1521875.0,71.7883
1522500.0,71.6937
1523125.0,76.4421
1523750.0,79.1532
1524375.0,74.9109
1525000.0,75.6643
1525625.0,77.5533
1526250.0,71.7370
1526875.0,78.1886
1527500.0,78.4889
1528125.0,85.2157
1528750.0,73.9821
1529375.0,73.6730
1530000.0,78.2990
1530625.0,78.4880
1531250.0,73.3827
1531875.0,73.8801
1532500.0,231.0877
1533125.0,215.6897
1533750.0,220.3815
1534375.0,226.0079
1535000.0,236.2043
1535625.0,218.1983
1536250.0,204.2732
1536875.0,203.4383
1537500.0,70.6520
1538125.0,70.4494
1538750.0,74.8171
1539375.0,70.9179
1540000.0,72.7506
1540625.0,72.4817
1541250.0,73.7393
1541875.0,80.3858
1542500.0,77.8955
1543125.0,75.4608
1543750.0,73.6619
1544375.0,73.7667
1545000.0,76.6356
1545625.0,77.6023
1546250.0,71.9783
1546875.0,75.5375
1547500.0,67.7408
1548125.0,76.1982
1548750.0,78.2733
1549375.0,74.3441
1550000.0,82.2483
1550625.0,72.0777
1551250.0,227.4462
1551875.0,224.5970
1552500.0,223.8717
1553125.0,223.7139
1553750.0,226.2049
1554375.0,234.5395
1555000.0,240.4995
1555625.0,224.9747
1556250.0,78.4737
1556875.0,72.7543
1557500.0,78.2877
1558125.0,72.5273
1558750.0,79.5118
1559375.0,83.7341
1560000.0,74.9397
1560625.0,67.1341
1561250.0,73.3338
1561875.0,80.0442
1562500.0,77.4851
1563125.0,76.3384
1563750.0,79.2027
1564375.0,77.2264
1565000.0,79.9908
1565625.0,78.8662
1566250.0,81.1368
1566875.0,76.7527
1567500.0,78.8128
1568125.0,74.2421
1568750.0,73.1325
1569375.0,81.8345
1570000.0,227.4323
1570625.0,234.0549
1571250.0,226.3921
1571875.0,218.4017
1572500.0,225.1236
1573125.0,241.1549
1573750.0,231.2465
1574375.0,205.7459
1575000.0,74.5885
1575625.0,82.1192
1576250.0,74.5940
1576875.0,68.6122
1577500.0,82.5368
1578125.0,77.9726
1578750.0,75.1361
1579375.0,73.9998
1580000.0,79.4805
1580625.0,73.3567
1581250.0,79.7289
1581875.0,77.4441
1582500.0,76.3225
1583125.0,75.9486
1583750.0,74.7404
1584375.0,79.3421
1585000.0,72.1377
1585625.0,69.2853
1586250.0,77.7164
1586875.0,77.7798
1587500.0,77.2105
1588125.0,76.9371
1588750.0,221.3939
1589375.0,233.8592
1590000.0,224.4875
1590625.0,219.5200
1591250.0,221.4912
1591875.0,247.7322
1592500.0,205.4815
1593125.0,230.6226
1593750.0,69.0698
1594375.0,74.9920
1595000.0,73.7652
1595625.0,67.5394
1596250.0,76.8667
1596875.0,73.9673
1597500.0,67.4860
1598125.0,78.5652
1598750.0,80.8100
1599375.0,81.0178
1600000.0,76.7533
1600625.0,75.5736
1601250.0,80.4072
1601875.0,81.7426
1602500.0,79.6736
1603125.0,71.8504
1603750.0,76.1591
1604375.0,77.0570
1605000.0,68.5777
1605625.0,77.1695
1606250.0,83.9692
1606875.0,77.8126
1607500.0,241.5759
1608125.0,227.0578
1608750.0,224.1763
1609375.0,229.2893
1610000.0,215.8220
1610625.0,214.1575
1611250.0,239.2459
1611875.0,240.4389
1612500.0,71.6635
1613125.0,79.0494
1613750.0,75.0722
1614375.0,76.6811
1615000.0,77.1350
1615625.0,79.1487
1616250.0,75.7118
1616875.0,80.7163
1617500.0,76.5665
1618125.0,77.7532
1618750.0,72.2586
1619375.0,83.5381
1620000.0,77.1712
1620625.0,78.0880
1621250.0,69.3371
1621875.0,72.2984
1622500.0,80.0668
1623125.0,76.4816
1623750.0,68.1851
1624375.0,79.3144
1625000.0,73.3499
1625625.0,80.7207
1626250.0,224.0118
1626875.0,227.3030
1627500.0,238.2632
1628125.0,214.9032
1628750.0,213.8305
1629375.0,222.7894
1630000.0,234.3057
1630625.0,210.0276
1631250.0,69.1115
1631875.0,78.5054
1632500.0,73.1268
1633125.0,73.9213
1633750.0,68.3998
1634375.0,72.8402
1635000.0,75.3715
1635625.0,78.9075
1636250.0,72.4925
1636875.0,81.6483
1637500.0,72.8192
1638125.0,72.8247
1638750.0,81.1958
1639375.0,76.1972
1640000.0,73.3189
1640625.0,74.8151
1641250.0,80.5011
1641875.0,80.9276
1642500.0,72.3207
1643125.0,75.2400
1643750.0,75.7399
1644375.0,71.6819
1645000.0,224.3735
1645625.0,225.0599
1646250.0,237.8274
1646875.0,238.5835
1647500.0,221.2964
1648125.0,222.5930
1648750.0,232.4733
1649375.0,218.4166
1650000.0,77.6192
1650625.0,75.0686
1651250.0,71.7454
1651875.0,71.7927
1652500.0,80.8554
1653125.0,74.8103
1653750.0,81.5841
1654375.0,73.4636
1655000.0,76.4978
1655625.0,84.4204
1656250.0,71.4137
1656875.0,68.2452
1657500.0,80.2504
1658125.0,72.2829
1658750.0,75.3219
1659375.0,73.1911
1660000.0,76.4110
1660625.0,71.8165
1661250.0,74.7216
1661875.0,77.0958
1662500.0,71.5987
1663125.0,72.7607
1663750.0,221.0919
1664375.0,208.9258
1665000.0,220.2462
1665625.0,226.3365
1666250.0,220.5051
1666875.0,221.9470
1667500.0,224.7761
1668125.0,217.6229
1668750.0,78.0053
1669375.0,80.8136
1670000.0,73.6493
1670625.0,77.2292
1671250.0,74.4966
1671875.0,76.7779
1672500.0,81.3030
1673125.0,77.3176
1673750.0,68.7142
1674375.0,77.1116
1675000.0,80.0479
1675625.0,74.5646
1676250.0,79.1535
1676875.0,72.7983
1677500.0,69.7995
1678125.0,75.9322
1678750.0,68.7781
1679375.0,74.4961
1680000.0,80.2514
1680625.0,68.2002
1681250.0,70.5763
1681875.0,71.5092
1682500.0,224.2877
1683125.0,220.8857
1683750.0,240.7403
1684375.0,235.7364
1685000.0,230.5718
1685625.0,226.6383
1686250.0,229.4238
1686875.0,215.3027
1687500.0,78.6317
1688125.0,71.2076
1688750.0,78.5494
1689375.0,79.8718
1690000.0,76.1950
1690625.0,74.7357
1691250.0,76.9092
1691875.0,64.6121
1692500.0,76.5395
1693125.0,74.9727
1693750.0,75.2091
1694375.0,78.0636
1695000.0,75.1181
1695625.0,71.1014
1696250.0,74.8669
1696875.0,75.6547
1697500.0,75.8333
1698125.0,76.0104
1698750.0,79.3184
1699375.0,71.3056
1700000.0,76.0624
1700625.0,80.2630
1701250.0,205.4856
1701875.0,227.0210
1702500.0,218.4145
1703125.0,220.8295
1703750.0,214.8209
1704375.0,223.0926
1705000.0,245.7141
1705625.0,210.7752
1706250.0,70.9906
1706875.0,70.4917
1707500.0,81.9124
1708125.0,73.6570
1708750.0,75.3033
1709375.0,73.8815
1710000.0,71.8395
1710625.0,74.5135
1711250.0,84.6676
1711875.0,80.6481
1712500.0,72.1844
1713125.0,77.8414
1713750.0,72.2652
1714375.0,68.7031
1715000.0,79.2436
1715625.0,79.7736
1716250.0,79.3436
1716875.0,73.6286
1717500.0,74.7713
1718125.0,78.2266
1718750.0,76.8759
1719375.0,73.9160
1720000.0,206.7854
1720625.0,226.2811
1721250.0,237.1389
1721875.0,211.5271
1722500.0,232.1860
1723125.0,228.7298
1723750.0,233.4392
1724375.0,234.8097
1725000.0,72.7819
1725625.0,69.3041
1726250.0,73.3886
1726875.0,78.7520
1727500.0,73.3566
1728125.0,72.7835
1728750.0,68.5335
1729375.0,82.0075
1730000.0,78.5129
1730625.0,78.3025
1731250.0,79.0483
1731875.0,77.5742
1732500.0,74.4789
1733125.0,74.7826
1733750.0,73.7881
1734375.0,85.3330
1735000.0,77.4958
1735625.0,73.6515
1736250.0,77.1549
1736875.0,71.5890
1737500.0,81.0720
1738125.0,72.9078
1738750.0,230.6372
1739375.0,236.9922
1740000.0,229.3286
1740625.0,226.0628
1741250.0,225.1215
1741875.0,224.3650
1742500.0,218.5121
1743125.0,219.9433
1743750.0,80.9781
1744375.0,74.9908
1745000.0,72.4375
1745625.0,73.4536
1746250.0,79.5484
1746875.0,77.9470
1747500.0,77.5124
1748125.0,74.4291
1748750.0,77.5616
1749375.0,72.9738
1750000.0,74.4213
1750625.0,79.0562
1751250.0,78.6960
1751875.0,71.6982
1752500.0,72.1747
1753125.0,75.8098
1753750.0,81.9075
1754375.0,68.1783
1755000.0,76.4493
1755625.0,70.2123
1756250.0,73.0086
1756875.0,74.0261
1757500.0,220.2693
1758125.0,218.9948
1758750.0,225.0811
1759375.0,218.9784
1760000.0,208.5474
1760625.0,233.7735
1761250.0,233.4698
1761875.0,234.4857
1762500.0,69.5914
1763125.0,76.5269
1763750.0,77.9484
1764375.0,71.5124
1765000.0,75.4346
1765625.0,74.9617
1766250.0,82.3449
1766875.0,82.6554
1767500.0,69.1254
1768125.0,84.8021
1768750.0,71.9496
1769375.0,79.0971
1770000.0,79.0588
1770625.0,71.6462
1771250.0,77.2596
1771875.0,74.9946
1772500.0,77.4898
1773125.0,76.2696
1773750.0,79.9102
1774375.0,75.6843
1775000.0,74.7671
1775625.0,79.5322
1776250.0,231.5295
1776875.0,233.2329
1777500.0,217.5234
1778125.0,213.2408
1778750.0,218.6131
1779375.0,218.0158
1780000.0,233.8447
1780625.0,235.9798
1781250.0,74.8152
1781875.0,80.7946
1782500.0,80.5591
1783125.0,76.3176
1783750.0,72.3015
1784375.0,81.3392
1785000.0,75.1700
1785625.0,75.8756
1786250.0,74.1197
1786875.0,72.0455
1787500.0,69.8632
1788125.0,77.7859
1788750.0,72.4466
1789375.0,86.9344
1790000.0,71.3055
1790625.0,70.6597
1791250.0,77.3232
1791875.0,81.1655
1792500.0,75.6435
1793125.0,77.5574
1793750.0,68.4498
1794375.0,72.8458
1795000.0,212.9218
1795625.0,203.6807
1796250.0,226.3160
1796875.0,199.7682
1797500.0,210.1253
1798125.0,218.9566
1798750.0,215.6480
1799375.0,229.4596
1800000.0,76.5520
1800625.0,78.7696
1801250.0,78.2365
1801875.0,79.7009
1802500.0,75.3928
1803125.0,76.5441
1803750.0,77.3284
1804375.0,75.9340
1805000.0,73.9026
1805625.0,74.1467
1806250.0,72.3178
1806875.0,76.9895
1807500.0,75.0456
1808125.0,72.8998
1808750.0,72.9033
1809375.0,70.8368
1810000.0,79.0902
1810625.0,75.6964
1811250.0,72.1472
1811875.0,78.4482
1812500.0,73.2871
1813125.0,70.0975
1813750.0,236.4888
1814375.0,218.9577
1815000.0,220.3999
1815625.0,225.4633
1816250.0,237.8541
1816875.0,225.2254
1817500.0,211.5099
1818125.0,231.1186
1818750.0,73.5716
1819375.0,82.5175
1820000.0,75.3958
1820625.0,66.9739
1821250.0,76.7473
1821875.0,82.7311
1822500.0,81.3412
1823125.0,82.3027
1823750.0,71.5555
1824375.0,78.8388
1825000.0,72.6781
1825625.0,76.2456
1826250.0,70.6010
1826875.0,72.9704
1827500.0,72.8505
1828125.0,78.7876
1828750.0,78.4187
1829375.0,76.4436
1830000.0,70.3089
1830625.0,74.2251
1831250.0,72.5871
1831875.0,78.6787
1832500.0,238.2546
1833125.0,236.8843
1833750.0,216.5038
1834375.0,194.1803
1835000.0,205.1217
1835625.0,240.9933
1836250.0,220.4859
1836875.0,216.5543
1837500.0,81.5928
1838125.0,80.1697
1838750.0,75.4922
1839375.0,74.2939
1840000.0,74.9020
1840625.0,76.2564
1841250.0,81.4322
1841875.0,76.9927
1842500.0,78.1371
1843125.0,79.8081
1843750.0,70.9903
1844375.0,78.2458
1845000.0,74.2895
1845625.0,65.9143
1846250.0,67.3768
1846875.0,71.5617
1847500.0,77.4027
1848125.0,75.8290
1848750.0,76.0951
1849375.0,82.7551
1850000.0,70.6155
1850625.0,75.2966
1851250.0,228.4249
1851875.0,216.7169
1852500.0,225.3187
1853125.0,207.0006
1853750.0,240.8614
1854375.0,217.3318
1855000.0,247.8533
1855625.0,224.6347
1856250.0,79.2758
1856875.0,75.1990
1857500.0,75.2841
1858125.0,73.1982
1858750.0,75.8491
1859375.0,76.5989
1860000.0,72.4433
1860625.0,74.9286
1861250.0,73.0999
1861875.0,84.0697
1862500.0,75.0617
1863125.0,81.2255
1863750.0,74.6625
1864375.0,76.3775
1865000.0,70.4185
1865625.0,73.7145
1866250.0,76.1937
1866875.0,81.3792
1867500.0,76.2369
1868125.0,80.6166
1868750.0,77.8155
1869375.0,81.5353
1870000.0,224.3358
1870625.0,251.8900
1871250.0,219.5393
1871875.0,216.3773
1872500.0,211.3869
1873125.0,251.2240
1873750.0,234.2188
1874375.0,221.2411
1875000.0,80.1088
1875625.0,77.9926
1876250.0,82.8123
1876875.0,69.5647
1877500.0,74.3996
1878125.0,73.6563
1878750.0,67.9592
1879375.0,79.3974
1880000.0,74.3806
1880625.0,78.1884
1881250.0,84.2963
1881875.0,74.0683
1882500.0,73.8123
1883125.0,75.8474
1883750.0,79.1219
1884375.0,73.2635
1885000.0,73.0213
1885625.0,79.3856
1886250.0,76.8275
1886875.0,67.6914
1887500.0,70.7803
1888125.0,81.0597
1888750.0,229.5217
1889375.0,216.4253
1890000.0,223.0829
1890625.0,225.1489
1891250.0,233.2770
1891875.0,209.7195
1892500.0,215.5393
1893125.0,228.0708
1893750.0,75.0236
1894375.0,77.5559
1895000.0,70.7648
1895625.0,76.7464
1896250.0,79.5153
1896875.0,77.2353
1897500.0,75.9245
1898125.0,75.0385
1898750.0,72.2526
1899375.0,75.1286
1900000.0,80.1491
1900625.0,74.9513
1901250.0,72.0454
1901875.0,73.5442
1902500.0,76.1572
1903125.0,73.9919
1903750.0,77.2296
1904375.0,77.3711
1905000.0,78.7515
1905625.0,80.7668
1906250.0,79.1544
1906875.0,71.8779
1907500.0,214.8352
1908125.0,224.1476
1908750.0,219.9243
1909375.0,212.1938
1910000.0,220.0310
1910625.0,219.6617
1911250.0,217.4417
1911875.0,221.4474
1912500.0,79.8428
1913125.0,76.1511
1913750.0,84.7187
1914375.0,76.0428
1915000.0,74.3065
1915625.0,75.4156
1916250.0,76.3670
1916875.0,77.0409
1917500.0,83.2292
1918125.0,72.2131
1918750.0,78.6386
1919375.0,76.1832
1920000.0,69.4770
1920625.0,78.3055
1921250.0,80.1789
1921875.0,72.1684
1922500.0,75.3663
1923125.0,68.8954
1923750.0,70.6543
1924375.0,79.3511
1925000.0,73.6416
1925625.0,71.2198
1926250.0,227.5814
1926875.0,219.1229
1927500.0,219.7033
1928125.0,233.3174
1928750.0,211.9305
1929375.0,214.8146
1930000.0,226.7334
1930625.0,235.9059
1931250.0,80.0679
1931875.0,72.8927
1932500.0,78.9339
1933125.0,72.4438
1933750.0,82.2848
1934375.0,71.1257
1935000.0,80.4084
1935625.0,72.9250
1936250.0,82.9899
1936875.0,77.6293
1937500.0,71.5696
1938125.0,73.4312
1938750.0,78.3451
1939375.0,79.3685
1940000.0,75.1334
1940625.0,75.5684
1941250.0,78.2590
1941875.0,75.8969
1942500.0,70.5235
1943125.0,72.3351
1943750.0,76.2864
1944375.0,79.9824
1945000.0,243.1798
1945625.0,233.7697
1946250.0,228.2320
1946875.0,233.4242
1947500.0,217.4991
1948125.0,223.2762
1948750.0,215.7285
1949375.0,210.9516
1950000.0,76.6575
1950625.0,76.0994
1951250.0,77.9924
1951875.0,77.4588
1952500.0,76.3148
1953125.0,77.4984
1953750.0,75.2391
1954375.0,76.9566
1955000.0,72.6624
1955625.0,76.7938
1956250.0,77.9199
1956875.0,72.8753
1957500.0,75.5954
1958125.0,73.0490
1958750.0,73.4151
1959375.0,71.1590
1960000.0,80.1720
1960625.0,79.4176
1961250.0,77.4261
1961875.0,82.8352
1962500.0,74.6865
1963125.0,86.8297
1963750.0,222.4403
1964375.0,227.8709
1965000.0,220.5250
1965625.0,229.1887
1966250.0,234.4007
1966875.0,223.7184
1967500.0,244.9881
1968125.0,227.6904
1968750.0,76.4197
1969375.0,71.9731
1970000.0,76.9777
1970625.0,74.8947
1971250.0,73.1069
1971875.0,72.4727
1972500.0,85.4725
1973125.0,74.4067
1973750.0,69.9072
1974375.0,72.7677
1975000.0,75.2056
1975625.0,77.4609
1976250.0,77.4916
1976875.0,77.9508
1977500.0,72.9689
1978125.0,76.6835
1978750.0,72.0973
1979375.0,73.0639
1980000.0,71.9402
1980625.0,70.9198
1981250.0,79.4121
1981875.0,77.9961
1982500.0,235.9875
1983125.0,225.4423
1983750.0,233.7391
1984375.0,205.1855
1985000.0,234.7097
1985625.0,226.9926
1986250.0,232.0550
1986875.0,229.2753
1987500.0,71.6788
1988125.0,69.7524
1988750.0,72.7156
1989375.0,77.5297
1990000.0,78.0016
1990625.0,70.2429
1991250.0,71.7013
1991875.0,72.6734
1992500.0,74.0530
1993125.0,70.2651
1993750.0,70.0389
1994375.0,72.3017
1995000.0,75.7252
1995625.0,70.9492
1996250.0,74.9634
1996875.0,79.3907
1997500.0,70.4923
1998125.0,74.6217
1998750.0,79.2633
1999375.0,73.8231
2000000.0,73.2373
2000625.0,79.7864
2001250.0,221.5552
2001875.0,237.4256
2002500.0,229.8259
2003125.0,221.1430
2003750.0,230.3965
2004375.0,228.6051
2005000.0,236.4849
2005625.0,218.8311
2006250.0,75.5553
2006875.0,75.1681
2007500.0,78.0546
2008125.0,71.5351
2008750.0,79.2340
2009375.0,77.1581
2010000.0,70.4352
2010625.0,79.9552
2011250.0,83.8225
2011875.0,79.1769
2012500.0,80.7797
2013125.0,75.7219
2013750.0,69.1361
2014375.0,68.4477
2015000.0,76.3617
2015625.0,73.1682
2016250.0,71.9520
2016875.0,75.1634
2017500.0,77.7208
2018125.0,69.9231
2018750.0,73.7077
2019375.0,81.0922
2020000.0,212.9030
2020625.0,234.7848
2021250.0,219.5468
2021875.0,231.1402
2022500.0,237.3449
2023125.0,233.3394
2023750.0,235.2280
2024375.0,212.0446
2025000.0,79.5985
2025625.0,72.1853
2026250.0,76.3785
2026875.0,76.3736
2027500.0,77.2289
2028125.0,76.6703
2028750.0,72.2188
2029375.0,70.3110
2030000.0,78.6888
2030625.0,76.1006
2031250.0,79.7332
2031875.0,75.2314
2032500.0,70.1025
2033125.0,79.0423
2033750.0,74.0037
2034375.0,76.6894
2035000.0,72.9591
2035625.0,81.5990
2036250.0,72.0954
2036875.0,74.1279
2037500.0,75.8051
2038125.0,71.2825
2038750.0,228.7183
2039375.0,243.1340
2040000.0,219.4823
2040625.0,229.4454
2041250.0,194.0689
2041875.0,224.5620
2042500.0,221.4783
2043125.0,215.7919
2043750.0,79.4771
2044375.0,74.1701
2045000.0,74.7309
2045625.0,73.9780
2046250.0,68.1736
2046875.0,71.1324
2047500.0,79.0233
2048125.0,67.4455
2048750.0,72.5110
2049375.0,73.8931
2050000.0,81.9735
2050625.0,78.2976
2051250.0,73.2995
2051875.0,80.3180
2052500.0,72.6083
2053125.0,79.2043
2053750.0,70.2770
2054375.0,79.4462
2055000.0,73.8689
2055625.0,71.5225
2056250.0,74.5814
2056875.0,76.4456
2057500.0,219.4341
2058125.0,231.2320
2058750.0,218.4413
2059375.0,231.9792
2060000.0,229.9750
2060625.0,224.3146
2061250.0,220.0344
2061875.0,226.7048
2062500.0,77.4745
2063125.0,83.1730
2063750.0,78.9416
2064375.0,79.0795
2065000.0,87.0437
2065625.0,77.3452
2066250.0,77.2271
2066875.0,78.0541
2067500.0,71.5962
2068125.0,73.7265
2068750.0,73.4917
2069375.0,77.8415
2070000.0,74.7434
2070625.0,75.9211
2071250.0,79.4997
2071875.0,78.6541
2072500.0,74.7903
2073125.0,72.8741
2073750.0,79.6800
2074375.0,78.3176
2075000.0,69.3444
2075625.0,74.2194
2076250.0,226.8620
2076875.0,233.7618
2077500.0,235.2386
2078125.0,228.1939
2078750.0,231.5840
2079375.0,225.7215
2080000.0,217.4192
2080625.0,222.0608
2081250.0,75.4716
2081875.0,75.2693
2082500.0,68.2914
2083125.0,73.9015
2083750.0,75.6119
2084375.0,74.3392
2085000.0,74.4695
2085625.0,77.2397
2086250.0,71.3323
2086875.0,69.2623
2087500.0,74.0874
2088125.0,78.2807
2088750.0,81.7621
2089375.0,78.3486
2090000.0,69.8646
2090625.0,74.5240
2091250.0,76.3675
2091875.0,76.0695
2092500.0,77.4332
2093125.0,71.9427
2093750.0,75.6448
2094375.0,76.9846
2095000.0,234.2888
2095625.0,215.9357
2096250.0,221.1170
2096875.0,194.5821
2097500.0,218.0086
2098125.0,219.1003
2098750.0,213.5297
2099375.0,226.8631
2100000.0,75.1891
2100625.0,66.8828
2101250.0,76.2125
2101875.0,71.9002
2102500.0,77.2310
2103125.0,70.5674
2103750.0,75.5131
2104375.0,74.3325
2105000.0,76.5427
2105625.0,75.8701
2106250.0,74.4380
2106875.0,69.6083
2107500.0,69.8309
2108125.0,73.1987
2108750.0,75.3688
2109375.0,73.1069
2110000.0,77.7570
2110625.0,74.3473
2111250.0,71.7619
2111875.0,74.3516
2112500.0,76.2515
2113125.0,76.6248
2113750.0,246.1318
2114375.0,217.4748
2115000.0,224.1734
2115625.0,229.7939
2116250.0,224.7365
2116875.0,219.3680
2117500.0,207.5709
2118125.0,219.2531
2118750.0,71.3521
2119375.0,68.8907
2120000.0,72.4003
2120625.0,71.4525
2121250.0,77.6009
2121875.0,77.6661
2122500.0,71.9924
2123125.0,74.4189
2123750.0,68.3944
2124375.0,73.5363
2125000.0,76.9042
2125625.0,78.5100
2126250.0,72.7118
2126875.0,79.3655
2127500.0,69.6858
2128125.0,70.6964
2128750.0,78.0754
2129375.0,81.7001
2130000.0,77.2602
2130625.0,75.2479
2131250.0,67.1242
2131875.0,67.7754
2132500.0,226.4559
2133125.0,220.9718
2133750.0,212.5594
2134375.0,225.7372
2135000.0,226.2952
2135625.0,235.6247
2136250.0,226.5368
2136875.0,238.8194
2137500.0,75.4301
2138125.0,74.9652
2138750.0,79.4125
2139375.0,71.7113
2140000.0,86.0105
2140625.0,76.8147
2141250.0,76.8357
2141875.0,77.3796
2142500.0,82.4768
2143125.0,78.3878
2143750.0,69.3489
2144375.0,80.6911
2145000.0,74.1148
2145625.0,75.8040
2146250.0,70.5772
2146875.0,77.3838
2147500.0,72.9443
2148125.0,75.7776
2148750.0,74.3289
2149375.0,82.6573
2150000.0,82.8731
2150625.0,75.5754
2151250.0,225.7197
2151875.0,220.7988
2152500.0,237.4426
2153125.0,221.2997
2153750.0,220.2600
2154375.0,236.0092
2155000.0,218.9441
2155625.0,224.5753
2156250.0,69.4385
2156875.0,78.0548
2157500.0,82.7171
2158125.0,78.1190
2158750.0,80.9110
2159375.0,72.2102
2160000.0,76.2909
2160625.0,71.8443
2161250.0,74.5413
2161875.0,78.3112
2162500.0,75.7839
2163125.0,70.0743
2163750.0,70.4423
2164375.0,70.1930
2165000.0,77.2528
2165625.0,83.1809
2166250.0,80.5365
2166875.0,68.2521
2167500.0,80.7575
2168125.0,78.9302
2168750.0,69.5742
2169375.0,74.2569
2170000.0,237.3246
2170625.0,231.1924
2171250.0,210.2727
2171875.0,231.8708
2172500.0,200.9531
2173125.0,222.4933
2173750.0,237.8020
2174375.0,225.2069
2175000.0,73.5190
2175625.0,78.7528
2176250.0,79.0748
2176875.0,80.3388
2177500.0,78.6963
2178125.0,79.4768
2178750.0,78.1631
2179375.0,76.4010
2180000.0,75.7374
2180625.0,74.5055
2181250.0,70.8294
2181875.0,71.7985
2182500.0,74.3368
2183125.0,76.3103
2183750.0,80.8319
2184375.0,75.2424
2185000.0,79.1831
2185625.0,79.4690
2186250.0,74.5274
2186875.0,77.6420
2187500.0,74.4819
2188125.0,80.3845
2188750.0,232.1532
2189375.0,211.6071
2190000.0,226.8172
2190625.0,243.5413
2191250.0,222.9612
2191875.0,230.0368
2192500.0,231.1411
2193125.0,213.3380
2193750.0,77.3254
2194375.0,70.1452
2195000.0,73.0414
2195625.0,79.4555
2196250.0,76.7450
2196875.0,74.2521
2197500.0,77.0832
2198125.0,75.1735
2198750.0,75.4474
2199375.0,77.8762
2200000.0,72.6578
2200625.0,75.5521
2201250.0,74.2227
2201875.0,69.4223
2202500.0,71.9299
2203125.0,81.3121
2203750.0,76.8504
2204375.0,70.4101
2205000.0,69.5929
2205625.0,74.9771
2206250.0,81.2857
2206875.0,74.6959
2207500.0,239.7037
2208125.0,228.9592
2208750.0,230.3016
2209375.0,209.9731
2210000.0,235.5471
2210625.0,221.2320
2211250.0,234.7098
2211875.0,215.8406
2212500.0,76.0675
2213125.0,76.7271
2213750.0,74.8193
2214375.0,76.9251
2215000.0,74.3957
2215625.0,72.9530
2216250.0,81.4527
2216875.0,79.3546
2217500.0,72.5315
2218125.0,77.5430
2218750.0,72.6001
2219375.0,70.9337
2220000.0,79.2975
2220625.0,68.9755
2221250.0,78.8942
2221875.0,74.4472
2222500.0,74.6025
2223125.0,76.9448
2223750.0,77.5911
2224375.0,72.2847
2225000.0,78.1058
2225625.0,75.8274
2226250.0,210.8694
2226875.0,223.0889
2227500.0,240.5394
2228125.0,243.8617
2228750.0,233.0702
2229375.0,211.6086
2230000.0,230.5193
2230625.0,234.5722
2231250.0,78.1359
2231875.0,78.3593
2232500.0,76.7695
2233125.0,75.1270
2233750.0,73.1065
2234375.0,68.2448
2235000.0,76.6804
2235625.0,76.1014
2236250.0,77.5021
2236875.0,70.3575
2237500.0,77.8317
2238125.0,83.1456
2238750.0,75.6958
2239375.0,75.1675
2240000.0,76.5649
2240625.0,83.0619
2241250.0,71.5408
2241875.0,76.1661
2242500.0,72.3853
2243125.0,73.3378
2243750.0,75.2130
2244375.0,80.4794
2245000.0,245.2611
2245625.0,230.0416
2246250.0,220.7633
2246875.0,253.0433
2247500.0,220.1900
2248125.0,218.5747
2248750.0,205.0319
2249375.0,240.7060
2250000.0,79.0503
2250625.0,84.5151
2251250.0,70.1615
2251875.0,80.8973
2252500.0,75.6644
2253125.0,78.4390
2253750.0,69.1879
2254375.0,80.9347
2255000.0,78.3652
2255625.0,75.2533
2256250.0,77.8321
2256875.0,72.5141
2257500.0,73.2155
2258125.0,73.6528
2258750.0,68.4152
2259375.0,78.6488
2260000.0,79.8923
2260625.0,72.7559
2261250.0,76.7127
2261875.0,74.3989
2262500.0,76.6376
2263125.0,73.0340
2263750.0,215.0615
2264375.0,236.8358
2265000.0,224.2815
2265625.0,247.7487
2266250.0,225.5210
2266875.0,214.5816
2267500.0,238.8031
2268125.0,232.0965
2268750.0,78.1403
2269375.0,79.8886
2270000.0,72.9390
2270625.0,74.9203
2271250.0,74.7536
2271875.0,70.5339
2272500.0,74.4063
2273125.0,80.4382
2273750.0,76.2948
2274375.0,70.3253
2275000.0,69.5345
2275625.0,81.6762
2276250.0,75.0595
2276875.0,72.9593
2277500.0,74.3671
2278125.0,69.8305
2278750.0,80.7651
2279375.0,73.9182
2280000.0,80.5551
2280625.0,75.5947
2281250.0,80.7893
2281875.0,76.3677
2282500.0,234.5989
2283125.0,233.0898
2283750.0,232.0120
2284375.0,228.9143
2285000.0,222.3804
2285625.0,246.5486
2286250.0,214.7970
2286875.0,225.0485
2287500.0,75.4561
2288125.0,76.9172
2288750.0,73.7809
2289375.0,76.5866
2290000.0,74.7635
2290625.0,69.4360
2291250.0,75.4360
2291875.0,71.2509
2292500.0,68.8614
2293125.0,75.9160
2293750.0,77.2393
2294375.0,77.3857
2295000.0,77.5382
2295625.0,68.1141
2296250.0,70.2690
2296875.0,82.8402
2297500.0,71.4520
2298125.0,77.7029
2298750.0,72.8102
2299375.0,75.7004
2300000.0,73.0126
2300625.0,77.5170
2301250.0,226.5387
2301875.0,219.9567
2302500.0,213.1856
2303125.0,228.0125
2303750.0,211.3569
2304375.0,229.8092
2305000.0,254.5480
2305625.0,240.1894
2306250.0,78.1082
2306875.0,75.0773
2307500.0,68.0909
2308125.0,70.4150
2308750.0,80.2361
2309375.0,72.4226
2310000.0,72.7638
2310625.0,74.7755
2311250.0,71.3961
2311875.0,70.7751
2312500.0,75.2097
2313125.0,72.0389
2313750.0,72.6064
2314375.0,72.4549
2315000.0,77.3693
2315625.0,74.5249
2316250.0,74.7268
2316875.0,77.6505
2317500.0,74.8645
2318125.0,74.3510
2318750.0,77.1736
2319375.0,77.9191
2320000.0,223.3454
2320625.0,225.9068
2321250.0,216.2049
2321875.0,215.3173
2322500.0,233.6529
2323125.0,230.0056
2323750.0,230.1221
2324375.0,228.1596
2325000.0,75.5742
2325625.0,78.0255
2326250.0,78.9254
2326875.0,78.8353
2327500.0,75.0201
2328125.0,80.6290
2328750.0,76.2613
2329375.0,77.7841
2330000.0,76.4635
2330625.0,76.3312
2331250.0,72.6262
2331875.0,78.0441
2332500.0,86.1268
2333125.0,73.9870
2333750.0,75.6677
2334375.0,73.7178
2335000.0,73.5602
2335625.0,81.2226
2336250.0,72.8629
2336875.0,73.6127
2337500.0,69.4152
2338125.0,72.5438
2338750.0,205.7805
2339375.0,232.1078
2340000.0,256.4966
2340625.0,220.8749
2341250.0,206.2490
2341875.0,235.1250
2342500.0,216.8221
2343125.0,239.6177
2343750.0,74.3368
2344375.0,73.0181
2345000.0,74.7291
2345625.0,78.2568
2346250.0,74.5426
2346875.0,73.5273
2347500.0,74.6504
2348125.0,70.6051
2348750.0,76.8968
2349375.0,68.6640
2350000.0,73.7257
2350625.0,78.2629
2351250.0,76.5425
2351875.0,77.6255
2352500.0,75.1548
2353125.0,79.8099
2353750.0,78.8861
2354375.0,77.0820
2355000.0,78.8968
2355625.0,78.2291
2356250.0,73.7432
2356875.0,70.3335
2357500.0,229.7291
2358125.0,231.1435
2358750.0,237.2678
2359375.0,214.4664
2360000.0,214.8027
2360625.0,230.1739
2361250.0,224.1994
2361875.0,203.7852
2362500.0,76.8142
2363125.0,68.4164
2363750.0,71.8364
2364375.0,80.4958
2365000.0,82.2798
2365625.0,70.8170
2366250.0,74.1582
2366875.0,75.5607
2367500.0,82.1152
2368125.0,73.5419
2368750.0,73.6021
2369375.0,81.2387
2370000.0,73.9870
2370625.0,78.1227
2371250.0,69.8312
2371875.0,74.7545
2372500.0,69.1433
2373125.0,71.4210
2373750.0,78.5638
2374375.0,75.2119
2375000.0,74.1970
2375625.0,72.5772
2376250.0,222.5176
2376875.0,228.3875
2377500.0,236.0578
2378125.0,195.4671
2378750.0,215.6427
2379375.0,226.7898
2380000.0,223.8878
2380625.0,229.5380
2381250.0,76.4086
2381875.0,74.2506
2382500.0,73.4138
2383125.0,74.4745
2383750.0,79.7308
2384375.0,72.6403
2385000.0,75.1632
2385625.0,76.0912
2386250.0,81.2825
2386875.0,74.2678
2387500.0,79.0147
2388125.0,80.0446
2388750.0,75.1596
2389375.0,74.6056
2390000.0,74.1595
2390625.0,74.4355
2391250.0,78.6205
2391875.0,76.2709
2392500.0,76.2870
2393125.0,71.1579
2393750.0,71.7526
2394375.0,83.4808
2395000.0,222.9995
2395625.0,216.2838
2396250.0,241.0999
2396875.0,228.1703
2397500.0,231.5042
2398125.0,223.4470
2398750.0,221.4149
2399375.0,223.0922
2400000.0,70.1871
2400625.0,75.0685
2401250.0,76.5160
2401875.0,82.3762
2402500.0,75.7242
2403125.0,66.6002
2403750.0,75.0457
2404375.0,85.7279
2405000.0,78.6662
2405625.0,72.3429
2406250.0,77.6285
2406875.0,72.6026
2407500.0,70.2961
2408125.0,74.0866
2408750.0,75.7451
2409375.0,68.3420
2410000.0,71.0677
2410625.0,75.4390
2411250.0,73.8612
2411875.0,76.8884
2412500.0,70.8207
2413125.0,78.0922
2413750.0,211.6827
2414375.0,243.4808
2415000.0,205.6977
2415625.0,212.7088
2416250.0,229.6954
2416875.0,243.7226
2417500.0,228.5442
2418125.0,231.3322
2418750.0,75.4661
2419375.0,71.5305
2420000.0,73.5522
2420625.0,70.8311
2421250.0,70.5793
2421875.0,76.9146
2422500.0,71.1656
2423125.0,76.6047
2423750.0,70.4921
2424375.0,76.5174
2425000.0,73.5577
2425625.0,80.7029
2426250.0,76.6204
2426875.0,80.0589
2427500.0,72.5512
2428125.0,75.6117
2428750.0,71.7013
2429375.0,73.8407
2430000.0,74.4119
2430625.0,72.6635
2431250.0,70.8176
2431875.0,70.0710
2432500.0,198.6778
2433125.0,213.1161
2433750.0,232.0593
2434375.0,207.0169
2435000.0,209.6086
2435625.0,245.1476
2436250.0,217.8394
2436875.0,228.6118
2437500.0,77.8215
2438125.0,77.8977
2438750.0,69.6609
2439375.0,74.5289
2440000.0,69.2993
2440625.0,84.6226
2441250.0,69.3873
2441875.0,71.4496
2442500.0,71.4769
2443125.0,69.7576
2443750.0,80.4993
2444375.0,84.5326
2445000.0,73.6064
2445625.0,70.4220
2446250.0,66.9668
2446875.0,74.4797
2447500.0,74.2073
2448125.0,72.9446
2448750.0,76.2346
2449375.0,76.8898
2450000.0,76.6180
2450625.0,74.2082
2451250.0,212.6068
2451875.0,232.4906
2452500.0,225.1408
2453125.0,234.9940
2453750.0,233.8883
2454375.0,209.0052
2455000.0,208.8650
2455625.0,216.5002
2456250.0,71.4179
2456875.0,78.2473
2457500.0,76.7244
2458125.0,79.5439
2458750.0,76.8948
2459375.0,76.1866
2460000.0,79.9230
2460625.0,77.1709
2461250.0,75.6567
2461875.0,80.9813
2462500.0,75.8342
2463125.0,74.2526
2463750.0,72.2414
2464375.0,78.0504
2465000.0,80.0637
2465625.0,75.2093
2466250.0,80.3308
2466875.0,67.9730
2467500.0,75.1909
2468125.0,75.2488
2468750.0,72.6592
2469375.0,84.3872
2470000.0,224.2553
2470625.0,220.4130
2471250.0,225.2921
2471875.0,202.4683
2472500.0,216.4515
2473125.0,236.0614
2473750.0,217.9244
2474375.0,215.6752
2475000.0,80.3369
2475625.0,80.4528
2476250.0,77.3491
2476875.0,73.6842
2477500.0,74.4972
2478125.0,72.3684
2478750.0,71.6497
2479375.0,71.4625
2480000.0,73.0699
2480625.0,71.4991
2481250.0,69.5048
2481875.0,76.2271
2482500.0,76.2844
2483125.0,81.8120
2483750.0,72.8804
2484375.0,76.5163
2485000.0,76.5789
2485625.0,74.4430
2486250.0,78.2061
2486875.0,78.3226
2487500.0,76.6343
2488125.0,74.4362
2488750.0,220.9778
2489375.0,209.6128
2490000.0,215.9334
2490625.0,218.0024
2491250.0,212.3553
2491875.0,229.9491
2492500.0,238.4621
2493125.0,214.7843
2493750.0,76.4686
2494375.0,71.5014
2495000.0,74.2504
2495625.0,72.7975
2496250.0,77.6691
2496875.0,72.8410
2497500.0,79.2140
2498125.0,74.4736
2498750.0,72.9510
2499375.0,70.6750
2500000.0,76.3546
2500625.0,78.7750
2501250.0,76.4304
2501875.0,83.8404
2502500.0,80.7903
2503125.0,74.2406
2503750.0,74.2010
2504375.0,77.1708
2505000.0,72.2407
2505625.0,79.7969
2506250.0,76.7632
2506875.0,76.3669
2507500.0,232.7282
2508125.0,244.3818
2508750.0,226.9232
2509375.0,223.7283
2510000.0,241.9731
2510625.0,235.8849
2511250.0,221.3890
2511875.0,225.0583
2512500.0,76.1366
2513125.0,76.7640
2513750.0,70.2856
2514375.0,69.5848
2515000.0,72.0545
2515625.0,71.7629
2516250.0,72.9728
2516875.0,77.7929
2517500.0,74.7631
2518125.0,76.1404
2518750.0,70.7844
2519375.0,73.6596
2520000.0,77.6140
2520625.0,77.6430
2521250.0,72.6684
2521875.0,76.0095
2522500.0,83.6897
2523125.0,75.3337
2523750.0,72.7867
2524375.0,74.7449
2525000.0,75.7475
2525625.0,74.8301
2526250.0,224.6473
2526875.0,208.7612
2527500.0,214.1704
2528125.0,223.3200
2528750.0,223.1407
2529375.0,218.6304
2530000.0,223.0086
2530625.0,225.6864
2531250.0,78.7531
2531875.0,75.0260
2532500.0,76.9046
2533125.0,73.3582
2533750.0,77.5568
2534375.0,76.8165
2535000.0,78.6641
2535625.0,78.0897
2536250.0,77.6195
2536875.0,75.0290
2537500.0,76.3234
2538125.0,79.4094
2538750.0,72.9417
2539375.0,73.0309
2540000.0,76.0840
2540625.0,76.9656
2541250.0,72.2931
2541875.0,75.1181
2542500.0,75.0456
2543125.0,67.0484
2543750.0,74.5721
2544375.0,74.8069
2545000.0,223.1967
2545625.0,240.9290
2546250.0,211.3223
2546875.0,215.7230
2547500.0,195.6128
2548125.0,219.5897
2548750.0,220.5490
2549375.0,219.2628
2550000.0,79.5759
2550625.0,78.6445
2551250.0,75.6935
2551875.0,74.0028
2552500.0,79.2687
2553125.0,75.3255
2553750.0,72.3151
2554375.0,68.9297
2555000.0,73.7362
2555625.0,78.2450
2556250.0,83.9826
2556875.0,75.6323
2557500.0,72.5146
2558125.0,70.9327
2558750.0,77.4809
2559375.0,68.7474
2560000.0,77.4748
2560625.0,78.4828
2561250.0,77.0448
2561875.0,74.5719
2562500.0,77.5298
2563125.0,76.0444
2563750.0,216.2461
2564375.0,245.8171
2565000.0,221.0436
2565625.0,233.7272
2566250.0,197.7906
2566875.0,239.3603
2567500.0,241.5236
2568125.0,225.3356
2568750.0,77.5066
2569375.0,77.5056
2570000.0,72.9767
2570625.0,77.4627
2571250.0,72.3515
2571875.0,73.1050
2572500.0,79.6486
2573125.0,79.0745
2573750.0,72.7370
2574375.0,72.6344
2575000.0,72.9661
2575625.0,78.1621
2576250.0,71.6301
2576875.0,76.7448
2577500.0,78.2156
2578125.0,75.0673
2578750.0,79.2079
2579375.0,74.2528
2580000.0,74.5938
2580625.0,71.7158
2581250.0,79.2348
2581875.0,72.5102
2582500.0,228.9349
2583125.0,224.1977
2583750.0,213.1562
2584375.0,218.1476
2585000.0,240.5573
2585625.0,227.2686
2586250.0,213.6471
2586875.0,228.4349
2587500.0,74.8492
2588125.0,88.4218
2588750.0,76.4749
2589375.0,73.9650
2590000.0,80.7535
2590625.0,68.4593
2591250.0,75.7556
2591875.0,82.9190
2592500.0,74.9619
2593125.0,68.8655
2593750.0,73.9074
2594375.0,80.8835
2595000.0,76.8178
2595625.0,72.2375
2596250.0,72.8166
2596875.0,73.2899
2597500.0,76.7617
2598125.0,80.4450
2598750.0,79.3676
2599375.0,77.1192
2600000.0,70.3797
2600625.0,70.3937
2601250.0,230.9991
2601875.0,209.8635
2602500.0,222.4624
2603125.0,228.4217
2603750.0,212.2021
2604375.0,213.4770
2605000.0,223.9411
2605625.0,230.6661
2606250.0,79.4019
2606875.0,77.6886
2607500.0,75.6777
2608125.0,72.5868
2608750.0,71.3627
2609375.0,73.4740
2610000.0,76.9455
2610625.0,76.6691
2611250.0,67.4834
2611875.0,72.4380
2612500.0,79.9410
2613125.0,75.6986
2613750.0,70.0579
2614375.0,84.2814
2615000.0,75.2909
2615625.0,76.8489
2616250.0,76.9062
2616875.0,74.0142
2617500.0,72.6570
2618125.0,83.3987
2618750.0,79.1821
2619375.0,78.4987
2620000.0,231.4833
2620625.0,213.7127
2621250.0,239.3722
2621875.0,215.5148
2622500.0,228.1870
2623125.0,206.5569
2623750.0,202.0403
2624375.0,228.5808
2625000.0,72.3497
2625625.0,67.9008
2626250.0,77.4381
2626875.0,83.3927
2627500.0,80.6386
2628125.0,74.4299
2628750.0,75.4333
2629375.0,78.7467
2630000.0,79.6304
2630625.0,74.1049
2631250.0,75.5288
2631875.0,76.5333
2632500.0,77.4881
2633125.0,74.8983
2633750.0,74.9473
2634375.0,80.6020
2635000.0,79.9599
2635625.0,77.1998
2636250.0,81.8810
2636875.0,73.9431
2637500.0,81.5186
2638125.0,77.4453
2638750.0,261.7990
2639375.0,211.5846
2640000.0,217.2449
2640625.0,229.7115
2641250.0,229.4689
2641875.0,246.9391
2642500.0,217.4808
2643125.0,235.1803
2643750.0,79.7825
2644375.0,78.0565
2645000.0,71.7770
2645625.0,80.7073
2646250.0,80.0346
2646875.0,77.6604
2647500.0,76.1704
2648125.0,76.2524
2648750.0,75.1032
2649375.0,77.8158
2650000.0,75.5174
2650625.0,72.2011
2651250.0,71.4468
2651875.0,72.5648
2652500.0,76.2374
2653125.0,75.2984
2653750.0,76.2118
2654375.0,77.2881
2655000.0,73.0350
2655625.0,80.9255
2656250.0,74.3907
2656875.0,73.7660
2657500.0,230.4268
2658125.0,204.3393
2658750.0,216.1065
2659375.0,236.0371
2660000.0,205.4540
2660625.0,237.5727
2661250.0,242.0003
2661875.0,220.8436
2662500.0,76.5001
2663125.0,79.6190
2663750.0,73.6402
2664375.0,78.6715
2665000.0,72.8698
2665625.0,73.5994
2666250.0,72.3865
2666875.0,76.6918
2667500.0,79.7655
2668125.0,74.7059
2668750.0,70.6074
2669375.0,71.3182
2670000.0,76.8876
2670625.0,82.3523
2671250.0,76.8843
2671875.0,73.9414
2672500.0,78.2885
2673125.0,74.4971
2673750.0,73.9739
2674375.0,71.7866
2675000.0,80.7099
2675625.0,65.8272
2676250.0,233.9759
2676875.0,219.7829
2677500.0,220.3837
2678125.0,244.0385
2678750.0,216.9660
2679375.0,217.3492
2680000.0,223.5331
2680625.0,229.6558
2681250.0,73.7342
2681875.0,69.4666
2682500.0,72.1363
2683125.0,80.2306
2683750.0,75.6819
2684375.0,77.1006
2685000.0,74.4144
2685625.0,72.9137
2686250.0,81.7244
2686875.0,74.6905
2687500.0,73.7285
2688125.0,79.5325
2688750.0,72.6767
2689375.0,73.1579
2690000.0,75.4386
2690625.0,75.4010
2691250.0,76.3787
2691875.0,83.2856
2692500.0,76.6677
2693125.0,66.4347
2693750.0,76.6301
2694375.0,75.5428
2695000.0,225.4888
2695625.0,227.7669
2696250.0,224.6774
2696875.0,224.4081
2697500.0,231.8967
2698125.0,218.9016
2698750.0,214.3385
2699375.0,259.0175
2700000.0,72.7012
2700625.0,75.7775
2701250.0,69.7614
2701875.0,75.8391
2702500.0,71.8817
2703125.0,73.7319
2703750.0,79.3399
2704375.0,77.1795
2705000.0,77.5429
2705625.0,68.7226
2706250.0,82.3251
2706875.0,70.9066
2707500.0,81.1627
2708125.0,79.2512
2708750.0,77.5765
2709375.0,72.1767
2710000.0,75.9715
2710625.0,73.6246
2711250.0,75.5095
2711875.0,74.4580
2712500.0,67.7144
2713125.0,79.6291
2713750.0,224.0875
2714375.0,219.5460
2715000.0,218.6963
2715625.0,229.0327
2716250.0,214.9452
2716875.0,199.6293
2717500.0,229.5802
2718125.0,230.8399
2718750.0,74.6474
2719375.0,71.0724
2720000.0,75.7353
2720625.0,69.8787
2721250.0,71.5273
2721875.0,72.5699
2722500.0,78.5817
2723125.0,74.0330
2723750.0,73.7115
2724375.0,82.7692
2725000.0,76.7288
2725625.0,76.6780
2726250.0,74.0062
2726875.0,73.1517
2727500.0,67.1572
2728125.0,79.0522
2728750.0,77.0901
2729375.0,74.7245
2730000.0,74.8827
2730625.0,78.1753
2731250.0,69.5387
2731875.0,73.1761
2732500.0,212.2166
2733125.0,244.9295
2733750.0,234.8511
2734375.0,200.2197
2735000.0,207.9702
2735625.0,223.5111
2736250.0,219.6850
2736875.0,210.1007
2737500.0,82.7318
2738125.0,76.5783
2738750.0,77.1901
2739375.0,72.7911
2740000.0,78.1230
2740625.0,73.9658
2741250.0,74.3318
2741875.0,77.7035
2742500.0,69.2587
2743125.0,81.4208
2743750.0,76.0876
2744375.0,80.2292
2745000.0,71.3457
2745625.0,71.9197
2746250.0,71.0196
2746875.0,76.3436
2747500.0,75.6488
2748125.0,73.6492
2748750.0,71.5770
2749375.0,70.6249
2750000.0,75.2172
2750625.0,73.6447
2751250.0,217.2869
2751875.0,242.4048
2752500.0,224.0738
2753125.0,239.2880
2753750.0,219.0009
2754375.0,227.7537
2755000.0,224.3759
2755625.0,205.9017
2756250.0,80.7848
2756875.0,74.8905
2757500.0,78.2140
2758125.0,72.5649
2758750.0,74.7785
2759375.0,72.1320
2760000.0,80.0597
2760625.0,76.5740
2761250.0,76.7838
2761875.0,80.5204
2762500.0,79.7594
2763125.0,78.2853
2763750.0,70.0401
2764375.0,72.7773
2765000.0,71.6153
2765625.0,78.1428
2766250.0,76.0434
2766875.0,70.1578
2767500.0,74.6884
2768125.0,69.7672
2768750.0,75.1996
2769375.0,69.1592
2770000.0,230.9493
2770625.0,229.2521
2771250.0,246.4644
2771875.0,234.5386
2772500.0,220.2422
2773125.0,234.2033
2773750.0,209.2763
2774375.0,214.1722
2775000.0,76.6559
2775625.0,67.2634
2776250.0,75.2599
2776875.0,71.5536
2777500.0,75.7819
2778125.0,71.3369
2778750.0,76.9994
2779375.0,75.4729
2780000.0,80.6794
2780625.0,75.4254
2781250.0,72.5022
2781875.0,74.4692
2782500.0,70.3322
2783125.0,76.9311
2783750.0,77.6237
2784375.0,84.7089
2785000.0,73.0557
2785625.0,74.3904
2786250.0,73.2294
2786875.0,76.1997
2787500.0,76.8390
2788125.0,75.1988
2788750.0,237.2212
2789375.0,218.0590
2790000.0,236.0945
2790625.0,231.0581
2791250.0,224.8647
2791875.0,221.4570
2792500.0,252.3000
2793125.0,215.8087
2793750.0,76.5232
2794375.0,72.5717
2795000.0,82.1318
2795625.0,78.7433
2796250.0,72.8426
2796875.0,77.3325
2797500.0,76.3715
2798125.0,73.4523
2798750.0,78.2583
2799375.0,76.8677
2800000.0,76.2132
2800625.0,75.2420
2801250.0,77.0251
2801875.0,76.2648
2802500.0,75.6228
2803125.0,72.9834
2803750.0,81.7855
2804375.0,71.4399
2805000.0,77.0122
2805625.0,74.1927
2806250.0,82.0335
2806875.0,71.9939
2807500.0,216.7283
2808125.0,214.0895
2808750.0,228.6390
2809375.0,209.5532
2810000.0,219.6166
2810625.0,200.7859
2811250.0,227.7047
2811875.0,219.3726
2812500.0,69.7900
2813125.0,79.4927
2813750.0,70.4701
2814375.0,78.4045
2815000.0,72.7571
2815625.0,81.4379
2816250.0,78.2258
2816875.0,71.5997
2817500.0,71.9426
2818125.0,77.6828
2818750.0,74.4108
2819375.0,74.7616
2820000.0,80.1963
2820625.0,72.5774
2821250.0,75.7442
2821875.0,78.9989
2822500.0,78.4504
2823125.0,74.7983
2823750.0,74.3108
2824375.0,68.8447
2825000.0,71.4180
2825625.0,76.6002
2826250.0,223.4488
2826875.0,225.8429
2827500.0,236.6916
2828125.0,211.6426
2828750.0,222.3430
2829375.0,227.1230
2830000.0,217.0782
2830625.0,241.1041
2831250.0,78.8254
2831875.0,76.4938
2832500.0,82.1643
2833125.0,69.7492
2833750.0,75.3709
2834375.0,76.7811
2835000.0,71.9521
2835625.0,76.5337
2836250.0,71.2282
2836875.0,78.0034
2837500.0,79.3880
2838125.0,76.4267
2838750.0,68.4150
2839375.0,71.7552
2840000.0,77.5290
2840625.0,75.4799
2841250.0,65.2436
2841875.0,80.0855
2842500.0,75.9152
2843125.0,72.3121
2843750.0,79.1510
2844375.0,72.8457
2845000.0,217.2549
2845625.0,229.0315
2846250.0,245.0367
2846875.0,243.2654
2847500.0,229.0468
2848125.0,230.2018
2848750.0,233.9044
2849375.0,210.8589
2850000.0,77.8284
2850625.0,72.6325
2851250.0,76.6007
2851875.0,74.5424
2852500.0,77.2896
2853125.0,75.8453
2853750.0,63.8147
2854375.0,76.0744
2855000.0,77.8209
2855625.0,77.0811
2856250.0,75.0133
2856875.0,81.5909
2857500.0,76.5739
2858125.0,77.0500
2858750.0,79.3377
2859375.0,76.7670
2860000.0,72.0145
2860625.0,66.2075
2861250.0,73.6013
2861875.0,78.2688
2862500.0,74.0688
2863125.0,78.4204
2863750.0,226.6732
2864375.0,239.4907
2865000.0,221.6788
2865625.0,230.2607
2866250.0,230.6912
2866875.0,241.8930
2867500.0,205.8003
2868125.0,219.8429
2868750.0,78.5989
2869375.0,81.2280
2870000.0,76.3051
2870625.0,74.2965
2871250.0,78.2543
2871875.0,78.6750
2872500.0,74.0441
2873125.0,76.6453
2873750.0,79.8506
2874375.0,82.5270
2875000.0,78.1996
2875625.0,75.5664
2876250.0,75.1961
2876875.0,77.5014
2877500.0,74.9639
2878125.0,76.1149
2878750.0,71.4118
2879375.0,80.2899
2880000.0,71.1015
2880625.0,73.7709
2881250.0,75.7679
2881875.0,82.9060
2882500.0,220.2448
2883125.0,217.5073
2883750.0,218.8033
2884375.0,243.6626
2885000.0,193.3611
2885625.0,213.7192
2886250.0,255.7270
2886875.0,231.6474
2887500.0,71.2304
2888125.0,75.2420
2888750.0,75.6543
2889375.0,78.5899
2890000.0,82.3349
2890625.0,76.8648
2891250.0,73.3650
2891875.0,78.3673
2892500.0,72.7676
2893125.0,71.5043
2893750.0,68.7651
2894375.0,69.4995
2895000.0,72.0204
2895625.0,70.9597
2896250.0,76.5809
2896875.0,70.8783
2897500.0,63.5484
2898125.0,71.4645
2898750.0,73.6211
2899375.0,73.1175
2900000.0,81.1286
2900625.0,73.0869
2901250.0,234.9104
2901875.0,224.7864
2902500.0,224.5241
2903125.0,215.6020
2903750.0,224.3387
2904375.0,216.3927
2905000.0,226.9128
2905625.0,222.3422
2906250.0,71.8388
2906875.0,79.1394
2907500.0,77.0092
2908125.0,73.7108
2908750.0,75.9485
2909375.0,75.0840
2910000.0,72.1292
2910625.0,75.6658
2911250.0,73.0588
2911875.0,71.8376
2912500.0,69.2822
2913125.0,74.0481
2913750.0,77.5375
2914375.0,72.7811
2915000.0,84.9031
2915625.0,78.7390
2916250.0,80.3173
2916875.0,78.3981
2917500.0,82.3853
2918125.0,72.4330
2918750.0,65.7460
2919375.0,73.7181
2920000.0,231.2800
2920625.0,226.7046
2921250.0,228.0991
2921875.0,239.8602
2922500.0,229.2981
2923125.0,233.9878
2923750.0,214.4299
2924375.0,212.6768
2925000.0,81.4852
2925625.0,75.7804
2926250.0,73.0504
2926875.0,73.0573
2927500.0,72.9528
2928125.0,72.7272
2928750.0,70.5625
2929375.0,69.7434
2930000.0,74.6648
2930625.0,73.1647
2931250.0,79.5740
2931875.0,76.5049
2932500.0,76.4002
2933125.0,72.5984
2933750.0,74.9437
2934375.0,76.7610
2935000.0,78.1001
2935625.0,75.0460
2936250.0,79.4683
2936875.0,75.4301
2937500.0,78.3890
2938125.0,73.5533
2938750.0,204.6084
2939375.0,228.0190
2940000.0,233.1599
2940625.0,231.4727
2941250.0,229.7496
2941875.0,221.0784
2942500.0,215.9241
2943125.0,231.2069
2943750.0,77.0077
2944375.0,73.2854
2945000.0,79.5825
2945625.0,72.0716
2946250.0,73.2001
2946875.0,81.5693
2947500.0,78.6746
2948125.0,74.0503
2948750.0,76.4834
2949375.0,75.9836
2950000.0,65.0490
2950625.0,71.9826
2951250.0,75.2083
2951875.0,74.0556
2952500.0,76.3316
2953125.0,79.6581
2953750.0,74.1878
2954375.0,71.4126
2955000.0,76.6247
2955625.0,74.1686
2956250.0,74.8116
2956875.0,74.3000
2957500.0,250.2207
2958125.0,199.7921
2958750.0,220.6312
2959375.0,224.9585
2960000.0,216.2121
2960625.0,235.1230
2961250.0,234.1491
2961875.0,224.4628
2962500.0,74.3796
2963125.0,74.9779
2963750.0,75.0050
2964375.0,75.1045
2965000.0,74.6912
2965625.0,76.3517
2966250.0,78.2396
2966875.0,70.7619
2967500.0,71.4390
2968125.0,68.8081
2968750.0,78.6663
2969375.0,76.3437
2970000.0,77.3049
2970625.0,70.0108
2971250.0,82.1293
2971875.0,73.1046
2972500.0,76.0341
2973125.0,78.6210
2973750.0,71.6791
2974375.0,73.3404
2975000.0,76.0755
2975625.0,86.1727
2976250.0,228.3877
2976875.0,243.0716
2977500.0,238.5638
2978125.0,229.1401
2978750.0,213.8715
2979375.0,236.9222
2980000.0,208.1463
2980625.0,243.0098
2981250.0,76.1540
2981875.0,65.4087
2982500.0,74.1163
2983125.0,77.8654
2983750.0,74.5064
2984375.0,78.0956
2985000.0,72.1954
2985625.0,70.4764
2986250.0,75.1307
2986875.0,75.5190
2987500.0,74.0866
2988125.0,80.0269
2988750.0,72.1947
2989375.0,76.5806
2990000.0,75.6562
2990625.0,69.5312
2991250.0,70.4273
2991875.0,75.4449
2992500.0,82.8691
2993125.0,77.5838
2993750.0,68.8944
2994375.0,63.6735
2995000.0,233.2469
2995625.0,223.9176
2996250.0,237.8392
2996875.0,215.0919
2997500.0,228.9399
2998125.0,234.5195
2998750.0,219.9660
2999375.0,220.2065
3000000.0,75.4952
3000625.0,77.4459
3001250.0,75.3460
3001875.0,79.0720
3002500.0,73.6585
3003125.0,70.3920
3003750.0,82.8532
3004375.0,73.1205
3005000.0,73.2570
3005625.0,75.1519
3006250.0,75.6533
3006875.0,73.9422
3007500.0,75.3343
3008125.0,75.2501
3008750.0,76.0591
3009375.0,66.5123
3010000.0,82.4909
3010625.0,74.8447
3011250.0,77.5889
3011875.0,70.2046
3012500.0,73.6243
3013125.0,72.8654
3013750.0,241.5344
3014375.0,218.4096
3015000.0,233.5284
3015625.0,217.6828
3016250.0,219.9080
3016875.0,222.2376
3017500.0,239.4433
3018125.0,203.7392
3018750.0,70.4399
3019375.0,68.0587
3020000.0,71.3001
3020625.0,72.3403
3021250.0,69.3134
3021875.0,72.6323
3022500.0,67.8045
3023125.0,71.5622
3023750.0,79.9256
3024375.0,76.9215
3025000.0,76.1068
3025625.0,71.6195
3026250.0,69.6090
3026875.0,71.1054
3027500.0,75.2371
3028125.0,78.6730
3028750.0,78.8019
3029375.0,77.7774
3030000.0,72.6194
3030625.0,75.4926
3031250.0,74.1885
3031875.0,74.6415
3032500.0,247.9177
3033125.0,205.1775
3033750.0,222.3599
3034375.0,238.6322
3035000.0,208.5087
3035625.0,217.7578
3036250.0,219.0483
3036875.0,222.4880
3037500.0,69.3832
3038125.0,77.6442
3038750.0,77.9119
3039375.0,77.3166
3040000.0,72.1187
3040625.0,75.7261
3041250.0,72.0091
3041875.0,74.1461
3042500.0,83.5186
3043125.0,75.7608
3043750.0,70.9230
3044375.0,76.0799
3045000.0,70.3037
3045625.0,70.8797
3046250.0,71.4750
3046875.0,73.7250
3047500.0,78.9324
3048125.0,77.5806
3048750.0,77.3717
3049375.0,71.2571
3050000.0,73.3592
3050625.0,76.4254
3051250.0,217.9314
3051875.0,221.8684
3052500.0,229.9653
3053125.0,221.0763
3053750.0,227.5432
3054375.0,242.9182
3055000.0,223.0666
3055625.0,238.2676
3056250.0,77.5088
3056875.0,69.8685
3057500.0,71.2449
3058125.0,72.2573
3058750.0,72.1773
3059375.0,75.0596
3060000.0,77.7172
3060625.0,80.1319
3061250.0,76.5618
3061875.0,73.7198
3062500.0,67.5500
3063125.0,75.6661
3063750.0,75.4972
3064375.0,76.0896
3065000.0,83.3405
3065625.0,80.0770
3066250.0,78.3597
3066875.0,71.7730
3067500.0,73.4660
3068125.0,75.0424
3068750.0,72.4767
3069375.0,77.2868
3070000.0,229.0152
3070625.0,212.7565
3071250.0,238.4642
3071875.0,226.1510
3072500.0,205.5479
3073125.0,224.4224
3073750.0,228.1636
3074375.0,235.9439
3075000.0,74.1277
3075625.0,78.5213
3076250.0,76.1055
3076875.0,70.4422
3077500.0,70.0648
3078125.0,79.6321
3078750.0,79.9089
3079375.0,76.6174
3080000.0,81.0388
3080625.0,79.3834
3081250.0,77.9773
3081875.0,71.9644
3082500.0,81.9275
3083125.0,77.4219
3083750.0,73.9454
3084375.0,72.8806
3085000.0,76.3681
3085625.0,69.1001
3086250.0,78.0378
3086875.0,71.8050
3087500.0,76.7972
3088125.0,73.4335
3088750.0,222.0253
3089375.0,216.4848
3090000.0,223.1862
3090625.0,246.2555
3091250.0,240.5819
3091875.0,228.9879
3092500.0,224.7154
3093125.0,234.4973
3093750.0,79.6600
3094375.0,72.2716
3095000.0,75.1081
3095625.0,68.5312
3096250.0,79.6341
3096875.0,83.1851
3097500.0,75.7019
3098125.0,67.3887
3098750.0,77.6955
3099375.0,71.9916
3100000.0,72.8992
3100625.0,77.7622
3101250.0,76.3597
3101875.0,73.5598
3102500.0,72.9510
3103125.0,75.8744
3103750.0,73.8563
3104375.0,71.2182
3105000.0,74.1462
3105625.0,76.6803
3106250.0,74.7285
3106875.0,70.0711
3107500.0,236.1270
3108125.0,194.1884
3108750.0,219.9784
3109375.0,218.0228
3110000.0,226.6670
3110625.0,231.3187
3111250.0,237.6761
3111875.0,216.9854
3112500.0,77.6114
3113125.0,76.1382
3113750.0,68.9475
3114375.0,82.5650
3115000.0,69.9758
3115625.0,76.9815
3116250.0,76.8701
3116875.0,76.4392
3117500.0,73.5354
3118125.0,78.5187
3118750.0,69.5174
3119375.0,75.1518
3120000.0,73.2742
3120625.0,72.8466
3121250.0,77.0164
3121875.0,79.4621
3122500.0,74.1059
3123125.0,78.3432
3123750.0,75.5875
3124375.0,72.0344
3125000.0,74.4275
3125625.0,74.2709
3126250.0,217.1626
3126875.0,229.8204
3127500.0,227.6398
3128125.0,207.1052
3128750.0,206.4203
3129375.0,229.7777
3130000.0,215.8280
3130625.0,228.3980
3131250.0,78.3441
3131875.0,70.6085
3132500.0,70.0785
3133125.0,81.7126
3133750.0,76.7254
3134375.0,73.8195
3135000.0,71.8790
3135625.0,73.4756
3136250.0,70.9115
3136875.0,78.7305
3137500.0,72.4716
3138125.0,79.5226
3138750.0,73.8896
3139375.0,71.4666
3140000.0,73.7928
3140625.0,65.5069
3141250.0,74.9447
3141875.0,74.7587
3142500.0,78.5093
3143125.0,68.2886
3143750.0,79.7802
3144375.0,78.4937
3145000.0,239.0855
3145625.0,224.4069
3146250.0,236.4063
3146875.0,208.4485
3147500.0,233.0218
3148125.0,216.3244
3148750.0,206.4217
3149375.0,212.3534
3150000.0,75.4209
3150625.0,72.2924
3151250.0,76.8178
3151875.0,68.5829
3152500.0,67.3808
3153125.0,80.5739
3153750.0,78.8073
3154375.0,71.4442
3155000.0,75.3887
3155625.0,79.2435
3156250.0,76.9804
3156875.0,75.9588
3157500.0,79.5287
3158125.0,72.6452
3158750.0,75.5175
3159375.0,75.3327
3160000.0,74.3717
3160625.0,73.9304
3161250.0,75.6747
3161875.0,75.5297
3162500.0,71.4474
3163125.0,78.4228
3163750.0,214.0157
3164375.0,222.5449
3165000.0,221.6781
3165625.0,229.0287
3166250.0,201.1601
3166875.0,235.0227
3167500.0,217.3839
3168125.0,238.7246
3168750.0,73.5973
3169375.0,75.2159
3170000.0,82.6150
3170625.0,74.3544
3171250.0,80.0705
3171875.0,75.5472
3172500.0,76.9661
3173125.0,75.6637
3173750.0,78.5964
3174375.0,72.8155
3175000.0,71.6901
3175625.0,72.9926
3176250.0,75.7759
3176875.0,74.5675
3177500.0,78.0777
3178125.0,80.3188
3178750.0,71.7211
3179375.0,72.6330
3180000.0,69.9854
3180625.0,83.0545
3181250.0,76.5486
3181875.0,77.2089
3182500.0,209.9227
3183125.0,224.9868
3183750.0,230.7290
3184375.0,222.1565
3185000.0,237.1017
3185625.0,251.0081
3186250.0,214.3455
3186875.0,213.5015
3187500.0,72.0909
3188125.0,81.4554
3188750.0,79.3297
3189375.0,74.8891
3190000.0,75.5378
3190625.0,72.3216
3191250.0,78.7554
3191875.0,73.9678
3192500.0,74.4195
3193125.0,77.6951
3193750.0,74.6913
3194375.0,74.5142
3195000.0,75.4399
3195625.0,78.3985
3196250.0,81.6073
3196875.0,77.6073
3197500.0,78.4285
3198125.0,74.6466
3198750.0,72.7316
3199375.0,77.8655
3200000.0,76.0456
3200625.0,70.0367
3201250.0,221.3092
3201875.0,224.0674
3202500.0,219.2573
3203125.0,241.6695
3203750.0,230.3982
3204375.0,240.4482
3205000.0,227.9635
3205625.0,225.9156
3206250.0,71.8690
3206875.0,75.4450
3207500.0,75.4492
3208125.0,70.2460
3208750.0,73.3660
3209375.0,74.1812
3210000.0,76.9588
3210625.0,77.1393
3211250.0,73.2084
3211875.0,77.1676
3212500.0,74.7136
3213125.0,64.5815
3213750.0,73.5727
3214375.0,79.4678
3215000.0,69.0596
3215625.0,75.8248
3216250.0,81.3764
3216875.0,72.5325
3217500.0,75.4081
3218125.0,70.4839
3218750.0,81.5347
3219375.0,75.0858
3220000.0,225.5246
3220625.0,240.2359
3221250.0,232.4416
3221875.0,215.1492
3222500.0,217.7181
3223125.0,230.5680
3223750.0,217.9786
3224375.0,201.1810
3225000.0,75.1993
3225625.0,69.8196
3226250.0,81.4934
3226875.0,76.0665
3227500.0,71.9875
3228125.0,72.7662
3228750.0,68.2770
3229375.0,71.2550
3230000.0,79.2315
3230625.0,83.8138
3231250.0,78.1385
3231875.0,75.0530
3232500.0,73.7715
3233125.0,71.7940
3233750.0,83.1653
3234375.0,74.6884
3235000.0,83.3759
3235625.0,80.6536
3236250.0,68.8372
3236875.0,72.8894
3237500.0,72.8777
3238125.0,75.0990
3238750.0,224.3215
3239375.0,258.7077
3240000.0,212.8812
3240625.0,227.5759
3241250.0,231.9357
3241875.0,224.9823
3242500.0,226.2395
3243125.0,213.2459
3243750.0,75.8015
3244375.0,77.3280
3245000.0,76.6351
3245625.0,77.5497
3246250.0,80.7255
3246875.0,78.9324
3247500.0,75.6688
3248125.0,70.9825
3248750.0,73.1380
3249375.0,74.5720
3250000.0,76.3513
3250625.0,73.5967
3251250.0,71.8723
3251875.0,70.9205
3252500.0,69.1751
3253125.0,74.5142
3253750.0,69.8594
3254375.0,71.6280
3255000.0,73.9150
3255625.0,70.3636
3256250.0,76.8317
3256875.0,78.1906
3257500.0,218.8189
3258125.0,220.0834
3258750.0,231.0461
3259375.0,216.9676
3260000.0,216.1942
3260625.0,238.4606
3261250.0,234.9471
3261875.0,231.7674
3262500.0,78.8897
3263125.0,67.9457
3263750.0,80.5040
3264375.0,76.8781
3265000.0,79.2106
3265625.0,76.8596
3266250.0,75.5844
3266875.0,74.3621
3267500.0,76.7841
3268125.0,74.2247
3268750.0,78.6719
3269375.0,69.4191
3270000.0,73.3583
3270625.0,83.1090
3271250.0,73.0397
3271875.0,74.5002
3272500.0,72.0727
3273125.0,76.6661
3273750.0,72.6243
3274375.0,74.7002
3275000.0,78.6002
3275625.0,72.7657
3276250.0,233.8719
3276875.0,234.2501
3277500.0,236.8683
3278125.0,226.5811
3278750.0,261.4642
3279375.0,236.8635
3280000.0,228.6549
3280625.0,215.1459
3281250.0,75.0341
3281875.0,80.7773
3282500.0,81.8449
3283125.0,80.9733
3283750.0,78.3602
3284375.0,70.6662
3285000.0,77.2366
3285625.0,70.7199
3286250.0,69.7922
3286875.0,76.3016
3287500.0,77.3725
3288125.0,78.8057
3288750.0,77.2742
3289375.0,77.4041
3290000.0,71.6879
3290625.0,75.0042
3291250.0,69.7182
3291875.0,67.8473
3292500.0,78.1922
3293125.0,72.5607
3293750.0,78.6893
3294375.0,79.5785
3295000.0,218.0327
3295625.0,231.6410
3296250.0,217.5620
3296875.0,204.2339
3297500.0,226.3872
3298125.0,219.7027
3298750.0,220.0490
3299375.0,247.2226
3300000.0,69.6475
3300625.0,76.8434
3301250.0,71.6496
3301875.0,78.8241
3302500.0,76.5251
3303125.0,76.8301
3303750.0,71.8378
3304375.0,72.5137
3305000.0,78.8957
3305625.0,82.0759
3306250.0,77.2108
3306875.0,72.0167
3307500.0,76.6778
3308125.0,84.5516
3308750.0,75.7861
3309375.0,80.9111
3310000.0,72.6090
3310625.0,75.2413
3311250.0,77.7358
3311875.0,76.8979
3312500.0,72.5107
3313125.0,72.3481
3313750.0,236.1182
3314375.0,238.4049
3315000.0,242.0116
3315625.0,245.2942
3316250.0,226.5145
3316875.0,221.4990
3317500.0,240.1986
3318125.0,233.0220
3318750.0,71.6961
3319375.0,71.5032
3320000.0,77.2546
3320625.0,74.7317
3321250.0,75.3004
3321875.0,79.4435
3322500.0,78.2616
3323125.0,80.4136
3323750.0,68.1181
3324375.0,76.3553
3325000.0,78.0190
3325625.0,69.6448
3326250.0,72.9310
3326875.0,72.2314
3327500.0,75.4818
3328125.0,81.5370
3328750.0,83.0252
3329375.0,72.3301
3330000.0,77.3851
3330625.0,77.5067
3331250.0,76.8613
3331875.0,76.9042
3332500.0,228.4171
3333125.0,243.9852
3333750.0,237.4027
3334375.0,213.0733
3335000.0,233.9519
3335625.0,235.0392
3336250.0,228.5434
3336875.0,237.7285
3337500.0,76.1090
3338125.0,76.1558
3338750.0,75.8571
3339375.0,67.7912
3340000.0,75.0969
3340625.0,72.8807
3341250.0,70.9271
3341875.0,80.8062
3342500.0,77.3009
3343125.0,75.2875
3343750.0,73.2707
3344375.0,76.5166
3345000.0,79.1377
3345625.0,72.2823
3346250.0,75.3818
3346875.0,78.6726
3347500.0,68.1013
3348125.0,75.1830
3348750.0,73.7816
3349375.0,74.8955
3350000.0,73.5089
3350625.0,75.9188
3351250.0,246.6408
3351875.0,221.3559
3352500.0,228.2817
3353125.0,247.4409
3353750.0,218.8123
3354375.0,245.4151
3355000.0,225.0599
3355625.0,245.0463
3356250.0,78.2283
3356875.0,76.5578
3357500.0,75.1526
3358125.0,73.0474
3358750.0,75.6857
3359375.0,78.7831
3360000.0,75.3506
3360625.0,74.2063
3361250.0,74.4545
3361875.0,79.1416
3362500.0,80.0189
3363125.0,72.8848
3363750.0,72.8794
3364375.0,76.8302
3365000.0,81.1588
3365625.0,79.7204
3366250.0,70.6805
3366875.0,74.4044
3367500.0,71.8916
3368125.0,74.3915
3368750.0,81.4486
3369375.0,70.0368
3370000.0,206.7878
3370625.0,215.6788
3371250.0,228.2322
3371875.0,231.9835
3372500.0,229.9213
3373125.0,238.2265
3373750.0,205.1653
3374375.0,238.3688
3375000.0,74.2234
3375625.0,78.1577
3376250.0,70.4107
3376875.0,75.4187
3377500.0,76.2907
3378125.0,79.7572
3378750.0,69.4236
3379375.0,75.5159
3380000.0,71.3087
3380625.0,77.3057
3381250.0,78.3301
3381875.0,80.2526
3382500.0,73.3829
3383125.0,78.8956
3383750.0,80.5306
3384375.0,69.2050
3385000.0,77.7085
3385625.0,79.0136
3386250.0,74.4246
3386875.0,70.8354
3387500.0,78.9549
3388125.0,70.8779
3388750.0,222.9935
3389375.0,224.5486
3390000.0,233.0498
3390625.0,217.9504
3391250.0,217.2984
3391875.0,226.1128
3392500.0,236.3219
3393125.0,250.7338
3393750.0,69.7168
3394375.0,76.5888
3395000.0,71.3038
3395625.0,79.2409
3396250.0,71.8617
3396875.0,72.8566
3397500.0,73.1784
3398125.0,75.1127
3398750.0,76.6185
3399375.0,77.2236
3400000.0,75.3783
3400625.0,70.3863
3401250.0,78.1438
3401875.0,75.2003
3402500.0,79.7797
3403125.0,72.7318
3403750.0,69.3594
3404375.0,75.2717
3405000.0,80.2857
3405625.0,76.0068
3406250.0,74.6472
3406875.0,72.1188
3407500.0,244.7749
3408125.0,213.4170
3408750.0,216.8393
3409375.0,231.4129
3410000.0,204.1198
3410625.0,239.3391
3411250.0,232.0222
3411875.0,235.1163
3412500.0,77.5041
3413125.0,74.7926
3413750.0,71.3919
3414375.0,74.8719
3415000.0,71.7234
3415625.0,77.2328
3416250.0,78.4416
3416875.0,80.9676
3417500.0,76.8016
3418125.0,78.8856
3418750.0,74.2798
3419375.0,73.5969
3420000.0,77.1857
3420625.0,73.9430
3421250.0,76.4148
3421875.0,71.3993
3422500.0,72.0763
3423125.0,77.7955
3423750.0,78.7428
3424375.0,71.6841
3425000.0,77.9282
3425625.0,73.3916
3426250.0,225.1857
3426875.0,240.9406
3427500.0,234.0842
3428125.0,233.9536
3428750.0,246.4739
3429375.0,217.0814
3430000.0,213.9089
3430625.0,216.8761
3431250.0,74.4405
3431875.0,66.5233
3432500.0,74.6180
3433125.0,73.3470
3433750.0,78.3548
3434375.0,76.7286
3435000.0,73.1354
3435625.0,77.6242
3436250.0,78.1267
3436875.0,72.5026
3437500.0,73.5413
3438125.0,67.0104
3438750.0,71.2882
3439375.0,72.6009
3440000.0,75.6796
3440625.0,71.8359
3441250.0,73.4643
3441875.0,70.7805
3442500.0,76.0451
3443125.0,77.0049
3443750.0,76.9169
3444375.0,75.4466
3445000.0,207.6629
3445625.0,218.0255
3446250.0,220.4178
3446875.0,220.4629
3447500.0,225.8435
3448125.0,241.0373
3448750.0,234.1361
3449375.0,213.8904
3450000.0,77.9576
3450625.0,77.8139
3451250.0,72.3611
3451875.0,78.6002
3452500.0,74.7954
3453125.0,70.0845
3453750.0,77.1161
3454375.0,76.2179
3455000.0,74.5417
3455625.0,75.2588
3456250.0,72.6890
3456875.0,77.7002
3457500.0,75.2362
3458125.0,76.0275
3458750.0,76.7464
3459375.0,71.0472
3460000.0,72.0286
3460625.0,67.0685
3461250.0,77.5291
3461875.0,70.8300
3462500.0,75.8998
3463125.0,76.7986
3463750.0,231.7765
3464375.0,211.4548
3465000.0,224.2669
3465625.0,243.7907
3466250.0,244.2860
3466875.0,236.1074
3467500.0,228.7968
3468125.0,213.6926
3468750.0,78.1092
3469375.0,74.8043
3470000.0,77.5132
3470625.0,73.0142
3471250.0,74.7480
3471875.0,76.0188
3472500.0,76.3285
3473125.0,77.2613
3473750.0,73.2164
3474375.0,70.3358
3475000.0,81.5254
3475625.0,84.7845
3476250.0,77.0868
3476875.0,70.4085
3477500.0,72.4851
3478125.0,77.3194
3478750.0,80.4560
3479375.0,70.8274
3480000.0,74.9313
3480625.0,76.1387
3481250.0,78.6595
3481875.0,74.1046
3482500.0,207.4071
3483125.0,231.9885
3483750.0,237.6540
3484375.0,224.0708
3485000.0,229.5590
3485625.0,219.6620
3486250.0,215.4851
3486875.0,236.5473
3487500.0,76.8609
3488125.0,77.2487
3488750.0,81.0630
3489375.0,71.4232
3490000.0,73.3189
3490625.0,75.9954
3491250.0,73.2725
3491875.0,78.3524
3492500.0,74.6935
3493125.0,71.6582
3493750.0,75.6480
3494375.0,76.0422
3495000.0,78.9238
3495625.0,76.8821
3496250.0,77.1385
3496875.0,76.6075
3497500.0,74.6904
3498125.0,72.6999
3498750.0,76.4889
3499375.0,74.1441
3500000.0,81.7706
3500625.0,80.4600
3501250.0,232.1194
3501875.0,229.2578
3502500.0,224.0105
3503125.0,210.8124
3503750.0,222.5681
3504375.0,226.1408
3505000.0,227.5814
3505625.0,230.2823
3506250.0,78.8734
3506875.0,72.7906
3507500.0,72.8248
3508125.0,80.8697
3508750.0,78.3066
3509375.0,73.9268
3510000.0,74.9958
3510625.0,75.0128
3511250.0,75.5190
3511875.0,77.1820
3512500.0,84.9569
3513125.0,76.1154
3513750.0,77.8980
3514375.0,69.0420
3515000.0,73.5719
3515625.0,80.0326
3516250.0,76.9167
3516875.0,58.8530
3517500.0,77.9411
3518125.0,82.6315
3518750.0,67.8754
3519375.0,81.1281
3520000.0,193.8155
3520625.0,235.5525
3521250.0,224.9027
3521875.0,198.5628
3522500.0,230.0191
3523125.0,237.9469
3523750.0,229.0937
3524375.0,231.5793
3525000.0,73.8480
3525625.0,68.3826
3526250.0,78.0083
3526875.0,81.9966
3527500.0,79.6585
3528125.0,67.9057
3528750.0,69.6888
3529375.0,72.2107
3530000.0,69.3945
3530625.0,75.5666
3531250.0,76.8832
3531875.0,70.0079
3532500.0,78.3298
3533125.0,77.6662
3533750.0,73.3334
3534375.0,74.7496
3535000.0,68.0492
3535625.0,74.1474
3536250.0,75.4278
3536875.0,76.0362
3537500.0,76.8284
3538125.0,76.3208
3538750.0,222.0261
3539375.0,228.2197
3540000.0,236.2729
3540625.0,223.9256
3541250.0,228.5729
3541875.0,222.9056
3542500.0,217.7240
3543125.0,230.8824
3543750.0,73.3068
3544375.0,76.8558
3545000.0,75.5065
3545625.0,74.2542
3546250.0,74.1629
3546875.0,73.4844
3547500.0,69.1953
3548125.0,76.8435
3548750.0,76.2729
3549375.0,78.6033
3550000.0,73.3964
3550625.0,82.5456
3551250.0,73.9684
3551875.0,72.1008
3552500.0,71.6538
3553125.0,68.8631
3553750.0,81.1780
3554375.0,80.5689
3555000.0,77.6648
3555625.0,72.0217
3556250.0,82.2285
3556875.0,74.0740
3557500.0,221.9735
3558125.0,241.1692
3558750.0,232.4127
3559375.0,249.7624
3560000.0,227.7981
3560625.0,220.5334
3561250.0,218.1172
3561875.0,204.2213
3562500.0,74.3497
3563125.0,79.7151
3563750.0,77.6576
3564375.0,75.4766
3565000.0,71.6491
3565625.0,76.2553
3566250.0,79.2183
3566875.0,77.0238
3567500.0,76.0286
3568125.0,72.3955
3568750.0,78.6693
3569375.0,63.5927
3570000.0,76.8433
3570625.0,85.0901
3571250.0,69.7134
3571875.0,74.4900
3572500.0,75.3702
3573125.0,73.6561
3573750.0,79.3071
3574375.0,77.1811
3575000.0,75.9742
3575625.0,78.4057
3576250.0,225.1884
3576875.0,260.7735
3577500.0,226.7027
3578125.0,227.1969
3578750.0,205.7572
3579375.0,218.8862
3580000.0,237.9080
3580625.0,209.9761
3581250.0,67.2660
3581875.0,75.5218
3582500.0,80.5677
3583125.0,75.5598
3583750.0,74.1328
3584375.0,68.3935
3585000.0,77.1050
3585625.0,77.8930
3586250.0,68.6829
3586875.0,79.6772
3587500.0,78.2867
3588125.0,79.6688
3588750.0,77.5999
3589375.0,77.8644
3590000.0,77.3631
3590625.0,78.6741
3591250.0,68.5433
3591875.0,69.7410
3592500.0,72.6253
3593125.0,74.9106
3593750.0,76.8633
3594375.0,76.6240
3595000.0,237.5674
3595625.0,237.9206
3596250.0,215.1857
3596875.0,227.6840
3597500.0,215.4619
3598125.0,222.8822
3598750.0,228.6202
3599375.0,186.6520
3600000.0,84.4904
3600625.0,77.5354
3601250.0,73.1542
3601875.0,82.6662
3602500.0,74.0902
3603125.0,75.8996
3603750.0,73.5636
3604375.0,81.6280
3605000.0,75.0042
3605625.0,75.9636
3606250.0,79.9383
3606875.0,77.6060
3607500.0,75.1951
3608125.0,79.5862
3608750.0,84.9701
3609375.0,76.5966
3610000.0,75.8402
3610625.0,76.0433
3611250.0,80.3403
3611875.0,73.1410
3612500.0,74.3507
3613125.0,69.6038
3613750.0,211.6815
3614375.0,219.1747
3615000.0,224.3707
3615625.0,244.9022
3616250.0,231.0299
3616875.0,214.7391
3617500.0,216.8102
3618125.0,240.4659
3618750.0,79.6473
3619375.0,75.5061
3620000.0,73.7317
3620625.0,79.6410
3621250.0,71.6552
3621875.0,76.8780
3622500.0,83.9679
3623125.0,76.1742
3623750.0,72.4760
3624375.0,76.9471
3625000.0,73.6281
3625625.0,70.1442
3626250.0,78.0429
3626875.0,79.6142
3627500.0,74.2279
3628125.0,73.9778
3628750.0,71.7749
3629375.0,74.8347
3630000.0,73.2799
3630625.0,71.5884
3631250.0,82.5335
3631875.0,77.1587
3632500.0,231.4394
3633125.0,234.9382
3633750.0,233.6742
3634375.0,220.3525
3635000.0,228.0662
3635625.0,221.9734
3636250.0,229.9327
3636875.0,228.8440
3637500.0,73.9574
3638125.0,70.3885
3638750.0,75.9513
3639375.0,74.6299
3640000.0,68.2733
3640625.0,77.3139
3641250.0,79.0393
3641875.0,84.9319
3642500.0,73.9252
3643125.0,73.3691
3643750.0,71.2175
3644375.0,76.1866
3645000.0,76.1627
3645625.0,72.3414
3646250.0,74.7405
3646875.0,67.9404
3647500.0,78.8924
3648125.0,72.4945
3648750.0,75.2693
3649375.0,70.0214
3650000.0,73.2045
3650625.0,74.3459
3651250.0,224.8730
3651875.0,230.3970
3652500.0,241.1896
3653125.0,233.2430
3653750.0,235.8244
3654375.0,241.2687
3655000.0,231.4092
3655625.0,224.5870
3656250.0,79.2044
3656875.0,79.4452
3657500.0,77.8451
3658125.0,69.9161
3658750.0,72.2277
3659375.0,74.3638
3660000.0,78.3392
3660625.0,75.3195
3661250.0,79.6860
3661875.0,80.3584
3662500.0,79.9209
3663125.0,79.9449
3663750.0,71.4905
3664375.0,77.2195
3665000.0,73.1096
3665625.0,69.1830
3666250.0,74.3162
3666875.0,80.3943
3667500.0,77.1370
3668125.0,83.0071
3668750.0,76.0682
3669375.0,84.6282
3670000.0,226.9971
3670625.0,225.2529
3671250.0,210.6069
3671875.0,237.4938
3672500.0,219.3511
3673125.0,217.7207
3673750.0,239.4138
3674375.0,238.0300
3675000.0,79.6678
3675625.0,74.0345
3676250.0,75.2078
3676875.0,75.1743
3677500.0,78.3501
3678125.0,81.2569
3678750.0,76.7879
3679375.0,82.8453
3680000.0,78.7824
3680625.0,74.5148
3681250.0,78.5242
3681875.0,81.8314
3682500.0,82.9335
3683125.0,79.8746
3683750.0,75.4968
3684375.0,74.5831
3685000.0,77.5718
3685625.0,81.7109
3686250.0,77.0353
3686875.0,77.1136
3687500.0,75.5938
3688125.0,74.1639
3688750.0,223.1760
3689375.0,226.5235
3690000.0,244.3286
3690625.0,222.3032
3691250.0,225.5919
3691875.0,215.2645
3692500.0,233.0621
3693125.0,240.3751
3693750.0,81.5244
3694375.0,76.1667
3695000.0,77.5653
3695625.0,74.8211
3696250.0,77.3906
3696875.0,76.5836
3697500.0,75.6197
3698125.0,75.9193
3698750.0,77.1037
3699375.0,74.2910
3700000.0,74.4858
3700625.0,81.8368
3701250.0,85.6188
3701875.0,70.8595
3702500.0,70.6518
3703125.0,71.7915
3703750.0,75.0106
3704375.0,78.7771
3705000.0,77.6290
3705625.0,76.0486
3706250.0,77.3941
3706875.0,72.7908
3707500.0,222.2536
3708125.0,224.7739
3708750.0,207.1776
3709375.0,211.9353
3710000.0,212.3824
3710625.0,233.5962
3711250.0,227.7602
3711875.0,231.8744
3712500.0,68.4645
3713125.0,69.8070
3713750.0,77.9003
3714375.0,64.9244
3715000.0,80.0169
3715625.0,68.5261
3716250.0,78.5794
3716875.0,72.0500
3717500.0,79.3544
3718125.0,87.4948
3718750.0,66.8301
3719375.0,78.0216
3720000.0,68.5832
3720625.0,77.0089
3721250.0,74.6205
3721875.0,75.8893
3722500.0,71.9629
3723125.0,78.3426
3723750.0,69.9397
3724375.0,80.0810
3725000.0,73.8571
3725625.0,70.1119
3726250.0,242.9430
3726875.0,224.2424
3727500.0,246.4609
3728125.0,238.7403
3728750.0,216.0209
3729375.0,224.0439
3730000.0,226.3617
3730625.0,242.1709
3731250.0,77.0494
3731875.0,76.0646
3732500.0,74.6465
3733125.0,75.2094
3733750.0,80.3183
3734375.0,75.4140
3735000.0,73.9109
3735625.0,73.2718
3736250.0,73.3123
3736875.0,70.1141
3737500.0,72.5711
3738125.0,81.0490
3738750.0,74.6211
3739375.0,78.0556
3740000.0,66.0551
3740625.0,77.5425
3741250.0,74.7917
3741875.0,73.5850
3742500.0,76.0822
3743125.0,73.5307
3743750.0,67.3930
3744375.0,78.8769
3745000.0,227.7339
3745625.0,221.4681
3746250.0,214.1304
3746875.0,208.4641
3747500.0,227.5188
3748125.0,243.1512
3748750.0,227.2856
3749375.0,209.4439
3750000.0,76.2487
3750625.0,75.1989
3751250.0,78.6574
3751875.0,77.6874
3752500.0,64.1434
3753125.0,77.4556
3753750.0,71.6169
3754375.0,70.0401
3755000.0,74.6895
3755625.0,76.9494
3756250.0,69.2144
3756875.0,78.0563
3757500.0,78.2778
3758125.0,75.5771
3758750.0,72.1291
3759375.0,71.7077
3760000.0,79.2678
3760625.0,69.7027
3761250.0,79.4131
3761875.0,74.7772
3762500.0,75.0387
3763125.0,68.9605
3763750.0,223.3494
3764375.0,231.9028
3765000.0,209.9654
3765625.0,230.6097
3766250.0,226.0014
3766875.0,217.7577
3767500.0,234.6151
3768125.0,200.2246
3768750.0,76.7070
3769375.0,81.5053
3770000.0,80.8286
3770625.0,76.8696
3771250.0,74.2627
3771875.0,73.0030
3772500.0,74.2580
3773125.0,77.4502
3773750.0,72.3567
3774375.0,78.2555
3775000.0,83.4420
3775625.0,75.1667
3776250.0,70.3316
3776875.0,70.3303
3777500.0,78.3277
3778125.0,75.1748
3778750.0,78.7057
3779375.0,73.3882
3780000.0,78.5315
3780625.0,74.8032
3781250.0,72.6385
3781875.0,73.8882
3782500.0,211.5331
3783125.0,247.3803
3783750.0,223.9157
3784375.0,232.2508
3785000.0,218.9602
3785625.0,213.1658
3786250.0,222.3688
3786875.0,237.3884
3787500.0,73.4368
3788125.0,72.1181
3788750.0,75.9861
3789375.0,77.2813
3790000.0,81.5935
3790625.0,76.7336
3791250.0,77.8279
3791875.0,78.1117
3792500.0,71.0531
3793125.0,71.7682
3793750.0,71.3137
3794375.0,70.3778
3795000.0,78.3989
3795625.0,76.4935
3796250.0,75.6997
3796875.0,65.6255
3797500.0,83.1491
3798125.0,72.0286
3798750.0,83.1353
3799375.0,69.9364
3800000.0,72.3372
3800625.0,67.0953
3801250.0,229.0739
3801875.0,212.6109
3802500.0,212.9287
3803125.0,209.5592
3803750.0,233.7452
3804375.0,233.0040
3805000.0,245.3854
3805625.0,217.2858
3806250.0,76.2249
3806875.0,70.5392
3807500.0,74.1369
3808125.0,73.4440
3808750.0,77.1510
3809375.0,79.2342
3810000.0,79.1363
3810625.0,72.2226
3811250.0,79.1642
3811875.0,75.2338
3812500.0,74.1763
3813125.0,72.7289
3813750.0,73.2890
3814375.0,81.9685
3815000.0,76.5589
3815625.0,76.0583
3816250.0,74.4113
3816875.0,84.6213
3817500.0,80.3199
3818125.0,72.6816
3818750.0,74.3685
3819375.0,74.5923
3820000.0,226.6411
3820625.0,217.1112
3821250.0,229.9367
3821875.0,241.3360
3822500.0,210.2217
3823125.0,212.3083
3823750.0,219.5645
3824375.0,220.0860
3825000.0,82.9342
3825625.0,79.1764
3826250.0,78.9601
3826875.0,74.4033
3827500.0,74.3206
3828125.0,69.9271
3828750.0,78.3472
3829375.0,77.2513
3830000.0,80.2482
3830625.0,74.6052
3831250.0,74.8655
3831875.0,76.0411
3832500.0,78.7625
3833125.0,69.8573
3833750.0,78.1749
3834375.0,75.3227
3835000.0,71.4089
3835625.0,67.5410
3836250.0,74.8855
3836875.0,80.8579
3837500.0,81.7136
3838125.0,76.7398
3838750.0,247.0726
3839375.0,224.5169
3840000.0,235.7247
3840625.0,219.9237
3841250.0,219.2108
3841875.0,217.3780
3842500.0,201.8190
3843125.0,239.4798
3843750.0,72.9810
3844375.0,72.3786
3845000.0,70.9515
3845625.0,74.6296
3846250.0,82.0484
3846875.0,83.2935
3847500.0,69.1385
3848125.0,74.0637
3848750.0,71.5005
3849375.0,79.1260
3850000.0,76.4805
3850625.0,73.0001
3851250.0,75.6736
3851875.0,73.6001
3852500.0,81.4857
3853125.0,77.4620
3853750.0,77.9252
3854375.0,65.3457
3855000.0,75.1482
3855625.0,83.2537
3856250.0,80.3995
3856875.0,68.4365
3857500.0,221.4740
3858125.0,211.4829
3858750.0,244.2499
3859375.0,227.7481
3860000.0,216.3623
3860625.0,225.3843
3861250.0,195.6671
3861875.0,212.7942
3862500.0,75.5374
3863125.0,78.5882
3863750.0,68.0812
3864375.0,73.9630
3865000.0,79.2065
3865625.0,69.9280
3866250.0,76.2640
3866875.0,75.6487
3867500.0,81.8632
3868125.0,74.5324
3868750.0,74.7531
3869375.0,78.6232
3870000.0,70.3997
3870625.0,74.5673
3871250.0,73.6819
3871875.0,74.8763
3872500.0,78.5985
3873125.0,77.4892
3873750.0,72.5775
3874375.0,75.9154
3875000.0,81.0190
3875625.0,72.2658
3876250.0,226.6331
3876875.0,222.8269
3877500.0,224.2912
3878125.0,206.6551
3878750.0,240.8711
3879375.0,216.2885
3880000.0,236.5433
3880625.0,218.0095
3881250.0,73.0418
3881875.0,79.9735
3882500.0,79.1469
3883125.0,76.1867
3883750.0,78.2695
3884375.0,74.3122
3885000.0,75.3685
3885625.0,72.9057
3886250.0,78.8083
3886875.0,72.7858
3887500.0,80.9990
3888125.0,74.2093
3888750.0,75.4773
3889375.0,78.2604
3890000.0,75.4900
3890625.0,74.2769
3891250.0,75.2868
3891875.0,78.7697
3892500.0,72.9010
3893125.0,74.9241
3893750.0,75.4388
3894375.0,78.6595
3895000.0,223.8767
3895625.0,245.3434
3896250.0,223.2389
3896875.0,222.3261
3897500.0,223.0759
3898125.0,210.1878
3898750.0,213.3368
3899375.0,219.0300
3900000.0,79.6821
3900625.0,75.2751
3901250.0,73.5729
3901875.0,80.0240
3902500.0,81.2479
3903125.0,80.1328
3903750.0,72.1839
3904375.0,73.5329
3905000.0,82.2378
3905625.0,76.3091
3906250.0,74.3910
3906875.0,78.1082
3907500.0,79.1975
3908125.0,73.2456
3908750.0,76.2273
3909375.0,78.8931
3910000.0,71.0257
3910625.0,75.4465
3911250.0,71.1988
3911875.0,71.6919
3912500.0,73.2771
3913125.0,77.1987
3913750.0,221.3772
3914375.0,217.7053
3915000.0,225.5800
3915625.0,212.0967
3916250.0,229.8240
3916875.0,237.7281
3917500.0,224.1090
3918125.0,222.7202
3918750.0,76.8079
3919375.0,67.7527
3920000.0,77.4238
3920625.0,87.0941
3921250.0,74.9375
3921875.0,74.9509
3922500.0,78.2034
3923125.0,81.6029
3923750.0,79.0756
3924375.0,67.2734
3925000.0,77.5240
3925625.0,85.0962
3926250.0,77.7466
3926875.0,71.0472
3927500.0,76.4625
3928125.0,70.5718
3928750.0,80.0477
3929375.0,71.7963
3930000.0,75.6799
3930625.0,72.1662
3931250.0,73.3399
3931875.0,81.0028
3932500.0,226.1639
3933125.0,218.7090
3933750.0,212.1162
3934375.0,203.9434
3935000.0,210.9231
3935625.0,226.2595
3936250.0,236.0276
3936875.0,218.6960
3937500.0,81.3209
3938125.0,72.6950
3938750.0,74.5027
3939375.0,71.3300
3940000.0,79.1352
3940625.0,83.3076
3941250.0,68.7580
3941875.0,74.0950
3942500.0,80.1682
3943125.0,69.9450
3943750.0,77.5364
3944375.0,80.0050
3945000.0,75.6949
3945625.0,77.4745
3946250.0,82.0386
3946875.0,82.7456
3947500.0,75.1664
3948125.0,73.3929
3948750.0,71.9317
3949375.0,79.0832
3950000.0,70.2284
3950625.0,74.4478
3951250.0,226.1553
3951875.0,219.3412
3952500.0,228.1480
3953125.0,253.8508
3953750.0,223.6320
3954375.0,220.1017
3955000.0,236.4225
3955625.0,227.6953
3956250.0,80.8263
3956875.0,76.0209
3957500.0,74.4634
3958125.0,68.6754
3958750.0,69.2936
3959375.0,68.4794
3960000.0,76.8301
3960625.0,70.2643
3961250.0,80.1335
3961875.0,75.5140
3962500.0,74.4794
3963125.0,72.2187
3963750.0,77.7459
3964375.0,72.3670
3965000.0,71.6851
3965625.0,79.8801
3966250.0,76.7369
3966875.0,74.5143
3967500.0,77.8182
3968125.0,75.4337
3968750.0,76.8440
3969375.0,72.3205
3970000.0,248.2920
3970625.0,218.4793
3971250.0,242.5052
3971875.0,222.8752
3972500.0,234.0798
3973125.0,233.2600
3973750.0,237.9021
3974375.0,215.5430
3975000.0,79.4551
3975625.0,82.3611
3976250.0,74.4247
3976875.0,75.5308
3977500.0,73.4266
3978125.0,74.0939
3978750.0,81.8521
3979375.0,71.6140
3980000.0,71.8482
3980625.0,81.4731
3981250.0,77.7545
3981875.0,83.3938
3982500.0,73.7018
3983125.0,75.8761
3983750.0,72.9092
3984375.0,75.9402
3985000.0,68.7117
3985625.0,77.9823
3986250.0,76.6195
3986875.0,75.1830
3987500.0,73.9283
3988125.0,72.0268
3988750.0,233.1868
3989375.0,211.8252
3990000.0,230.7588
3990625.0,248.3376
3991250.0,241.7121
3991875.0,208.0673
3992500.0,218.9617
3993125.0,229.7413
3993750.0,75.1350
3994375.0,70.1242
3995000.0,76.8526
3995625.0,75.3622
3996250.0,82.6170
3996875.0,74.4453
3997500.0,79.8034
3998125.0,70.6231
3998750.0,71.5244
3999375.0,78.1207
4000000.0,79.4857
4000625.0,71.7906
4001250.0,75.4908
4001875.0,70.1914
4002500.0,74.7168
4003125.0,78.5552
4003750.0,73.7602
4004375.0,74.4611
4005000.0,71.1407
4005625.0,72.9557
4006250.0,82.0281
4006875.0,75.6749
4007500.0,213.7240
4008125.0,221.4588
4008750.0,207.0289
4009375.0,213.5907
4010000.0,240.3038
4010625.0,223.3971
4011250.0,246.2707
4011875.0,223.9273
4012500.0,75.2644
4013125.0,77.8162
4013750.0,65.3243
4014375.0,76.1726
4015000.0,75.2153
4015625.0,81.0024
4016250.0,79.0368
4016875.0,71.1260
4017500.0,80.0829
4018125.0,74.4111
4018750.0,71.9902
4019375.0,76.1431
4020000.0,74.6356
4020625.0,81.2000
4021250.0,76.6841
4021875.0,76.1753
4022500.0,78.7954
4023125.0,79.5201
4023750.0,78.3542
4024375.0,80.7514
4025000.0,77.6947
4025625.0,76.0320
4026250.0,238.9407
4026875.0,223.9774
4027500.0,225.3740
4028125.0,244.3677
4028750.0,243.2466
4029375.0,224.9080
4030000.0,219.8975
4030625.0,241.4607
4031250.0,78.4176
4031875.0,76.5897
4032500.0,74.1865
4033125.0,76.6505
4033750.0,75.3182
4034375.0,72.8954
4035000.0,75.8865
4035625.0,76.4006
4036250.0,73.9848
4036875.0,78.8074
4037500.0,80.2589
4038125.0,79.0565
4038750.0,74.3585
4039375.0,78.2494
4040000.0,75.6939
4040625.0,70.7412
4041250.0,77.9362
4041875.0,75.9509
4042500.0,85.1777
4043125.0,80.8939
4043750.0,78.0810
4044375.0,76.3394
4045000.0,226.8419
4045625.0,213.7085
4046250.0,205.4364
4046875.0,215.1837
4047500.0,224.4632
4048125.0,201.3127
4048750.0,218.8764
4049375.0,222.2144
4050000.0,74.5878
4050625.0,72.9053
4051250.0,74.1125
4051875.0,81.8991
4052500.0,77.8963
4053125.0,73.2877
4053750.0,75.1423
4054375.0,75.2933
4055000.0,72.5048
4055625.0,72.5004
4056250.0,79.2097
4056875.0,73.8174
4057500.0,71.2730
4058125.0,75.2374
4058750.0,75.8449
4059375.0,67.9629
4060000.0,75.2464
4060625.0,78.6723
4061250.0,77.1011
4061875.0,83.8063
4062500.0,80.1167
4063125.0,80.8625
4063750.0,256.5010
4064375.0,233.5293
4065000.0,226.8345
4065625.0,235.9546
4066250.0,218.7086
4066875.0,226.2115
4067500.0,217.7131
4068125.0,229.4773
4068750.0,72.9423
4069375.0,72.8103
4070000.0,76.9588
4070625.0,74.8808
4071250.0,68.1332
4071875.0,69.9126
4072500.0,71.0748
4073125.0,72.0712
4073750.0,76.9624
4074375.0,76.2254
4075000.0,79.4161
4075625.0,78.2381
4076250.0,79.4411
4076875.0,77.6937
4077500.0,76.1905
4078125.0,79.5446
4078750.0,78.8662
4079375.0,76.8179
4080000.0,80.1919
4080625.0,66.5564
4081250.0,74.3050
4081875.0,74.2472
4082500.0,237.9677
4083125.0,242.6782
4083750.0,208.6855
4084375.0,240.8756
4085000.0,211.8212
4085625.0,212.1613
4086250.0,222.3643
4086875.0,221.4202
4087500.0,69.5248
4088125.0,77.8500
4088750.0,77.9613
4089375.0,79.3737
4090000.0,73.7659
4090625.0,75.2508
4091250.0,75.2853
4091875.0,81.7637
4092500.0,64.7149
4093125.0,71.7923
4093750.0,75.4209
4094375.0,71.3074
4095000.0,74.4261
4095625.0,74.9247
4096250.0,72.9205
4096875.0,75.6430
4097500.0,77.7681
4098125.0,74.5093
4098750.0,73.6915
4099375.0,74.7751
4100000.0,75.3720
4100625.0,68.8390
4101250.0,230.1925
4101875.0,219.9262
4102500.0,239.1923
4103125.0,231.6494
4103750.0,238.1632
4104375.0,213.6262
4105000.0,220.8219
4105625.0,211.0223
4106250.0,72.7414
4106875.0,80.1204
4107500.0,81.0078
4108125.0,71.0715
4108750.0,73.6723
4109375.0,75.1127
4110000.0,77.6077
4110625.0,68.7655
4111250.0,69.3567
4111875.0,77.2459
4112500.0,68.0521
4113125.0,73.7156
4113750.0,76.0111
4114375.0,76.9671
4115000.0,74.8657
4115625.0,74.0211
4116250.0,78.5840
4116875.0,76.4752
4117500.0,72.9607
4118125.0,75.5422
4118750.0,76.8445
4119375.0,81.8778
4120000.0,233.8461
4120625.0,238.6638
4121250.0,218.1307
4121875.0,219.1029
4122500.0,222.3520
4123125.0,223.3848
4123750.0,213.6597
4124375.0,239.2418
4125000.0,78.7302
4125625.0,74.2476
4126250.0,77.8192
4126875.0,76.2403
4127500.0,78.1138
4128125.0,70.3320
4128750.0,74.8509
4129375.0,75.1812
4130000.0,77.7511
4130625.0,73.0308
4131250.0,65.9753
4131875.0,71.3220
4132500.0,75.1698
4133125.0,75.6408
4133750.0,81.7477
4134375.0,77.5970
4135000.0,75.7074
4135625.0,75.2779
4136250.0,79.5628
4136875.0,73.1753
4137500.0,74.8711
4138125.0,71.2935
4138750.0,240.9627
4139375.0,229.4156
4140000.0,217.0404
4140625.0,223.7124
4141250.0,230.7336
4141875.0,222.1794
4142500.0,218.9872
4143125.0,217.6394
4143750.0,76.6779
4144375.0,74.0501
4145000.0,73.6893
4145625.0,70.3630
4146250.0,75.6927
4146875.0,74.7168
4147500.0,74.1874
4148125.0,76.1494
4148750.0,78.2200
4149375.0,78.0449
4150000.0,77.4838
4150625.0,74.4927
4151250.0,73.2624
4151875.0,71.4644
4152500.0,73.1638
4153125.0,75.4741
4153750.0,72.4357
4154375.0,75.7621
4155000.0,71.7602
4155625.0,69.1381
4156250.0,78.4892
4156875.0,73.6115
4157500.0,215.5834
4158125.0,212.6942
4158750.0,229.7592
4159375.0,240.4677
4160000.0,220.4654
4160625.0,222.5749
4161250.0,237.0559
4161875.0,204.6325
4162500.0,82.8151
4163125.0,84.6143
4163750.0,65.1971
4164375.0,75.0324
4165000.0,72.6896
4165625.0,74.4018
4166250.0,73.8227
4166875.0,78.4603
4167500.0,74.9756
4168125.0,71.9659
4168750.0,74.7509
4169375.0,77.3407
4170000.0,70.9374
4170625.0,69.1937
4171250.0,82.9126
4171875.0,72.9781
4172500.0,74.8822
4173125.0,73.9003
4173750.0,77.4663
4174375.0,82.0834
4175000.0,77.5864
4175625.0,69.6758
4176250.0,209.4286
4176875.0,220.5116
4177500.0,221.9824
4178125.0,205.6280
4178750.0,234.2176
4179375.0,212.7789
4180000.0,241.7996
4180625.0,245.4821
4181250.0,74.4641
4181875.0,77.0549
4182500.0,70.7556
4183125.0,77.7513
4183750.0,73.5218
4184375.0,71.3011
4185000.0,74.3092
4185625.0,73.6441
4186250.0,74.1741
4186875.0,78.9803
4187500.0,72.4394
4188125.0,81.9410
4188750.0,70.4045
4189375.0,81.4902
4190000.0,71.5678
4190625.0,75.3962
4191250.0,73.5520
4191875.0,74.1041
4192500.0,78.4211
4193125.0,81.0543
4193750.0,79.8883
4194375.0,73.8737
4195000.0,227.0729
4195625.0,216.2016
4196250.0,213.8451
4196875.0,212.1041
4197500.0,220.0773
4198125.0,227.8081
4198750.0,203.4921
4199375.0,224.4785
4200000.0,81.1154
4200625.0,79.6296
4201250.0,73.1939
4201875.0,70.1338
4202500.0,77.1336
4203125.0,66.6633
4203750.0,79.5853
4204375.0,74.5948
4205000.0,82.3040
4205625.0,68.8893
4206250.0,78.8614
4206875.0,75.0211
4207500.0,74.1519
4208125.0,70.2357
4208750.0,77.6460
4209375.0,77.9490
4210000.0,82.1299
4210625.0,79.2003
4211250.0,73.1610
4211875.0,71.6154
4212500.0,70.2408
4213125.0,80.9541
4213750.0,216.2455
4214375.0,241.6526
4215000.0,230.9071
4215625.0,228.7114
4216250.0,221.5477
4216875.0,232.4326
4217500.0,224.8260
4218125.0,220.8464
4218750.0,78.0239
4219375.0,74.8572
4220000.0,72.3903
4220625.0,77.6613
4221250.0,75.1588
4221875.0,77.2432
4222500.0,73.6889
4223125.0,70.8416
4223750.0,81.9412
4224375.0,81.2307
4225000.0,78.7319
4225625.0,73.9380
4226250.0,74.2678
4226875.0,80.6114
4227500.0,74.0661
4228125.0,73.0153
4228750.0,82.4583
4229375.0,75.2203
4230000.0,82.0670
4230625.0,70.1281
4231250.0,77.3536
4231875.0,83.2080
4232500.0,225.3347
4233125.0,222.0299
4233750.0,211.8628
4234375.0,237.1764
4235000.0,216.3361
4235625.0,223.9334
4236250.0,211.1118
4236875.0,242.5151
4237500.0,79.7539
4238125.0,75.2809
4238750.0,71.0489
4239375.0,81.1904
4240000.0,74.0204
4240625.0,71.2334
4241250.0,68.7568
4241875.0,72.9647
4242500.0,69.9160
4243125.0,73.0520
4243750.0,78.2064
4244375.0,73.9847
4245000.0,76.7410
4245625.0,72.6730
4246250.0,75.6457
4246875.0,82.6418
4247500.0,74.0862
4248125.0,76.8493
4248750.0,69.4980
4249375.0,81.1308
4250000.0,73.6009
4250625.0,79.3605
4251250.0,223.6142
4251875.0,231.8803
4252500.0,232.5489
4253125.0,219.9100
4253750.0,237.2839
4254375.0,216.4614
4255000.0,233.7518
4255625.0,220.6102
4256250.0,76.7178
4256875.0,73.6583
4257500.0,75.5884
4258125.0,71.3484
4258750.0,76.3333
4259375.0,75.5666
4260000.0,73.3636
4260625.0,75.1925
4261250.0,75.9052
4261875.0,73.0763
4262500.0,74.9146
4263125.0,71.6091
4263750.0,84.2434
4264375.0,79.3929
4265000.0,76.4296
4265625.0,79.8189
4266250.0,67.9382
4266875.0,65.7575
4267500.0,73.8947
4268125.0,70.2028
4268750.0,74.5080
4269375.0,76.1753
4270000.0,235.3547
4270625.0,212.1945
4271250.0,229.4958
4271875.0,225.1619
4272500.0,228.9095
4273125.0,219.1526
4273750.0,240.5603
4274375.0,223.8355
4275000.0,82.0887
4275625.0,72.4202
4276250.0,78.2005
4276875.0,75.1750
4277500.0,74.1644
4278125.0,77.7838
4278750.0,74.2721
4279375.0,65.3644
4280000.0,63.8530
4280625.0,80.1970
4281250.0,80.0381
4281875.0,82.5153
4282500.0,75.3339
4283125.0,70.5268
4283750.0,73.8182
4284375.0,75.4431
4285000.0,71.6035
4285625.0,81.6151
4286250.0,83.8429
4286875.0,77.2031
4287500.0,75.3590
4288125.0,70.5180
4288750.0,242.3974
4289375.0,225.8585
4290000.0,221.7469
4290625.0,230.4132
4291250.0,218.4107
4291875.0,226.6523
4292500.0,208.7722
4293125.0,237.2297
4293750.0,75.0064
4294375.0,79.7687
4295000.0,74.6417
4295625.0,74.8865
4296250.0,70.8296
4296875.0,78.2643
4297500.0,72.0981
4298125.0,73.5662
4298750.0,75.4039
4299375.0,75.8570
4300000.0,68.9680
4300625.0,74.5299
4301250.0,78.3980
4301875.0,73.9737
4302500.0,74.5528
4303125.0,76.0123
4303750.0,74.9251
4304375.0,71.5150
4305000.0,75.2630
4305625.0,79.1477
4306250.0,71.4371
4306875.0,73.9882
4307500.0,209.4566
4308125.0,235.5905
4308750.0,223.9610
4309375.0,215.4353
4310000.0,226.0380
4310625.0,211.4595
4311250.0,213.3732
4311875.0,208.5735
4312500.0,71.3782
4313125.0,80.5172
4313750.0,72.6361
4314375.0,77.1577
4315000.0,72.2471
4315625.0,78.2634
4316250.0,71.5317
4316875.0,75.5479
4317500.0,75.5992
4318125.0,84.1758
4318750.0,77.7767
4319375.0,73.1648
4320000.0,77.9826
4320625.0,83.4609
4321250.0,69.2563
4321875.0,72.2238
4322500.0,74.5069
4323125.0,73.8276
4323750.0,74.1455
4324375.0,70.4830
4325000.0,80.6929
4325625.0,70.0368
4326250.0,222.7476
4326875.0,236.7656
4327500.0,224.6604
4328125.0,213.9818
4328750.0,209.8274
4329375.0,222.4125
4330000.0,216.4834
4330625.0,227.3088
4331250.0,70.1165
4331875.0,78.4651
4332500.0,75.8356
4333125.0,76.1157
4333750.0,80.8329
4334375.0,73.7495
4335000.0,72.6637
4335625.0,73.3349
4336250.0,74.6742
4336875.0,75.0571
4337500.0,72.2683
4338125.0,67.7730
4338750.0,73.2853
4339375.0,76.7565
4340000.0,75.9137
4340625.0,79.9223
4341250.0,82.7722
4341875.0,78.2627
4342500.0,80.6121
4343125.0,78.2907
4343750.0,81.8463
4344375.0,82.3777
4345000.0,235.7006
4345625.0,232.9468
4346250.0,222.6911
4346875.0,224.5350
4347500.0,221.1993
4348125.0,231.9891
4348750.0,216.8961
4349375.0,222.8501
4350000.0,66.5210
4350625.0,81.8960
4351250.0,74.5688
4351875.0,77.1175
4352500.0,80.8959
4353125.0,76.5321
4353750.0,80.8452
4354375.0,70.7186
4355000.0,84.4381
4355625.0,79.4984
4356250.0,76.1887
4356875.0,80.7725
4357500.0,70.9942
4358125.0,74.3119
4358750.0,80.8448
4359375.0,68.3612
4360000.0,77.5129
4360625.0,77.4063
4361250.0,82.8240
4361875.0,69.4323
4362500.0,81.4683
4363125.0,73.2908
4363750.0,219.9711
4364375.0,211.2525
4365000.0,212.7617
4365625.0,229.5396
4366250.0,212.4863
4366875.0,233.3282
4367500.0,217.5416
4368125.0,211.3534
4368750.0,73.4102
4369375.0,76.6694
4370000.0,74.3544
4370625.0,75.5290
4371250.0,78.0247
4371875.0,79.4807
4372500.0,74.2309
4373125.0,71.4633
4373750.0,75.6869
4374375.0,77.1743
4375000.0,69.8931
4375625.0,72.0424
4376250.0,72.6887
4376875.0,74.6165
4377500.0,72.5309
4378125.0,78.0655
4378750.0,69.3486
4379375.0,69.4445
4380000.0,74.1412
4380625.0,74.7378
4381250.0,69.9160
4381875.0,73.1126
4382500.0,220.4883
4383125.0,220.5754
4383750.0,226.7087
4384375.0,217.5572
4385000.0,241.6257
4385625.0,230.4923
4386250.0,215.9200
4386875.0,226.0633
4387500.0,75.8675
4388125.0,79.9795
4388750.0,73.1366
4389375.0,78.2929
4390000.0,75.5578
4390625.0,81.0232
4391250.0,80.2667
4391875.0,76.1426
4392500.0,74.4112
4393125.0,77.3099
4393750.0,74.7197
4394375.0,81.7348
4395000.0,75.6958
4395625.0,73.8707
4396250.0,73.6673
4396875.0,70.8269
4397500.0,77.4982
4398125.0,72.3086
4398750.0,79.5400
4399375.0,70.5256
4400000.0,75.8797
4400625.0,79.7363
4401250.0,200.7872
4401875.0,247.7055
4402500.0,220.2155
4403125.0,226.5873
4403750.0,231.4288
4404375.0,233.1690
4405000.0,228.0812
4405625.0,236.2206
4406250.0,77.3569
4406875.0,82.0385
4407500.0,77.3692
4408125.0,82.8067
4408750.0,78.7971
4409375.0,68.5923
4410000.0,85.2439
4410625.0,73.2347
4411250.0,81.0382
4411875.0,75.5010
4412500.0,79.4003
4413125.0,72.8044
4413750.0,77.7591
4414375.0,74.4455
4415000.0,81.3528
4415625.0,77.0538
4416250.0,78.9285
4416875.0,67.2414
4417500.0,75.0774
4418125.0,76.9478
4418750.0,76.2430
4419375.0,79.0236
4420000.0,220.8836
4420625.0,225.5489
4421250.0,238.2888
4421875.0,199.3647
4422500.0,231.6302
4423125.0,221.2438
4423750.0,214.7364
4424375.0,228.7861
4425000.0,80.0275
4425625.0,79.3176
4426250.0,74.8906
4426875.0,78.7015
4427500.0,78.6726
4428125.0,75.0706
4428750.0,72.7871
4429375.0,73.0052
4430000.0,78.5587
4430625.0,75.2411
4431250.0,71.4559
4431875.0,69.0481
4432500.0,78.5360
4433125.0,73.3386
4433750.0,76.6456
4434375.0,80.0737
4435000.0,70.4654
4435625.0,75.2298
4436250.0,74.7565
4436875.0,76.8316
4437500.0,80.0716
4438125.0,70.3880
4438750.0,231.4102
4439375.0,236.6046
4440000.0,222.9033
4440625.0,223.4537
4441250.0,229.7076
4441875.0,228.8792
4442500.0,231.5515
4443125.0,231.3144
4443750.0,71.6980
4444375.0,79.1333
4445000.0,79.7988
4445625.0,76.1015
4446250.0,69.7670
4446875.0,74.9674
4447500.0,76.1329
4448125.0,71.0849
4448750.0,74.0423
4449375.0,70.0867
4450000.0,77.6895
4450625.0,76.0257
4451250.0,69.1954
4451875.0,76.7250
4452500.0,75.1870
4453125.0,77.3469
4453750.0,73.9239
4454375.0,72.3784
4455000.0,72.4939
4455625.0,73.3711
4456250.0,75.4710
4456875.0,75.9578
4457500.0,222.8544
4458125.0,220.2377
4458750.0,221.0467
4459375.0,253.2119
4460000.0,216.3293
4460625.0,218.7228
4461250.0,262.0559
4461875.0,229.7364
4462500.0,70.1975
4463125.0,78.5769
4463750.0,71.9692
4464375.0,78.8272
4465000.0,74.6047
4465625.0,73.7420
4466250.0,81.4666
4466875.0,77.5353
4467500.0,79.0682
4468125.0,77.0396
4468750.0,73.7244
4469375.0,77.7048
4470000.0,79.9587
4470625.0,75.9080
4471250.0,82.1922
4471875.0,78.6063
4472500.0,76.1992
4473125.0,76.3481
4473750.0,75.9174
4474375.0,70.6828
4475000.0,75.0604
4475625.0,76.2339
4476250.0,220.3190
4476875.0,228.7989
4477500.0,225.2397
4478125.0,233.7040
4478750.0,232.4600
4479375.0,226.8805
4480000.0,209.6189
4480625.0,245.1456
4481250.0,74.8651
4481875.0,75.0951
4482500.0,74.1087
4483125.0,73.5587
4483750.0,81.2211
4484375.0,80.6254
4485000.0,77.0754
4485625.0,74.9947
4486250.0,77.7341
4486875.0,75.6782
4487500.0,74.6829
4488125.0,76.6747
4488750.0,73.7368
4489375.0,76.3510
4490000.0,76.1699
4490625.0,77.6731
4491250.0,73.0659
4491875.0,78.0772
4492500.0,71.9832
4493125.0,73.2414
4493750.0,73.4060
4494375.0,71.3584
4495000.0,236.4262
4495625.0,214.0982
4496250.0,217.1372
4496875.0,239.1233
4497500.0,218.5809
4498125.0,222.8834
4498750.0,213.6147
4499375.0,234.3707
4500000.0,78.5922
4500625.0,78.1858
4501250.0,77.4265
4501875.0,75.6774
4502500.0,73.4231
4503125.0,72.3276
4503750.0,80.2629
4504375.0,78.2833
4505000.0,72.7862
4505625.0,75.5502
4506250.0,74.2686
4506875.0,71.1466
4507500.0,76.0697
4508125.0,73.8336
4508750.0,71.8089
4509375.0,69.8237
4510000.0,69.5045
4510625.0,73.9997
4511250.0,75.0792
4511875.0,72.1001
4512500.0,77.8533
4513125.0,75.1529
4513750.0,231.4900
4514375.0,222.9423
4515000.0,216.1449
4515625.0,226.2838
4516250.0,210.7949
4516875.0,231.0687
4517500.0,214.4571
4518125.0,235.3301
4518750.0,74.1240
4519375.0,79.4058
4520000.0,71.1677
4520625.0,72.8448
4521250.0,76.8361
4521875.0,79.8128
4522500.0,81.6831
4523125.0,75.5560
4523750.0,82.3283
4524375.0,74.3080
4525000.0,79.5424
4525625.0,71.8480
4526250.0,76.9842
4526875.0,66.5718
4527500.0,71.1716
4528125.0,77.1594
4528750.0,70.4521
4529375.0,77.0096
4530000.0,78.8173
4530625.0,73.5100
4531250.0,71.7470
4531875.0,73.6123
4532500.0,214.1346
4533125.0,223.8613
4533750.0,226.1485
4534375.0,221.5574
4535000.0,243.8365
4535625.0,216.9067
4536250.0,240.6536
4536875.0,213.2861
4537500.0,75.6744
4538125.0,79.8603
4538750.0,79.6652
4539375.0,73.8156
4540000.0,77.4926
4540625.0,76.9878
4541250.0,73.3644
4541875.0,77.7221
4542500.0,82.4216
4543125.0,77.1783
4543750.0,77.5352
4544375.0,77.9340
4545000.0,69.8921
4545625.0,77.1350
4546250.0,71.5668
4546875.0,73.1761
4547500.0,83.5505
4548125.0,74.4452
4548750.0,72.6095
4549375.0,79.7452
4550000.0,71.8273
4550625.0,73.7132
4551250.0,239.0518
4551875.0,225.4811
4552500.0,207.4320
4553125.0,231.1199
4553750.0,220.5398
4554375.0,242.3233
4555000.0,218.1804
4555625.0,236.8263
4556250.0,82.0944
4556875.0,72.1919
4557500.0,74.6716
4558125.0,76.8651
4558750.0,72.1678
4559375.0,76.4190
4560000.0,74.5521
4560625.0,74.4761
4561250.0,75.5845
4561875.0,75.6687
4562500.0,76.0178
4563125.0,73.1424
4563750.0,73.3070
4564375.0,74.9529
4565000.0,75.2313
4565625.0,73.7455
4566250.0,76.6213
4566875.0,68.5583
4567500.0,72.6461
4568125.0,74.3447
4568750.0,72.1724
4569375.0,81.5421
4570000.0,225.2122
4570625.0,226.9887
4571250.0,219.5637
4571875.0,224.8225
4572500.0,211.3284
4573125.0,223.0896
4573750.0,214.4587
4574375.0,221.8792
4575000.0,65.7491
4575625.0,71.1474
4576250.0,80.9190
4576875.0,78.5306
4577500.0,80.3728
4578125.0,80.6317
4578750.0,77.9372
4579375.0,73.6927
4580000.0,71.4896
4580625.0,79.7232
4581250.0,75.6434
4581875.0,84.8025
4582500.0,74.0236
4583125.0,82.8378
4583750.0,74.8089
4584375.0,80.4369
4585000.0,81.7965
4585625.0,71.5435
4586250.0,73.5716
4586875.0,71.5057
4587500.0,70.7631
4588125.0,77.9148
4588750.0,222.7879
4589375.0,225.5891
4590000.0,231.2577
4590625.0,204.1044
4591250.0,239.4761
4591875.0,221.0727
4592500.0,230.9895
4593125.0,231.9830
4593750.0,80.5679
4594375.0,75.0047
4595000.0,67.3939
4595625.0,75.6154
4596250.0,76.1567
4596875.0,71.5008
4597500.0,75.9560
4598125.0,74.0390
4598750.0,70.3378
4599375.0,77.9315
4600000.0,73.2748
4600625.0,73.8680
4601250.0,73.6561
4601875.0,80.0578
4602500.0,75.2457
4603125.0,75.6982
4603750.0,73.7388
4604375.0,77.1450
4605000.0,80.4869
4605625.0,77.8424
4606250.0,77.9895
4606875.0,77.6855
4607500.0,209.4723
4608125.0,215.1437
4608750.0,222.6939
4609375.0,216.8340
4610000.0,213.0240
4610625.0,203.9380
4611250.0,209.8515
4611875.0,222.1141
4612500.0,75.1383
4613125.0,72.4102
4613750.0,75.6975
4614375.0,73.7644
4615000.0,79.5115
4615625.0,74.7907
4616250.0,78.0252
4616875.0,76.1661
4617500.0,70.1142
4618125.0,75.0582
4618750.0,70.7417
4619375.0,74.9924
4620000.0,72.5909
4620625.0,76.8400
4621250.0,70.3393
4621875.0,75.4554
4622500.0,77.5580
4623125.0,78.8216
4623750.0,72.5191
4624375.0,75.4669
4625000.0,76.0942
4625625.0,81.2327
4626250.0,208.3350
4626875.0,214.7501
4627500.0,256.5502
4628125.0,221.9277
4628750.0,203.7263
4629375.0,218.4463
4630000.0,193.8502
4630625.0,227.7104
4631250.0,78.4529
4631875.0,71.9630
4632500.0,73.6254
4633125.0,78.8822
4633750.0,68.8017
4634375.0,70.4177
4635000.0,74.5400
4635625.0,72.5637
4636250.0,74.2921
4636875.0,70.6357
4637500.0,76.2080
4638125.0,74.8374
4638750.0,77.4704
4639375.0,76.1555
4640000.0,76.1792
4640625.0,69.9474
4641250.0,77.2571
4641875.0,74.1526
4642500.0,74.7719
4643125.0,79.3520
4643750.0,72.6877
4644375.0,80.4940
4645000.0,241.2503
4645625.0,233.4688
4646250.0,213.9680
4646875.0,200.4042
4647500.0,237.1369
4648125.0,226.2531
4648750.0,216.6165
4649375.0,238.2026
4650000.0,72.1519
4650625.0,73.8009
4651250.0,77.3788
4651875.0,71.2017
4652500.0,74.9873
4653125.0,79.5060
4653750.0,76.1959
4654375.0,80.1028
4655000.0,79.6737
4655625.0,75.4292
4656250.0,66.5905
4656875.0,71.2312
4657500.0,78.2778
4658125.0,69.5556
4658750.0,74.1684
4659375.0,76.6761
4660000.0,80.9403
4660625.0,73.2322
4661250.0,72.9741
4661875.0,75.2023
4662500.0,76.7229
4663125.0,74.8185
4663750.0,236.8043
4664375.0,216.0096
4665000.0,226.3518
4665625.0,230.0086
4666250.0,220.4974
4666875.0,234.4467
4667500.0,226.6758
4668125.0,233.8745
4668750.0,76.1318
4669375.0,76.8190
4670000.0,73.0159
4670625.0,73.0220
4671250.0,80.0160
4671875.0,77.7959
4672500.0,71.5434
4673125.0,76.0819
4673750.0,66.4509
4674375.0,73.2362
4675000.0,79.0231
4675625.0,74.9282
4676250.0,75.8445
4676875.0,64.0282
4677500.0,73.9212
4678125.0,76.6753
4678750.0,77.1541
4679375.0,79.0281
4680000.0,74.6073
4680625.0,74.7755
4681250.0,70.3779
4681875.0,74.6290
4682500.0,210.8073
4683125.0,204.2115
4683750.0,212.7917
4684375.0,241.9727
4685000.0,221.9562
4685625.0,227.4736
4686250.0,219.2232
4686875.0,204.8563
4687500.0,78.9291
4688125.0,67.2108
4688750.0,73.3084
4689375.0,75.1941
4690000.0,76.2689
4690625.0,72.6612
4691250.0,68.4709
4691875.0,72.3799
4692500.0,72.5772
4693125.0,72.4854
4693750.0,79.0571
4694375.0,70.8247
4695000.0,76.5347
4695625.0,75.9968
4696250.0,79.0209
4696875.0,74.8981
4697500.0,78.3826
4698125.0,74.7507
4698750.0,77.0377
4699375.0,69.7339
4700000.0,65.4537
4700625.0,76.8234
4701250.0,229.8508
4701875.0,230.3494
4702500.0,219.0945
4703125.0,241.7594
4703750.0,219.8264
4704375.0,229.7349
4705000.0,231.6897
4705625.0,244.3358
4706250.0,74.2048
4706875.0,72.9375
4707500.0,69.7520
4708125.0,81.2524
4708750.0,76.9887
4709375.0,77.1080
4710000.0,87.1500
4710625.0,76.6254
4711250.0,70.4902
4711875.0,74.6614
4712500.0,71.7251
4713125.0,73.9076
4713750.0,73.8822
4714375.0,73.1869
4715000.0,70.1473
4715625.0,81.4037
4716250.0,76.5267
4716875.0,74.5500
4717500.0,78.2563
4718125.0,77.1759
4718750.0,76.4394
4719375.0,77.9824
4720000.0,226.5068
4720625.0,232.5400
4721250.0,233.4725
4721875.0,226.8306
4722500.0,222.5206
4723125.0,242.2170
4723750.0,219.6236
4724375.0,229.4023
4725000.0,76.9604
4725625.0,73.1020
4726250.0,72.3545
4726875.0,74.0660
4727500.0,73.5443
4728125.0,69.9028
4728750.0,72.9439
4729375.0,76.4037
4730000.0,80.1726
4730625.0,77.4901
4731250.0,65.5998
4731875.0,77.8177
4732500.0,73.2958
4733125.0,77.1081
4733750.0,75.3467
4734375.0,74.6736
4735000.0,75.0146
4735625.0,75.3155
4736250.0,80.4684
4736875.0,75.3259
4737500.0,79.4925
4738125.0,78.9434
4738750.0,232.5043
4739375.0,204.9005
4740000.0,237.5621
4740625.0,219.8486
4741250.0,233.0519
4741875.0,214.0590
4742500.0,211.6679
4743125.0,247.2344
4743750.0,71.7922
4744375.0,79.7208
4745000.0,75.8464
4745625.0,73.8161
4746250.0,75.2310
4746875.0,70.4949
4747500.0,75.3481
4748125.0,71.3181
4748750.0,73.9092
4749375.0,78.8884
4750000.0,76.3583
4750625.0,69.8122
4751250.0,78.6101
4751875.0,75.3732
4752500.0,73.3560
4753125.0,78.2150
4753750.0,74.7696
4754375.0,71.0055
4755000.0,82.3662
4755625.0,75.3348
4756250.0,75.0932
4756875.0,73.8728
4757500.0,238.2746
4758125.0,219.0951
4758750.0,207.6190
4759375.0,217.3649
4760000.0,239.9262
4760625.0,234.3615
4761250.0,222.1311
4761875.0,240.4491
4762500.0,78.2197
4763125.0,74.3950
4763750.0,74.7745
4764375.0,76.6415
4765000.0,72.2638
4765625.0,75.4170
4766250.0,76.5631
4766875.0,69.0401
4767500.0,74.6863
4768125.0,74.2575
4768750.0,79.2758
4769375.0,68.4462
4770000.0,73.9617
4770625.0,73.5838
4771250.0,79.0195
4771875.0,75.2358
4772500.0,82.1713
4773125.0,77.8965
4773750.0,73.8535
4774375.0,76.3035
4775000.0,74.0652
4775625.0,78.6399
4776250.0,210.0128
4776875.0,215.7334
4777500.0,230.1265
4778125.0,238.7898
4778750.0,200.2279
4779375.0,240.4628
4780000.0,223.4235
4780625.0,203.8064
4781250.0,64.0835
4781875.0,69.6342
4782500.0,75.3257
4783125.0,75.1516
4783750.0,77.7872
4784375.0,73.3284
4785000.0,71.2227
4785625.0,73.8427
4786250.0,75.5267
4786875.0,76.2700
4787500.0,72.4248
4788125.0,78.7985
4788750.0,73.0573
4789375.0,72.1212
4790000.0,73.3552
4790625.0,79.4521
4791250.0,74.8994
4791875.0,72.7817
4792500.0,78.8914
4793125.0,83.4782
4793750.0,76.1905
4794375.0,80.0516
4795000.0,236.6559
4795625.0,218.1866
4796250.0,225.2996
4796875.0,210.5714
4797500.0,222.6944
4798125.0,217.9554
4798750.0,220.4675
4799375.0,216.5637
4800000.0,74.3176
4800625.0,77.4065
4801250.0,74.9495
4801875.0,68.3713
4802500.0,72.5871
4803125.0,69.6719
4803750.0,76.3201
4804375.0,77.2975
4805000.0,76.3672
4805625.0,72.4315
4806250.0,76.3306
4806875.0,73.6277
4807500.0,71.1089
4808125.0,78.1971
4808750.0,78.4840
4809375.0,78.9773
4810000.0,73.1065
4810625.0,79.8462
4811250.0,73.5392
4811875.0,77.8637
4812500.0,73.4739
4813125.0,74.5556
4813750.0,197.7617
4814375.0,221.6035
4815000.0,226.0248
4815625.0,220.3869
4816250.0,244.7571
4816875.0,211.9223
4817500.0,218.6597
4818125.0,214.8202
4818750.0,73.2746
4819375.0,79.2884
4820000.0,80.9722
4820625.0,72.7580
4821250.0,72.6743
4821875.0,71.0376
4822500.0,80.3247
4823125.0,79.6262
4823750.0,75.0004
4824375.0,70.1367
4825000.0,70.4739
4825625.0,76.0433
4826250.0,77.4710
4826875.0,67.6106
4827500.0,74.1887
4828125.0,81.5010
4828750.0,74.5800
4829375.0,81.0159
4830000.0,77.8469
4830625.0,71.3123
4831250.0,74.2966
4831875.0,74.9148
4832500.0,214.2842
4833125.0,214.0890
4833750.0,241.9511
4834375.0,214.0047
4835000.0,237.1324
4835625.0,220.0895
4836250.0,224.7116
4836875.0,231.3207
4837500.0,73.1434
4838125.0,77.5410
4838750.0,67.6850
4839375.0,77.0577
4840000.0,66.0936
4840625.0,74.5448
4841250.0,78.6205
4841875.0,77.7461
4842500.0,70.5050
4843125.0,70.9904
4843750.0,72.8037
4844375.0,76.1020
4845000.0,67.7396
4845625.0,75.3501
4846250.0,76.5741
4846875.0,74.3329
4847500.0,77.3805
4848125.0,76.2434
4848750.0,73.3580
4849375.0,68.1006
4850000.0,75.9030
4850625.0,71.8069
4851250.0,218.4936
4851875.0,230.3901
4852500.0,240.9450
4853125.0,224.5718
4853750.0,231.2332
4854375.0,208.7496
4855000.0,227.7621
4855625.0,224.3261
4856250.0,80.0342
4856875.0,73.3625
4857500.0,74.4890
4858125.0,79.3917
4858750.0,75.0530
4859375.0,71.2197
4860000.0,85.0197
4860625.0,71.3337
4861250.0,75.1561
4861875.0,76.7070
4862500.0,76.4089
4863125.0,74.6847
4863750.0,74.7035
4864375.0,74.5143
4865000.0,71.1929
4865625.0,83.5063
4866250.0,74.5706
4866875.0,77.6504
4867500.0,74.1384
4868125.0,74.0625
4868750.0,73.6830
4869375.0,69.5571
4870000.0,223.1930
4870625.0,220.4212
4871250.0,238.1797
4871875.0,211.5371
4872500.0,218.5071
4873125.0,214.8925
4873750.0,241.2285
4874375.0,215.2192
4875000.0,77.5199
4875625.0,79.0575
4876250.0,74.8491
4876875.0,70.2094
4877500.0,70.2571
4878125.0,78.6413
4878750.0,70.6476
4879375.0,76.8779
4880000.0,75.8311
4880625.0,76.8218
4881250.0,77.1779
4881875.0,71.8801
4882500.0,71.7223
4883125.0,78.0953
4883750.0,73.0274
4884375.0,65.0319
4885000.0,77.8458
4885625.0,71.4933
4886250.0,77.1611
4886875.0,80.6509
4887500.0,75.4632
4888125.0,79.1540
4888750.0,226.7302
4889375.0,242.8586
4890000.0,213.0513
4890625.0,224.9076
4891250.0,232.5731
4891875.0,222.8579
4892500.0,237.9625
4893125.0,220.1396
4893750.0,83.2015
4894375.0,83.4007
4895000.0,76.4634
4895625.0,77.4833
4896250.0,79.8926
4896875.0,70.9243
4897500.0,70.4538
4898125.0,80.1367
4898750.0,76.4329
4899375.0,74.5461
4900000.0,75.4419
4900625.0,66.4046
4901250.0,74.6816
4901875.0,72.5610
4902500.0,78.8611
4903125.0,79.1513
4903750.0,77.5741
4904375.0,76.8909
4905000.0,69.7550
4905625.0,77.6267
4906250.0,77.7728
4906875.0,80.0944
4907500.0,248.8299
4908125.0,205.9587
4908750.0,220.6296
4909375.0,216.6495
4910000.0,226.9407
4910625.0,225.1508
4911250.0,222.3666
4911875.0,236.5605
4912500.0,71.2477
4913125.0,71.4750
4913750.0,71.5387
4914375.0,74.0416
4915000.0,70.7682
4915625.0,75.2169
4916250.0,74.7761
4916875.0,72.4348
4917500.0,78.6941
4918125.0,75.1757
4918750.0,79.4062
4919375.0,74.6647
4920000.0,75.3088
4920625.0,73.2783
4921250.0,75.3734
4921875.0,78.0851
4922500.0,73.8493
4923125.0,77.3544
4923750.0,72.3359
4924375.0,78.2616
4925000.0,73.2138
4925625.0,78.6108
4926250.0,225.6860
4926875.0,242.1107
4927500.0,212.0167
4928125.0,208.3930
4928750.0,218.0676
4929375.0,209.4231
4930000.0,209.4442
4930625.0,231.9924
4931250.0,75.3842
4931875.0,73.5916
4932500.0,73.9412
4933125.0,73.1484
4933750.0,81.6219
4934375.0,72.6271
4935000.0,70.4156
4935625.0,78.4011
4936250.0,74.5866
4936875.0,83.0862
4937500.0,73.4162
4938125.0,78.5894
4938750.0,79.4799
4939375.0,73.4346
4940000.0,72.5992
4940625.0,78.1950
4941250.0,77.5673
4941875.0,70.0820
4942500.0,71.1458
4943125.0,65.8377
4943750.0,77.6446
4944375.0,74.4129
4945000.0,223.1758
4945625.0,205.9713
4946250.0,212.6463
4946875.0,219.6230
4947500.0,217.4363
4948125.0,226.3257
4948750.0,231.5640
4949375.0,250.5331
4950000.0,75.3245
4950625.0,79.6051
4951250.0,72.2710
4951875.0,69.0855
4952500.0,74.0718
4953125.0,69.3766
4953750.0,75.4553
4954375.0,72.4577
4955000.0,68.0324
4955625.0,81.9448
4956250.0,73.3734
4956875.0,69.2262
4957500.0,78.7861
4958125.0,72.6531
4958750.0,79.5099
4959375.0,72.6351
4960000.0,73.3608
4960625.0,76.7000
4961250.0,77.6364
4961875.0,78.2972
4962500.0,75.0617
4963125.0,77.3929
4963750.0,233.3883
4964375.0,227.2564
4965000.0,223.3951
4965625.0,208.7404
4966250.0,231.7407
4966875.0,225.4745
4967500.0,220.3468
4968125.0,239.3749
4968750.0,70.0171
4969375.0,81.5980
4970000.0,75.3160
4970625.0,76.5970
4971250.0,73.9107
4971875.0,69.1151
4972500.0,74.8737
4973125.0,76.6620
4973750.0,77.9494
4974375.0,74.6534
4975000.0,67.1341
4975625.0,69.5879
4976250.0,83.1361
4976875.0,71.2811
4977500.0,80.7800
4978125.0,71.8785
4978750.0,74.7121
4979375.0,77.7570
4980000.0,72.3079
4980625.0,81.4027
4981250.0,75.6855
4981875.0,77.1374
4982500.0,221.9894
4983125.0,232.4106
4983750.0,242.7614
4984375.0,223.5230
4985000.0,244.4593
4985625.0,218.1195
4986250.0,233.5961
4986875.0,230.5025
4987500.0,71.3714
4988125.0,76.2061
4988750.0,75.4278
4989375.0,72.1835
4990000.0,76.7497
4990625.0,75.9515
4991250.0,75.1263
4991875.0,75.1415
4992500.0,75.0607
4993125.0,74.0138
4993750.0,75.9272
4994375.0,72.9724
4995000.0,85.4162
4995625.0,70.0868
4996250.0,73.1955
4996875.0,73.4934
4997500.0,83.0927
4998125.0,70.4231
4998750.0,77.0057
4999375.0,76.3364
5000000.0,76.6577
5000625.0,80.0610
5001250.0,238.6781
5001875.0,219.9267
5002500.0,227.1827
5003125.0,204.0289
5003750.0,226.1148
5004375.0,216.0676
5005000.0,222.9032
5005625.0,206.0396
5006250.0,76.9264
5006875.0,69.0039
5007500.0,75.9590
5008125.0,70.7761
5008750.0,72.1969
5009375.0,79.7533
5010000.0,77.6165
5010625.0,79.7325
5011250.0,81.2802
5011875.0,72.4864
5012500.0,81.0511
5013125.0,69.8750
5013750.0,78.2128
5014375.0,73.5401
5015000.0,71.8928
5015625.0,77.7166
5016250.0,78.9625
5016875.0,78.8506
5017500.0,76.2100
5018125.0,75.8975
5018750.0,77.3863
5019375.0,76.5452
5020000.0,231.0903
5020625.0,227.2950
5021250.0,234.4813
5021875.0,206.6939
5022500.0,223.5232
5023125.0,209.4317
5023750.0,228.1129
5024375.0,243.4717
5025000.0,73.6127
5025625.0,75.8797
5026250.0,78.2520
5026875.0,67.6047
5027500.0,73.4316
5028125.0,76.7742
5028750.0,64.4783
5029375.0,71.7174
5030000.0,79.5502
5030625.0,79.1813
5031250.0,76.8112
5031875.0,78.7259
5032500.0,76.2109
5033125.0,77.4938
5033750.0,74.2100
5034375.0,75.8366
5035000.0,73.0160
5035625.0,80.1633
5036250.0,81.1363
5036875.0,80.6023
5037500.0,73.8614
5038125.0,71.8043
5038750.0,239.3660
5039375.0,231.1190
5040000.0,228.6966
5040625.0,217.8716
5041250.0,229.7887
5041875.0,212.7906
5042500.0,232.1332
5043125.0,240.5125
5043750.0,81.5490
5044375.0,78.0711
5045000.0,70.1898
5045625.0,76.1439
5046250.0,83.4666
5046875.0,72.1253
5047500.0,75.1769
5048125.0,80.7290
5048750.0,77.7266
5049375.0,84.7502
5050000.0,72.6371
5050625.0,71.6686
5051250.0,80.0150
5051875.0,70.8915
5052500.0,74.6582
5053125.0,75.1525
5053750.0,79.3057
5054375.0,77.7158
5055000.0,77.1231
5055625.0,73.8828
5056250.0,79.9806
5056875.0,90.5774
5057500.0,232.7769
5058125.0,226.1213
5058750.0,210.3990
5059375.0,217.8283
5060000.0,222.5958
5060625.0,218.9857
5061250.0,224.8191
5061875.0,245.0027
5062500.0,80.1018
5063125.0,74.8012
5063750.0,70.8448
5064375.0,80.4419
5065000.0,75.2151
5065625.0,68.8911
5066250.0,78.0859
5066875.0,79.2668
5067500.0,66.2543
5068125.0,72.2914
5068750.0,74.9836
5069375.0,78.1691
5070000.0,73.4556
5070625.0,72.2628
5071250.0,78.1414
5071875.0,73.6344
5072500.0,77.4435
5073125.0,71.2096
5073750.0,70.3017
5074375.0,78.2474
5075000.0,76.3520
5075625.0,78.8777
5076250.0,219.0083
5076875.0,216.0551
5077500.0,240.3081
5078125.0,207.8667
5078750.0,239.0789
5079375.0,239.8557
5080000.0,234.6760
5080625.0,217.2622
5081250.0,72.3217
5081875.0,74.6081
5082500.0,70.5177
5083125.0,71.7744
5083750.0,77.8306
5084375.0,77.8480
5085000.0,71.4431
5085625.0,77.9490
5086250.0,77.1127
5086875.0,81.0923
5087500.0,77.5456
5088125.0,79.3909
5088750.0,77.1986
5089375.0,79.0943
5090000.0,70.5476
5090625.0,74.9410
5091250.0,75.2530
5091875.0,74.4811
5092500.0,77.0735
5093125.0,77.7916
5093750.0,76.8788
5094375.0,74.7329
5095000.0,216.7230
5095625.0,237.3433
5096250.0,228.9345
5096875.0,213.5406
5097500.0,222.8210
5098125.0,205.3879
5098750.0,225.3979
5099375.0,222.7682
5100000.0,73.2343
5100625.0,81.3739
5101250.0,71.0413
5101875.0,78.0631
5102500.0,83.6439
5103125.0,79.4613
5103750.0,75.2811
5104375.0,71.1246
5105000.0,70.2650
5105625.0,73.8485
5106250.0,72.8100
5106875.0,72.6873
5107500.0,74.1698
5108125.0,75.0145
5108750.0,77.2292
5109375.0,70.7335
5110000.0,72.8279
5110625.0,74.7980
5111250.0,74.6630
5111875.0,82.3233
5112500.0,76.2756
5113125.0,69.3168
5113750.0,229.7045
5114375.0,231.1387
5115000.0,223.5923
5115625.0,211.3493
5116250.0,244.7781
5116875.0,212.9638
5117500.0,232.4337
5118125.0,227.2506
5118750.0,77.6651
5119375.0,81.8349
5120000.0,77.5174
5120625.0,73.2938
5121250.0,79.5696
5121875.0,73.0208
5122500.0,76.0166
5123125.0,70.5251
5123750.0,71.5045
5124375.0,75.5937
5125000.0,76.7877
5125625.0,68.9820
5126250.0,77.2748
5126875.0,72.3108
5127500.0,80.2244
5128125.0,74.0731
5128750.0,71.1639
5129375.0,75.6858
5130000.0,71.9458
5130625.0,80.1839
5131250.0,75.4020
5131875.0,74.8282
5132500.0,231.6578
5133125.0,213.6943
5133750.0,210.4970
5134375.0,229.5940
5135000.0,212.6287
5135625.0,212.6249
5136250.0,234.4135
5136875.0,230.9070
5137500.0,70.6731
5138125.0,73.0659
5138750.0,71.9929
5139375.0,82.0967
5140000.0,78.8157
5140625.0,73.8134
5141250.0,77.5723
5141875.0,70.2872
5142500.0,72.8641
5143125.0,75.7953
5143750.0,77.1049
5144375.0,75.0326
5145000.0,76.3350
5145625.0,75.6953
5146250.0,74.7833
5146875.0,74.2835
5147500.0,73.7930
5148125.0,76.2744
5148750.0,76.9488
5149375.0,76.1478
5150000.0,70.9567
5150625.0,71.6340
5151250.0,229.4874
5151875.0,241.5563
5152500.0,226.7147
5153125.0,220.3687
5153750.0,227.5238
5154375.0,212.2108
5155000.0,239.7256
5155625.0,227.0992
5156250.0,72.8761
5156875.0,74.7712
5157500.0,73.4131
5158125.0,80.3450
5158750.0,74.6376
5159375.0,75.9857
5160000.0,77.5629
5160625.0,72.6073
5161250.0,76.1303
5161875.0,76.4346
5162500.0,69.5411
5163125.0,76.3527
5163750.0,75.2275
5164375.0,75.8900
5165000.0,75.5343
5165625.0,76.3771
5166250.0,80.4418
5166875.0,70.9533
5167500.0,74.1101
5168125.0,77.9132
5168750.0,77.2131
5169375.0,77.1320
5170000.0,255.9777
5170625.0,231.9090
5171250.0,237.7231
5171875.0,221.5454
5172500.0,213.8297
5173125.0,221.4639
5173750.0,233.0096
5174375.0,229.5768
5175000.0,76.9203
5175625.0,74.5919
5176250.0,73.9908
5176875.0,74.7219
5177500.0,78.1313
5178125.0,78.5695
5178750.0,71.6065
5179375.0,78.2740
5180000.0,72.9468
5180625.0,77.1678
5181250.0,74.6763
5181875.0,81.3030
5182500.0,73.8239
5183125.0,76.0734
5183750.0,77.6869
5184375.0,72.1052
5185000.0,75.1253
5185625.0,74.3950
5186250.0,73.4629
5186875.0,73.7422
5187500.0,79.5923
5188125.0,73.1435
5188750.0,231.3721
5189375.0,228.5392
5190000.0,209.2840
5190625.0,230.8407
5191250.0,209.0980
5191875.0,232.0660
5192500.0,219.2941
5193125.0,225.0941
5193750.0,70.5206
5194375.0,75.8614
5195000.0,78.8946
5195625.0,72.3577
5196250.0,73.1110
5196875.0,77.1139
5197500.0,77.2082
5198125.0,66.2231
5198750.0,82.9981
5199375.0,77.3926
5200000.0,78.0274
5200625.0,74.8589
5201250.0,68.4053
5201875.0,77.9437
5202500.0,73.2692
5203125.0,77.4506
5203750.0,74.5751
5204375.0,76.2974
5205000.0,72.4783
5205625.0,78.6587
5206250.0,70.9198
5206875.0,83.8658
5207500.0,250.1769
5208125.0,243.3679
5208750.0,239.3491
5209375.0,224.0488
5210000.0,238.1237
5210625.0,223.9180
5211250.0,207.5229
5211875.0,241.9110
5212500.0,79.6557
5213125.0,75.2819
5213750.0,70.7811
5214375.0,73.1900
5215000.0,68.5343
5215625.0,78.9630
5216250.0,69.3555
5216875.0,76.4814
5217500.0,72.2193
5218125.0,70.0213
5218750.0,76.2986
5219375.0,74.1416
5220000.0,78.5600
5220625.0,70.6211
5221250.0,72.5449
5221875.0,66.3986
5222500.0,67.1650
5223125.0,82.1792
5223750.0,83.2552
5224375.0,75.7496
5225000.0,72.2942
5225625.0,74.2748
5226250.0,234.8277
5226875.0,219.2131
5227500.0,227.6734
5228125.0,224.8565
5228750.0,218.6009
5229375.0,219.0803
5230000.0,228.2999
5230625.0,214.0100
5231250.0,77.1030
5231875.0,73.6221
5232500.0,75.8802
5233125.0,80.6175
5233750.0,74.7659
5234375.0,78.8677
5235000.0,68.6440
5235625.0,73.6267
5236250.0,75.5044
5236875.0,82.6510
5237500.0,68.0110
5238125.0,75.0373
5238750.0,80.8917
5239375.0,72.4405
5240000.0,74.5976
5240625.0,76.6507
5241250.0,76.0956
5241875.0,81.3030
5242500.0,77.0907
5243125.0,80.4057
5243750.0,74.0428
5244375.0,72.6082
5245000.0,222.4606
5245625.0,211.9601
5246250.0,230.4395
5246875.0,220.6589
5247500.0,217.4424
5248125.0,230.6099
5248750.0,212.1332
5249375.0,233.6681
5250000.0,73.5967
5250625.0,79.7698
5251250.0,73.9194
5251875.0,77.7823
5252500.0,76.0770
5253125.0,78.2045
5253750.0,75.8145
5254375.0,69.1290
5255000.0,79.2032
5255625.0,75.0694
5256250.0,78.3765
5256875.0,78.0022
5257500.0,72.4847
5258125.0,71.9512
5258750.0,77.8707
5259375.0,74.2568
5260000.0,78.9303
5260625.0,74.7282
5261250.0,79.2583
5261875.0,76.9959
5262500.0,76.4857
5263125.0,73.9900
5263750.0,227.6148
5264375.0,238.4196
5265000.0,224.3901
5265625.0,230.9757
5266250.0,225.5216
5266875.0,226.4018
5267500.0,244.3884
5268125.0,238.5195
5268750.0,75.6994
5269375.0,76.2085
5270000.0,72.7539
5270625.0,74.7479
5271250.0,76.5664
5271875.0,78.6068
5272500.0,78.2246
5273125.0,71.2181
5273750.0,79.0832
5274375.0,75.0653
5275000.0,71.6790
5275625.0,80.4382
5276250.0,80.9166
5276875.0,76.3943
5277500.0,78.0722
5278125.0,78.2933
5278750.0,80.6621
5279375.0,78.1448
5280000.0,70.3946
5280625.0,82.9770
5281250.0,79.4175
5281875.0,73.4791
5282500.0,213.4167
5283125.0,230.6792
5283750.0,221.8696
5284375.0,228.7124
5285000.0,233.3633
5285625.0,218.6275
5286250.0,212.4438
5286875.0,229.3405
5287500.0,73.3891
5288125.0,75.9508
5288750.0,70.3357
5289375.0,74.4493
5290000.0,78.0954
5290625.0,77.6844
5291250.0,72.4279
5291875.0,70.9956
5292500.0,75.4594
5293125.0,77.5151
5293750.0,76.9275
5294375.0,73.4692
5295000.0,76.5228
5295625.0,81.0639
5296250.0,76.1734
5296875.0,69.2430
5297500.0,76.1661
5298125.0,83.1057
5298750.0,70.5465
5299375.0,75.5121
5300000.0,74.5467
5300625.0,75.7615
5301250.0,227.1853
5301875.0,237.8247
5302500.0,225.9538
5303125.0,239.3692
5303750.0,223.6764
5304375.0,221.0610
5305000.0,217.4717
5305625.0,204.5578
5306250.0,76.4397
5306875.0,83.1436
5307500.0,77.1275
5308125.0,77.9890
5308750.0,73.8429
5309375.0,74.4789
5310000.0,79.1121
5310625.0,82.9728
5311250.0,81.0096
5311875.0,78.4358
5312500.0,75.5325
5313125.0,76.1906
5313750.0,72.5593
5314375.0,69.9404
5315000.0,71.1520
5315625.0,75.5877
5316250.0,74.2992
5316875.0,69.8602
5317500.0,75.2593
5318125.0,74.1995
5318750.0,70.9784
5319375.0,74.0044
5320000.0,221.3893
5320625.0,218.0628
5321250.0,235.4250
5321875.0,203.5924
5322500.0,202.6598
5323125.0,225.0370
5323750.0,226.0814
5324375.0,229.5474
5325000.0,73.3681
5325625.0,71.9394
5326250.0,75.3724
5326875.0,73.7353
5327500.0,81.2475
5328125.0,74.1777
5328750.0,75.1995
5329375.0,84.7323
5330000.0,74.6658
5330625.0,77.4967
5331250.0,77.8366
5331875.0,78.1574
5332500.0,76.4914
5333125.0,76.1308
5333750.0,75.7783
5334375.0,73.2285
5335000.0,76.6272
5335625.0,83.0480
5336250.0,79.9643
5336875.0,76.5458
5337500.0,78.6265
5338125.0,72.1232
5338750.0,222.0692
5339375.0,235.6633
5340000.0,241.7306
5340625.0,216.3278
5341250.0,219.5596
5341875.0,249.5405
5342500.0,226.0829
5343125.0,245.5128
5343750.0,76.1799
5344375.0,76.3281
5345000.0,74.2483
5345625.0,78.9534
5346250.0,80.5188
5346875.0,71.4980
5347500.0,74.0713
5348125.0,78.8498
5348750.0,74.9116
5349375.0,73.5399
5350000.0,79.2060
5350625.0,79.5600
5351250.0,73.7048
5351875.0,76.2006
5352500.0,70.8441
5353125.0,72.0240
5353750.0,75.8681
5354375.0,75.5184
5355000.0,71.7549
5355625.0,72.7008
5356250.0,71.3848
5356875.0,77.1156
5357500.0,202.8641
5358125.0,213.6198
5358750.0,204.0419
5359375.0,229.7140
5360000.0,204.7192
5360625.0,225.3570
5361250.0,243.4446
5361875.0,243.8261
5362500.0,68.5917
5363125.0,76.5250
5363750.0,71.6716
5364375.0,70.9019
5365000.0,74.9722
5365625.0,80.0307
5366250.0,77.6607
5366875.0,72.7039
5367500.0,78.0580
5368125.0,66.9412
5368750.0,72.5614
5369375.0,72.2939
5370000.0,75.6953
5370625.0,74.6353
5371250.0,74.8667
5371875.0,74.7413
5372500.0,75.4845
5373125.0,77.4363
5373750.0,75.9630
5374375.0,74.3280
5375000.0,76.9146
5375625.0,78.5145
5376250.0,218.7447
5376875.0,224.3317
5377500.0,238.0714
5378125.0,212.5939
5378750.0,245.3029
5379375.0,209.9345
5380000.0,221.1146
5380625.0,214.3104
5381250.0,83.6485
5381875.0,73.5024
5382500.0,73.5118
5383125.0,74.0023
5383750.0,75.7604
5384375.0,74.1618
5385000.0,74.8990
5385625.0,62.0949
5386250.0,75.6155
5386875.0,75.4671
5387500.0,79.3154
5388125.0,80.3352
5388750.0,74.6923
5389375.0,78.4772
5390000.0,71.2471
5390625.0,78.2929
5391250.0,73.2418
5391875.0,70.9337
5392500.0,74.7003
5393125.0,80.6798
5393750.0,76.0824
5394375.0,81.0418
5395000.0,216.5768
5395625.0,236.7883
5396250.0,217.6632
5396875.0,227.5349
5397500.0,227.4377
5398125.0,232.4418
5398750.0,227.8208
5399375.0,216.6842
5400000.0,78.7188
5400625.0,81.9283
5401250.0,73.1991
5401875.0,68.4812
5402500.0,77.2824
5403125.0,74.1514
5403750.0,74.9057
5404375.0,77.4968
5405000.0,73.6794
5405625.0,74.3864
5406250.0,75.0225
5406875.0,80.9410
5407500.0,75.5134
5408125.0,70.7415
5408750.0,70.8915
5409375.0,75.9249
5410000.0,71.1421
5410625.0,69.5101
5411250.0,77.7960
5411875.0,77.9806
5412500.0,74.0121
5413125.0,76.5071
5413750.0,227.1164
5414375.0,231.7772
5415000.0,231.8034
5415625.0,195.6849
5416250.0,222.2944
5416875.0,230.8264
5417500.0,220.3824
5418125.0,225.4073
5418750.0,78.2301
5419375.0,75.7051
5420000.0,81.0849
5420625.0,79.6487
5421250.0,74.9530
5421875.0,74.6534
5422500.0,64.6543
5423125.0,74.1691
5423750.0,70.2982
5424375.0,76.2340
5425000.0,75.9763
5425625.0,78.0234
5426250.0,80.6654
5426875.0,75.3010
5427500.0,83.9972
5428125.0,76.2763
5428750.0,70.4605
5429375.0,73.2810
5430000.0,73.9947
5430625.0,77.6323
5431250.0,71.8289
5431875.0,74.2766
5432500.0,223.1883
5433125.0,219.9586
5433750.0,234.1284
5434375.0,232.2149
5435000.0,238.1239
5435625.0,221.2760
5436250.0,238.5284
5436875.0,209.6550
5437500.0,70.1658
5438125.0,70.8240
5438750.0,75.4347
5439375.0,79.9330
5440000.0,73.1299
5440625.0,73.6029
5441250.0,74.5856
5441875.0,77.5596
5442500.0,73.5994
5443125.0,73.3890
5443750.0,70.3279
5444375.0,73.2446
5445000.0,79.8390
5445625.0,75.7428
5446250.0,72.6107
5446875.0,80.0603
5447500.0,73.1937
5448125.0,80.7532
5448750.0,80.6916
5449375.0,75.6112
5450000.0,69.7505
5450625.0,84.0314
5451250.0,229.3569
5451875.0,221.3563
5452500.0,235.7564
5453125.0,232.9009
5453750.0,239.7481
5454375.0,217.5486
5455000.0,228.5828
5455625.0,211.6590
5456250.0,77.9121
5456875.0,75.3135
5457500.0,76.4594
5458125.0,74.8483
5458750.0,74.4538
5459375.0,72.1268
5460000.0,78.3799
5460625.0,81.0162
5461250.0,73.3014
5461875.0,77.4868
5462500.0,77.0293
5463125.0,75.4305
5463750.0,69.6447
5464375.0,70.4930
5465000.0,72.4557
5465625.0,67.3360
5466250.0,80.7083
5466875.0,76.7862
5467500.0,75.2870
5468125.0,67.1428
5468750.0,68.5240
5469375.0,75.3912
5470000.0,247.1680
5470625.0,217.1403
5471250.0,234.7177
5471875.0,219.6011
5472500.0,225.6214
5473125.0,238.6652
5473750.0,221.1080
5474375.0,217.2363
5475000.0,80.7461
5475625.0,75.5718
5476250.0,79.5138
5476875.0,72.8166
5477500.0,80.7032
5478125.0,76.4316
5478750.0,77.0391
5479375.0,75.8962
5480000.0,73.4944
5480625.0,75.3937
5481250.0,73.7314
5481875.0,79.0175
5482500.0,74.6345
5483125.0,69.7582
5483750.0,69.0686
5484375.0,68.8903
5485000.0,77.7297
5485625.0,71.0588
5486250.0,76.5313
5486875.0,75.9149
5487500.0,75.1560
5488125.0,77.0528
5488750.0,226.7809
5489375.0,194.5155
5490000.0,221.3592
5490625.0,229.7824
5491250.0,243.4532
5491875.0,243.9726
5492500.0,209.6646
5493125.0,221.0656
5493750.0,69.4957
5494375.0,81.1300
5495000.0,79.2185
5495625.0,76.7217
5496250.0,76.0262
5496875.0,80.6050
5497500.0,79.9667
5498125.0,79.7658
5498750.0,77.1217
5499375.0,74.0834
5500000.0,78.2921
5500625.0,78.4765
5501250.0,74.6813
5501875.0,74.0758
5502500.0,79.6726
5503125.0,81.6737
5503750.0,72.5748
5504375.0,74.4071
5505000.0,76.7230
5505625.0,77.2345
5506250.0,73.4307
5506875.0,82.5009
5507500.0,229.7486
5508125.0,230.9781
5508750.0,244.7874
5509375.0,219.9481
5510000.0,224.0051
5510625.0,210.9001
5511250.0,223.0611
5511875.0,208.2496
5512500.0,78.2194
5513125.0,76.9834
5513750.0,74.3554
5514375.0,75.0214
5515000.0,78.2707
5515625.0,71.1180
5516250.0,76.1697
5516875.0,78.0372
5517500.0,68.6808
5518125.0,77.9822
5518750.0,69.0888
5519375.0,74.9567
5520000.0,71.0140
5520625.0,80.7958
5521250.0,71.0377
5521875.0,69.1788
5522500.0,75.9027
5523125.0,73.8403
5523750.0,69.7276
5524375.0,77.3823
5525000.0,67.8920
5525625.0,71.4934
5526250.0,218.5288
5526875.0,234.0250
5527500.0,239.5740
5528125.0,237.4063
5528750.0,223.2757
5529375.0,197.6928
5530000.0,229.3971
5530625.0,241.5440
5531250.0,80.0514
5531875.0,77.1453
5532500.0,70.9156
5533125.0,73.4196
5533750.0,82.6905
5534375.0,70.0589
5535000.0,71.0726
5535625.0,78.9534
5536250.0,73.7745
5536875.0,70.9448
5537500.0,81.1605
5538125.0,77.1382
5538750.0,73.9606
5539375.0,71.0804
5540000.0,83.1187
5540625.0,75.3078
5541250.0,80.6679
5541875.0,78.7690
5542500.0,73.4362
5543125.0,73.4662
5543750.0,80.8526
5544375.0,80.9137
5545000.0,203.8847
5545625.0,231.1850
5546250.0,223.6363
5546875.0,213.3751
5547500.0,227.9446
5548125.0,209.8170
5548750.0,219.7524
5549375.0,216.0172
5550000.0,73.5158
5550625.0,75.1305
5551250.0,71.5713
5551875.0,81.3309
5552500.0,77.2597
5553125.0,82.1655
5553750.0,74.7965
5554375.0,73.3311
5555000.0,82.0292
5555625.0,73.2207
5556250.0,74.7278
5556875.0,78.1146
5557500.0,70.7338
5558125.0,78.0816
5558750.0,77.5992
5559375.0,80.1854
5560000.0,78.7555
5560625.0,80.3009
5561250.0,74.9837
5561875.0,72.1477
5562500.0,83.3546
5563125.0,69.6444
5563750.0,208.9517
5564375.0,231.3577
5565000.0,243.2811
5565625.0,227.1324
5566250.0,236.2422
5566875.0,202.5472
5567500.0,219.3801
5568125.0,203.9181
5568750.0,78.3421
5569375.0,69.5669
5570000.0,70.5826
5570625.0,77.3379
5571250.0,79.4031
5571875.0,74.8007
5572500.0,77.5496
5573125.0,77.4275
5573750.0,74.5878
5574375.0,71.2730
5575000.0,77.5296
5575625.0,77.7114
5576250.0,78.7705
5576875.0,76.5765
5577500.0,70.9948
5578125.0,78.0026
5578750.0,75.3948
5579375.0,73.5801
5580000.0,74.2892
5580625.0,72.7977
5581250.0,78.7509
5581875.0,70.0537
5582500.0,213.8233
5583125.0,221.3013
5583750.0,243.1547
5584375.0,236.8607
5585000.0,206.5405
5585625.0,240.2027
5586250.0,240.1810
5586875.0,211.7924
5587500.0,65.8941
5588125.0,75.1277
5588750.0,79.6315
5589375.0,81.3991
5590000.0,72.1170
5590625.0,82.0050
5591250.0,67.0007
5591875.0,74.0124
5592500.0,73.8271
5593125.0,79.7443
5593750.0,80.2946
5594375.0,78.9974
5595000.0,70.3084
5595625.0,78.6521
5596250.0,77.3191
5596875.0,69.0994
5597500.0,67.6074
5598125.0,79.3132
5598750.0,74.7210
5599375.0,70.5549
5600000.0,74.6152
5600625.0,76.7724
5601250.0,224.0679
5601875.0,207.5402
5602500.0,246.2125
5603125.0,236.2975
5603750.0,221.2270
5604375.0,221.6802
5605000.0,229.0442
5605625.0,212.2918
5606250.0,76.6165
5606875.0,70.3831
5607500.0,75.1341
5608125.0,70.9945
5608750.0,71.1848
5609375.0,81.6044
5610000.0,75.6233
5610625.0,76.1819
5611250.0,67.8171
5611875.0,73.1493
5612500.0,77.1388
5613125.0,76.1319
5613750.0,67.2793
5614375.0,76.1809
5615000.0,76.7819
5615625.0,80.2398
5616250.0,72.9298
5616875.0,66.9474
5617500.0,71.6422
5618125.0,71.2641
5618750.0,78.1774
5619375.0,65.1579
5620000.0,219.9560
5620625.0,241.0402
5621250.0,225.0811
5621875.0,235.0836
5622500.0,206.5298
5623125.0,206.9776
5623750.0,241.1690
5624375.0,226.1387
5625000.0,75.7893
5625625.0,71.1846
5626250.0,75.7799
5626875.0,71.0798
5627500.0,79.8745
5628125.0,85.6839
5628750.0,77.2245
5629375.0,73.0063
5630000.0,65.8481
5630625.0,69.0496
5631250.0,81.2618
5631875.0,71.5199
5632500.0,74.0020
5633125.0,77.8706
5633750.0,80.9882
5634375.0,74.6476
5635000.0,73.8744
5635625.0,75.6700
5636250.0,73.0338
5636875.0,73.2367
5637500.0,76.9528
5638125.0,76.0985
5638750.0,248.9806
5639375.0,229.9370
5640000.0,237.9504
5640625.0,212.9480
5641250.0,230.9080
5641875.0,216.8665
5642500.0,229.4488
5643125.0,232.7458
5643750.0,75.5880
5644375.0,84.4756
5645000.0,80.7835
5645625.0,79.8382
5646250.0,78.2814
5646875.0,82.0479
5647500.0,69.9826
5648125.0,80.5660
5648750.0,71.6630
5649375.0,73.2724
5650000.0,77.5164
5650625.0,80.0492
5651250.0,71.0510
5651875.0,73.4677
5652500.0,75.7677
5653125.0,74.6974
5653750.0,78.6197
5654375.0,88.3534
5655000.0,76.9808
5655625.0,72.6283
5656250.0,70.5122
5656875.0,74.1738
5657500.0,214.4222
5658125.0,230.2599
5658750.0,230.0852
5659375.0,219.7894
5660000.0,247.3307
5660625.0,216.7262
5661250.0,223.6564
5661875.0,232.1906
5662500.0,78.7630
5663125.0,80.2165
5663750.0,77.0154
5664375.0,79.3619
5665000.0,72.8925
5665625.0,78.8612
5666250.0,78.8108
5666875.0,81.1036
5667500.0,69.1100
5668125.0,71.9799
5668750.0,78.5032
5669375.0,65.4044
5670000.0,77.2549
5670625.0,79.3955
5671250.0,73.2271
5671875.0,73.7782
5672500.0,71.3505
5673125.0,73.4338
5673750.0,73.5430
5674375.0,72.8257
5675000.0,72.6190
5675625.0,74.3783
5676250.0,221.8151
5676875.0,246.0840
5677500.0,220.5654
5678125.0,228.8717
5678750.0,218.5101
5679375.0,218.3670
5680000.0,205.8258
5680625.0,207.3221
5681250.0,70.8496
5681875.0,76.0925
5682500.0,79.4572
5683125.0,68.6643
5683750.0,73.3300
5684375.0,70.2468
5685000.0,74.4037
5685625.0,79.4557
5686250.0,73.7153
5686875.0,75.2209
5687500.0,80.8862
5688125.0,77.1263
5688750.0,72.5345
5689375.0,75.9991
5690000.0,72.2801
5690625.0,76.9852
5691250.0,77.3428
5691875.0,70.2458
5692500.0,76.0603
5693125.0,74.9567
5693750.0,77.4534
5694375.0,78.5342
5695000.0,230.3713
5695625.0,221.5891
5696250.0,235.5000
5696875.0,215.1780
5697500.0,210.1441
5698125.0,189.0530
5698750.0,224.2109
5699375.0,215.7576
5700000.0,76.8995
5700625.0,67.9685
5701250.0,72.9601
5701875.0,77.1729
5702500.0,71.5175
5703125.0,76.9429
5703750.0,73.3000
5704375.0,75.2763
5705000.0,77.6437
5705625.0,78.9920
5706250.0,75.7487
5706875.0,72.3312
5707500.0,73.6732
5708125.0,77.8013
5708750.0,71.5499
5709375.0,74.7287
5710000.0,73.9452
5710625.0,75.0103
5711250.0,71.5950
5711875.0,68.4182
5712500.0,77.3632
5713125.0,79.0348
5713750.0,204.8380
5714375.0,229.1504
5715000.0,237.1858
5715625.0,231.7040
5716250.0,220.3125
5716875.0,214.3857
5717500.0,225.9110
5718125.0,227.7876
5718750.0,75.7612
5719375.0,74.7209
5720000.0,71.3184
5720625.0,76.9935
5721250.0,77.1751
5721875.0,76.1571
5722500.0,75.8184
5723125.0,81.7308
5723750.0,73.0461
5724375.0,80.2310
5725000.0,72.6327
5725625.0,79.5807
5726250.0,80.0498
5726875.0,74.2952
5727500.0,81.6618
5728125.0,77.1683
5728750.0,72.0927
5729375.0,73.9894
5730000.0,79.6705
5730625.0,78.8800
5731250.0,71.4112
5731875.0,74.8750
5732500.0,227.2896
5733125.0,219.2894
5733750.0,251.5252
5734375.0,227.6287
5735000.0,224.3046
5735625.0,238.3971
5736250.0,220.8913
5736875.0,236.3336
5737500.0,69.1126
5738125.0,73.6897
5738750.0,79.3550
5739375.0,81.3196
5740000.0,72.4847
5740625.0,72.0454
5741250.0,77.5393
5741875.0,73.0512
5742500.0,74.3875
5743125.0,78.7040
5743750.0,73.3487
5744375.0,67.9903
5745000.0,70.4949
5745625.0,75.4375
5746250.0,68.3749
5746875.0,74.2797
5747500.0,70.1518
5748125.0,81.5826
5748750.0,83.5626
5749375.0,71.4106
5750000.0,76.3680
5750625.0,71.7793
5751250.0,221.5202
5751875.0,245.2890
5752500.0,219.7498
5753125.0,221.7821
5753750.0,214.3965
5754375.0,237.8946
5755000.0,188.2882
5755625.0,220.0185
5756250.0,75.2270
5756875.0,72.9077
5757500.0,78.6556
5758125.0,79.9316
5758750.0,70.0766
5759375.0,83.2924
5760000.0,70.0343
5760625.0,80.2581
5761250.0,75.9649
5761875.0,73.5010
5762500.0,73.8567
5763125.0,75.2737
5763750.0,76.1857
5764375.0,71.9310
5765000.0,74.5180
5765625.0,72.4946
5766250.0,70.8193
5766875.0,72.3187
5767500.0,71.0646
5768125.0,73.8160
5768750.0,77.0304
5769375.0,75.8551
5770000.0,247.2114
5770625.0,200.1324
5771250.0,230.2801
5771875.0,225.0722
5772500.0,234.1763
5773125.0,233.0602
5773750.0,223.1438
5774375.0,226.9423
5775000.0,72.5949
5775625.0,77.7136
5776250.0,68.3166
5776875.0,78.3286
5777500.0,75.3126
5778125.0,73.5638
5778750.0,74.5233
5779375.0,74.7998
5780000.0,80.2908
5780625.0,87.5903
5781250.0,79.9989
5781875.0,73.2687
5782500.0,77.7743
5783125.0,77.9385
5783750.0,71.9121
5784375.0,70.6468
5785000.0,75.1614
5785625.0,78.4451
5786250.0,69.3235
5786875.0,72.6822
5787500.0,77.5589
5788125.0,75.5573
5788750.0,240.9331
5789375.0,209.1221
5790000.0,251.4619
5790625.0,207.6976
5791250.0,202.1719
5791875.0,224.3372
5792500.0,212.2373
5793125.0,224.5640
5793750.0,75.1220
5794375.0,74.6619
5795000.0,72.2241
5795625.0,77.0311
5796250.0,74.2036
5796875.0,79.5608
5797500.0,74.7200
5798125.0,71.7633
5798750.0,69.0373
5799375.0,74.7511
5800000.0,70.6151
5800625.0,70.3106
5801250.0,77.3885
5801875.0,68.6982
5802500.0,80.7240
5803125.0,76.0021
5803750.0,75.2347
5804375.0,71.4989
5805000.0,78.2817
5805625.0,75.3890
5806250.0,72.8134
5806875.0,76.1533
5807500.0,206.0687
5808125.0,206.6026
5808750.0,212.3979
5809375.0,228.9322
5810000.0,224.9633
5810625.0,236.8010
5811250.0,214.6501
5811875.0,231.4650
5812500.0,74.9707
5813125.0,71.8447
5813750.0,76.8526
5814375.0,75.1511
5815000.0,73.0282
5815625.0,75.5583
5816250.0,74.9117
5816875.0,74.8206
5817500.0,73.8445
5818125.0,70.4803
5818750.0,75.6819
5819375.0,72.3738
5820000.0,71.5534
5820625.0,74.4926
5821250.0,78.1673
5821875.0,76.0998
5822500.0,73.3976
5823125.0,73.2460
5823750.0,77.7970
5824375.0,66.3643
5825000.0,78.4061
5825625.0,68.3350
5826250.0,209.0767
5826875.0,219.2145
5827500.0,249.4139
5828125.0,243.8710
5828750.0,232.9480
5829375.0,229.0111
5830000.0,204.0494
5830625.0,226.7635
5831250.0,73.3294
5831875.0,72.3212
5832500.0,75.9836
5833125.0,73.6239
5833750.0,78.6773
5834375.0,68.1015
5835000.0,75.6828
5835625.0,72.0858
5836250.0,73.8557
5836875.0,76.5484
5837500.0,71.1877
5838125.0,76.0192
5838750.0,74.5995
5839375.0,72.9096
5840000.0,73.6259
5840625.0,74.8173
5841250.0,72.5053
5841875.0,75.4267
5842500.0,74.3513
5843125.0,73.0955
5843750.0,81.3937
5844375.0,76.9655
5845000.0,220.6945
5845625.0,226.6409
5846250.0,213.4483
5846875.0,220.0863
5847500.0,221.3991
5848125.0,210.9736
5848750.0,229.3577
5849375.0,219.3119
5850000.0,74.0599
5850625.0,73.2559
5851250.0,86.5558
5851875.0,72.9019
5852500.0,67.6011
5853125.0,69.3683
5853750.0,78.2626
5854375.0,80.4384
5855000.0,72.8296
5855625.0,80.2216
5856250.0,78.1958
5856875.0,74.6857
5857500.0,74.4181
5858125.0,76.0819
5858750.0,78.7080
5859375.0,76.8978
5860000.0,72.8484
5860625.0,74.7432
5861250.0,82.8694
5861875.0,76.3471
5862500.0,78.6774
5863125.0,77.4354
5863750.0,228.0753
5864375.0,226.2229
5865000.0,235.0956
5865625.0,233.0847
5866250.0,227.9688
5866875.0,217.1952
5867500.0,229.3375
5868125.0,224.2462
5868750.0,74.2379
5869375.0,85.4990
5870000.0,69.5978
5870625.0,79.0136
5871250.0,72.1477
5871875.0,75.8946
5872500.0,85.0836
5873125.0,71.7719
5873750.0,72.6710
5874375.0,75.3340
5875000.0,72.2060
5875625.0,78.7329
5876250.0,73.3848
5876875.0,77.8656
5877500.0,70.3890
5878125.0,68.5882
5878750.0,74.5367
5879375.0,69.4867
5880000.0,81.1239
5880625.0,69.6326
5881250.0,71.4879
5881875.0,76.9593
5882500.0,218.4034
5883125.0,207.9181
5883750.0,247.9496
5884375.0,213.7316
5885000.0,222.7921
5885625.0,222.6466
5886250.0,232.9910
5886875.0,230.2015
5887500.0,72.2830
5888125.0,74.1716
5888750.0,74.5445
5889375.0,78.2236
5890000.0,70.9954
5890625.0,83.0083
5891250.0,72.5379
5891875.0,75.3670
5892500.0,71.0268
5893125.0,70.5059
5893750.0,72.1034
5894375.0,71.7411
5895000.0,73.8383
5895625.0,71.7093
5896250.0,78.0222
5896875.0,72.4482
5897500.0,72.0303
5898125.0,73.9185
5898750.0,79.1430
5899375.0,76.2101
5900000.0,75.0242
5900625.0,69.9974
5901250.0,212.1445
5901875.0,210.6179
5902500.0,239.7021
5903125.0,230.9688
5903750.0,215.3068
5904375.0,218.6508
5905000.0,215.7155
5905625.0,215.0341
5906250.0,77.1353
5906875.0,74.3160
5907500.0,83.2460
5908125.0,80.1139
5908750.0,80.3367
5909375.0,77.9310
5910000.0,73.8066
5910625.0,77.6537
5911250.0,74.0849
5911875.0,81.5461
5912500.0,76.9241
5913125.0,76.3891
5913750.0,75.8791
5914375.0,81.9608
5915000.0,69.9948
5915625.0,82.3303
5916250.0,74.6982
5916875.0,70.0988
5917500.0,72.5642
5918125.0,69.1765
5918750.0,77.8643
5919375.0,71.4856
5920000.0,226.8975
5920625.0,237.7599
5921250.0,217.4398
5921875.0,221.9838
5922500.0,210.3371
5923125.0,220.6310
5923750.0,253.9578
5924375.0,233.7517
5925000.0,74.4020
5925625.0,73.0939
5926250.0,75.2393
5926875.0,75.8903
5927500.0,73.8201
5928125.0,77.3983
5928750.0,71.8055
5929375.0,71.7869
5930000.0,76.7956
5930625.0,70.9942
5931250.0,78.1484
5931875.0,75.3462
5932500.0,68.5088
5933125.0,75.8128
5933750.0,69.0470
5934375.0,78.0140
5935000.0,74.4623
5935625.0,82.3786
5936250.0,79.4388
5936875.0,71.4012
5937500.0,67.7818
5938125.0,72.5533
5938750.0,211.2608
5939375.0,245.5396
5940000.0,224.8840
5940625.0,235.5010
5941250.0,221.7934
5941875.0,222.9787
5942500.0,224.6329
5943125.0,237.4486
5943750.0,76.5748
5944375.0,71.4139
5945000.0,81.5169
5945625.0,74.2961
5946250.0,73.6827
5946875.0,64.7328
5947500.0,77.7917
5948125.0,75.7808
5948750.0,75.7767
5949375.0,73.8814
5950000.0,73.2314
5950625.0,74.0067
5951250.0,77.1461
5951875.0,77.8095
5952500.0,74.5290
5953125.0,78.9775
5953750.0,75.1023
5954375.0,73.4991
5955000.0,76.1480
5955625.0,70.2751
5956250.0,76.2773
5956875.0,69.5860
5957500.0,213.4381
5958125.0,202.2897
5958750.0,223.0299
5959375.0,243.1084
5960000.0,223.6829
5960625.0,232.2403
5961250.0,251.4635
5961875.0,229.5456
5962500.0,72.5152
5963125.0,73.0341
5963750.0,75.4025
5964375.0,73.0140
5965000.0,73.2960
5965625.0,79.1144
5966250.0,79.2686
5966875.0,69.1912
5967500.0,72.3155
5968125.0,73.6507
5968750.0,77.6586
5969375.0,79.7094
5970000.0,85.5864
5970625.0,73.6444
5971250.0,73.8327
5971875.0,77.6189
5972500.0,72.8280
5973125.0,74.8686
5973750.0,73.8353
5974375.0,65.5164
5975000.0,75.8646
5975625.0,74.7125
5976250.0,239.3013
5976875.0,225.0618
5977500.0,210.8841
5978125.0,222.0964
5978750.0,201.4753
5979375.0,211.3772
5980000.0,232.1494
5980625.0,222.2174
5981250.0,78.8779
5981875.0,67.9848
5982500.0,74.4859
5983125.0,73.6073
5983750.0,79.0035
5984375.0,77.9363
5985000.0,77.8213
5985625.0,81.2111
5986250.0,74.0123
5986875.0,80.4333
5987500.0,71.4633
5988125.0,71.3251
5988750.0,78.2379
5989375.0,69.7271
5990000.0,77.5593
5990625.0,75.7820
5991250.0,79.4409
5991875.0,75.1759
5992500.0,75.6113
5993125.0,77.3199
5993750.0,72.9018
5994375.0,72.7376
5995000.0,230.3373
5995625.0,224.6705
5996250.0,220.4177
5996875.0,224.0687
5997500.0,242.9388
5998125.0,220.0160
5998750.0,219.6898
5999375.0,205.7913
6000000.0,75.2403
6000625.0,77.8765
6001250.0,78.5525
6001875.0,75.8080
6002500.0,79.0035
6003125.0,78.1567
6003750.0,79.5958
6004375.0,79.1108
6005000.0,81.3188
6005625.0,74.7603
6006250.0,70.3970
6006875.0,77.9022
6007500.0,78.3427
6008125.0,81.3189
6008750.0,80.2305
6009375.0,82.7344
6010000.0,77.7368
6010625.0,76.2626
6011250.0,70.1786
6011875.0,76.5615
6012500.0,73.3171
6013125.0,76.1974
6013750.0,225.6133
6014375.0,230.3070
6015000.0,223.9050
6015625.0,235.5190
6016250.0,194.3645
6016875.0,227.1374
6017500.0,238.5280
6018125.0,246.0380
6018750.0,78.1595
6019375.0,81.7520
6020000.0,76.0369
6020625.0,75.4108
6021250.0,77.3959
6021875.0,75.3880
6022500.0,72.4505
6023125.0,73.4575
6023750.0,71.2072
6024375.0,77.3920
6025000.0,75.4429
6025625.0,74.0417
6026250.0,73.2636
6026875.0,77.3041
6027500.0,78.3423
6028125.0,71.1380
6028750.0,70.5454
6029375.0,78.9985
6030000.0,70.2157
6030625.0,77.4640
6031250.0,81.4957
6031875.0,81.5045
6032500.0,233.3011
6033125.0,232.9741
6033750.0,250.3340
6034375.0,198.7380
6035000.0,219.7762
6035625.0,234.5455
6036250.0,221.2055
6036875.0,238.9475
6037500.0,75.2516
6038125.0,75.8967
6038750.0,74.3645
6039375.0,73.4301
6040000.0,73.3374
6040625.0,76.4223
6041250.0,72.4799
6041875.0,78.9936
6042500.0,77.8627
6043125.0,79.5448
6043750.0,71.1440
6044375.0,68.9930
6045000.0,75.3842
6045625.0,86.3285
6046250.0,80.1736
6046875.0,73.3097
6047500.0,77.0004
6048125.0,78.1430
6048750.0,70.2412
6049375.0,80.5635
6050000.0,74.7688
6050625.0,75.0581
6051250.0,225.2676
6051875.0,237.8761
6052500.0,216.5042
6053125.0,205.7966
6053750.0,228.6332
6054375.0,202.0088
6055000.0,221.6126
6055625.0,238.3523
6056250.0,77.5832
6056875.0,79.3297
6057500.0,77.7387
6058125.0,84.4870
6058750.0,73.1823
6059375.0,76.9010
6060000.0,73.7483
6060625.0,79.0071
6061250.0,75.1679
6061875.0,81.8800
6062500.0,73.3988
6063125.0,80.7049
6063750.0,77.6361
6064375.0,75.2776
6065000.0,77.4450
6065625.0,76.3850
6066250.0,76.7419
6066875.0,74.6201
6067500.0,72.7550
6068125.0,74.1368
6068750.0,69.0545
6069375.0,78.5741
6070000.0,211.1044
6070625.0,222.5515
6071250.0,232.2905
6071875.0,234.4432
6072500.0,205.0352
6073125.0,223.9667
6073750.0,230.1721
6074375.0,225.5852
6075000.0,80.4672
6075625.0,72.3018
6076250.0,67.6751
6076875.0,78.4549
6077500.0,73.3752
6078125.0,68.7703
6078750.0,74.8024
6079375.0,80.0392
6080000.0,70.6375
6080625.0,84.2067
6081250.0,72.2412
6081875.0,75.7280
6082500.0,70.8039
6083125.0,75.5569
6083750.0,74.8958
6084375.0,69.7846
6085000.0,86.0534
6085625.0,73.5326
6086250.0,73.5359
6086875.0,79.0533
6087500.0,82.2397
6088125.0,79.6467
6088750.0,211.4867
6089375.0,227.4065
6090000.0,203.8346
6090625.0,235.1442
6091250.0,206.6041
6091875.0,215.9640
6092500.0,224.9640
6093125.0,230.0063
6093750.0,74.4163
6094375.0,81.1269
6095000.0,78.1266
6095625.0,77.8306
6096250.0,70.7652
6096875.0,81.8066
6097500.0,72.3724
6098125.0,81.9505
6098750.0,83.0237
6099375.0,77.3327
6100000.0,79.2907
6100625.0,63.7774
6101250.0,74.6648
6101875.0,79.5552
6102500.0,78.8854
6103125.0,70.8016
6103750.0,74.2927
6104375.0,65.8379
6105000.0,76.9570
6105625.0,68.2999
6106250.0,79.6619
6106875.0,79.8589
6107500.0,219.6634
6108125.0,230.8644
6108750.0,222.5576
6109375.0,227.7215
6110000.0,212.0933
6110625.0,232.0030
6111250.0,206.5367
6111875.0,204.4133
6112500.0,74.9403
6113125.0,74.6036
6113750.0,76.4266
6114375.0,72.9514
6115000.0,82.5091
6115625.0,76.0055
6116250.0,76.2780
6116875.0,76.1436
6117500.0,79.1810
6118125.0,77.5716
6118750.0,77.0664
6119375.0,78.1747
6120000.0,68.5212
6120625.0,68.6636
6121250.0,75.1133
6121875.0,74.6548
6122500.0,77.5859
6123125.0,75.4755
6123750.0,77.5936
6124375.0,70.7041
6125000.0,75.3595
6125625.0,70.3442
6126250.0,229.3522
6126875.0,203.8693
6127500.0,228.9185
6128125.0,208.4738
6128750.0,220.6853
6129375.0,235.0679
6130000.0,227.5580
6130625.0,206.4863
6131250.0,72.8651
6131875.0,69.7398
6132500.0,69.0108
6133125.0,75.8436
6133750.0,77.5123
6134375.0,77.0611
6135000.0,77.6719
6135625.0,75.3551
6136250.0,74.3693
6136875.0,71.3545
6137500.0,73.7409
6138125.0,70.4185
6138750.0,72.2137
6139375.0,75.7353
6140000.0,74.9559
6140625.0,86.9540
6141250.0,70.3264
6141875.0,74.9284
6142500.0,70.0325
6143125.0,73.9380
6143750.0,74.0915
6144375.0,78.5852
6145000.0,219.9413
6145625.0,222.8477
6146250.0,220.1589
6146875.0,209.2382
6147500.0,217.6638
6148125.0,220.7032
6148750.0,225.8305
6149375.0,231.2882
6150000.0,74.5156
6150625.0,74.4493
6151250.0,68.9125
6151875.0,77.4348
6152500.0,72.7765
6153125.0,78.2167
6153750.0,80.3630
6154375.0,74.6916
6155000.0,71.5421
6155625.0,75.3370
6156250.0,76.7146
6156875.0,74.2105
6157500.0,73.2736
6158125.0,77.5245
6158750.0,77.2759
6159375.0,74.0945
6160000.0,69.1642
6160625.0,77.1205
6161250.0,72.5072
6161875.0,76.2081
6162500.0,75.9699
6163125.0,68.2787
6163750.0,225.9122
6164375.0,230.7885
6165000.0,232.1680
6165625.0,226.3204
6166250.0,202.7567
6166875.0,239.3672
6167500.0,229.6240
6168125.0,211.4627
6168750.0,72.4301
6169375.0,76.2717
6170000.0,77.9628
6170625.0,73.5604
6171250.0,78.5122
6171875.0,68.6413
6172500.0,71.4699
6173125.0,67.6173
6173750.0,72.0168
6174375.0,81.0855
6175000.0,83.1579
6175625.0,76.2844
6176250.0,72.9931
6176875.0,74.5644
6177500.0,77.1845
6178125.0,69.5076
6178750.0,73.2417
6179375.0,80.8095
6180000.0,71.4577
6180625.0,72.5762
6181250.0,75.4497
6181875.0,76.4674
6182500.0,217.9687
6183125.0,225.8658
6183750.0,231.8393
6184375.0,247.0663
6185000.0,223.5798
6185625.0,224.5354
6186250.0,242.1838
6186875.0,218.8219
6187500.0,70.4072
6188125.0,76.3434
6188750.0,79.4572
6189375.0,76.7611
6190000.0,75.0343
6190625.0,69.9396
6191250.0,75.1799
6191875.0,80.0490
6192500.0,70.7474
6193125.0,74.4773
6193750.0,73.9392
6194375.0,72.7697
6195000.0,76.3347
6195625.0,77.0713
6196250.0,77.0318
6196875.0,71.7174
6197500.0,69.1946
6198125.0,76.3892
6198750.0,73.4927
6199375.0,82.3304
6200000.0,82.5046
6200625.0,82.9049
6201250.0,214.4238
6201875.0,231.4054
6202500.0,234.7982
6203125.0,233.5315
6203750.0,221.0130
6204375.0,239.3906
6205000.0,225.0053
6205625.0,226.4412
6206250.0,69.6024
6206875.0,77.8308
6207500.0,74.4182
6208125.0,77.1522
6208750.0,76.2864
6209375.0,76.0821
6210000.0,75.2277
6210625.0,78.3655
6211250.0,74.6502
6211875.0,69.9139
6212500.0,77.5450
6213125.0,72.3500
6213750.0,70.4075
6214375.0,71.5461
6215000.0,76.4682
6215625.0,75.0361
6216250.0,67.3598
6216875.0,73.9536
6217500.0,79.8080
6218125.0,73.6986
6218750.0,74.7762
6219375.0,79.3321
6220000.0,233.9493
6220625.0,236.4947
6221250.0,193.8088
6221875.0,244.5021
6222500.0,232.1595
6223125.0,252.6916
6223750.0,216.1988
6224375.0,205.1612
6225000.0,75.4272
6225625.0,74.3618
6226250.0,77.8643
6226875.0,79.4525
6227500.0,75.0709
6228125.0,74.4925
6228750.0,77.3707
6229375.0,74.4336
6230000.0,74.1183
6230625.0,79.3100
6231250.0,80.1494
6231875.0,79.4866
6232500.0,74.7658
6233125.0,67.3330
6233750.0,74.8413
6234375.0,72.5424
6235000.0,74.9109
6235625.0,72.8700
6236250.0,75.3218
6236875.0,71.4819
6237500.0,70.5717
6238125.0,80.0095
6238750.0,214.0914
6239375.0,225.0037
6240000.0,235.7383
6240625.0,235.2859
6241250.0,233.9420
6241875.0,228.4072
6242500.0,233.1450
6243125.0,240.4472
6243750.0,77.0023
6244375.0,68.4737
6245000.0,73.4074
6245625.0,78.0253
6246250.0,73.0358
6246875.0,81.5078
6247500.0,75.1618
6248125.0,75.7214
6248750.0,79.6403
6249375.0,74.7107
6250000.0,76.0646
6250625.0,78.7897
6251250.0,69.8495
6251875.0,74.3244
6252500.0,78.5259
6253125.0,75.6473
6253750.0,80.9318
6254375.0,69.4588
6255000.0,69.0287
6255625.0,78.3017
6256250.0,78.6641
6256875.0,74.6714
6257500.0,229.5044
6258125.0,233.3836
6258750.0,215.8440
6259375.0,217.0480
6260000.0,227.1344
6260625.0,235.1710
6261250.0,211.8830
6261875.0,222.7731
6262500.0,74.4792
6263125.0,76.9757
6263750.0,75.3672
6264375.0,73.3420
6265000.0,80.1071
6265625.0,73.3670
6266250.0,74.2988
6266875.0,69.4001
6267500.0,72.7096
6268125.0,77.3456
6268750.0,76.6087
6269375.0,77.6602
6270000.0,77.4772
6270625.0,83.2707
6271250.0,72.5806
6271875.0,69.2948
6272500.0,71.4394
6273125.0,72.7472
6273750.0,71.7268
6274375.0,75.7531
6275000.0,80.1225
6275625.0,81.2045
6276250.0,230.6735
6276875.0,249.0893
6277500.0,220.9908
6278125.0,206.6342
6278750.0,236.8483
6279375.0,204.3158
6280000.0,216.5062
6280625.0,230.8513
6281250.0,75.0140
6281875.0,74.6801
6282500.0,70.9484
6283125.0,75.3593
6283750.0,79.1838
6284375.0,75.4753
6285000.0,72.2700
6285625.0,70.6968
6286250.0,72.3478
6286875.0,76.8791
6287500.0,76.6954
6288125.0,72.3821
6288750.0,67.0654
6289375.0,76.9834
6290000.0,72.0156
6290625.0,77.9978
6291250.0,72.5495
6291875.0,71.6756
6292500.0,75.9775
6293125.0,84.2885
6293750.0,78.2238
6294375.0,75.9135
6295000.0,229.0371
6295625.0,205.2999
6296250.0,212.3737
6296875.0,196.7521
6297500.0,244.4611
6298125.0,242.1831
6298750.0,229.4192
6299375.0,226.5200
6300000.0,69.5505
6300625.0,74.5732
6301250.0,82.1573
6301875.0,75.8954
6302500.0,73.2713
6303125.0,68.7721
6303750.0,80.6038
6304375.0,75.1358
6305000.0,68.7771
6305625.0,71.9155
6306250.0,70.5837
6306875.0,74.9033
6307500.0,76.1817
6308125.0,73.5029
6308750.0,78.3295
6309375.0,75.6971
6310000.0,79.4049
6310625.0,74.0534
6311250.0,86.8809
6311875.0,73.2719
6312500.0,71.9944
6313125.0,71.5308
6313750.0,222.6269
6314375.0,205.6552
6315000.0,228.3138
6315625.0,203.5653
6316250.0,226.8188
6316875.0,209.7984
6317500.0,220.7104
6318125.0,231.8011
6318750.0,84.0862
6319375.0,71.3359
6320000.0,74.8333
6320625.0,72.6714
6321250.0,72.1206
6321875.0,72.7046
6322500.0,78.5067
6323125.0,73.5600
6323750.0,83.8799
6324375.0,76.9682
6325000.0,71.5923
6325625.0,74.0175
6326250.0,72.3770
6326875.0,78.4163
6327500.0,69.2218
6328125.0,70.3446
6328750.0,73.1699
6329375.0,77.9747
6330000.0,80.0486
6330625.0,80.6046
6331250.0,77.3974
6331875.0,75.0875
6332500.0,233.9395
6333125.0,212.1244
6333750.0,204.2476
6334375.0,229.9122
6335000.0,213.6861
6335625.0,224.2653
6336250.0,226.3458
6336875.0,227.7913
6337500.0,78.9355
6338125.0,78.5369
6338750.0,76.1352
6339375.0,73.7336
6340000.0,75.8063
6340625.0,73.1523
6341250.0,74.6595
6341875.0,85.2705
6342500.0,76.0869
6343125.0,77.0974
6343750.0,72.7403
6344375.0,79.2457
6345000.0,78.2662
6345625.0,78.2929
6346250.0,76.2101
6346875.0,79.2989
6347500.0,80.1943
6348125.0,76.4673
6348750.0,74.9679
6349375.0,78.7725
6350000.0,71.9914
6350625.0,72.6933
6351250.0,224.4004
6351875.0,205.4097
6352500.0,234.3104
6353125.0,214.1672
6353750.0,219.6957
6354375.0,222.6006
6355000.0,225.4420
6355625.0,221.1339
6356250.0,75.1460
6356875.0,75.1752
6357500.0,73.7147
6358125.0,72.4851
6358750.0,79.4772
6359375.0,67.4664
6360000.0,74.6245
6360625.0,73.6322
6361250.0,76.9788
6361875.0,69.9173
6362500.0,73.5158
6363125.0,75.0141
6363750.0,79.4342
6364375.0,76.6523
6365000.0,70.9382
6365625.0,73.5622
6366250.0,78.7404
6366875.0,70.8731
6367500.0,75.1035
6368125.0,75.3656
6368750.0,73.9456
6369375.0,85.5630
6370000.0,220.3568
6370625.0,230.0599
6371250.0,216.3791
6371875.0,230.9372
6372500.0,234.7964
6373125.0,218.3854
6373750.0,224.3846
6374375.0,214.9281
6375000.0,71.0856
6375625.0,79.3087
6376250.0,73.3114
6376875.0,66.3007
6377500.0,82.0554
6378125.0,72.3761
6378750.0,74.4712
6379375.0,81.5862
6380000.0,74.8656
6380625.0,74.7842
6381250.0,70.7698
6381875.0,69.2367
6382500.0,74.7727
6383125.0,76.7678
6383750.0,76.5518
6384375.0,73.5856
6385000.0,75.4764
6385625.0,68.4737
6386250.0,77.1348
6386875.0,76.0085
6387500.0,82.8407
6388125.0,75.4282
6388750.0,214.3950
6389375.0,224.4294
6390000.0,221.3123
6390625.0,229.8905
6391250.0,225.3025
6391875.0,210.8256
6392500.0,206.5979
6393125.0,227.9577
6393750.0,80.6143
6394375.0,75.6991
6395000.0,78.4661
6395625.0,79.2183
6396250.0,76.4058
6396875.0,72.3294
6397500.0,76.1363
6398125.0,79.9507
6398750.0,77.3977
6399375.0,78.2209
6400000.0,73.6562
6400625.0,74.6371
6401250.0,74.9524
6401875.0,75.2065
6402500.0,79.8032
6403125.0,66.5512
6403750.0,75.5151
6404375.0,75.1003
6405000.0,70.2294
6405625.0,77.9326
6406250.0,72.6686
6406875.0,74.0540
6407500.0,245.7988
6408125.0,236.3622
6408750.0,231.4630
6409375.0,229.2837
6410000.0,223.1473
6410625.0,247.4930
6411250.0,234.0244
6411875.0,216.5676
6412500.0,70.1216
6413125.0,77.5370
6413750.0,75.1894
6414375.0,70.0129
6415000.0,77.0158
6415625.0,74.3858
6416250.0,77.4006
6416875.0,77.0654
6417500.0,73.1068
6418125.0,77.7858
6418750.0,73.5229
6419375.0,73.7680
6420000.0,73.3933
6420625.0,79.6638
6421250.0,74.3422
6421875.0,80.5741
6422500.0,82.1237
6423125.0,72.6150
6423750.0,64.3878
6424375.0,79.3378
6425000.0,74.1108
6425625.0,72.1345
6426250.0,218.3769
6426875.0,220.3333
6427500.0,239.5934
6428125.0,226.7990
6428750.0,239.4405
6429375.0,230.5600
6430000.0,221.5212
6430625.0,220.6085
6431250.0,77.5173
6431875.0,78.4930
6432500.0,79.1579
6433125.0,74.4140
6433750.0,76.0605
6434375.0,77.6018
6435000.0,73.9525
6435625.0,71.1213
6436250.0,72.3604
6436875.0,74.4913
6437500.0,77.8965
6438125.0,80.1463
6438750.0,70.2877
6439375.0,73.1480
6440000.0,74.0509
6440625.0,78.3961
6441250.0,73.4090
6441875.0,73.7799
6442500.0,70.0768
6443125.0,77.2224
6443750.0,74.7915
6444375.0,72.9343
6445000.0,222.0805
6445625.0,237.6787
6446250.0,213.6950
6446875.0,215.5313
6447500.0,239.0878
6448125.0,225.8525
6448750.0,232.5347
6449375.0,229.5197
6450000.0,75.2668
6450625.0,74.0869
6451250.0,78.5350
6451875.0,79.7820
6452500.0,79.4874
6453125.0,70.9308
6453750.0,80.3195
6454375.0,74.0506
6455000.0,72.5535
6455625.0,74.7616
6456250.0,78.5334
6456875.0,77.4375
6457500.0,74.4372
6458125.0,78.5580
6458750.0,75.9273
6459375.0,73.2399
6460000.0,72.7307
6460625.0,76.9466
6461250.0,75.0889
6461875.0,70.2143
6462500.0,78.5938
6463125.0,73.5894
6463750.0,242.9113
6464375.0,209.2164
6465000.0,222.9670
6465625.0,217.1253
6466250.0,214.0265
6466875.0,219.5236
6467500.0,244.9189
6468125.0,226.6129
6468750.0,72.4153
6469375.0,68.5061
6470000.0,68.9105
6470625.0,73.3775
6471250.0,73.0110
6471875.0,74.5553
6472500.0,66.8339
6473125.0,75.0544
6473750.0,79.2745
6474375.0,81.5181
6475000.0,68.2579
6475625.0,72.3787
6476250.0,72.1795
6476875.0,75.9494
6477500.0,70.8015
6478125.0,81.7421
6478750.0,75.5641
6479375.0,74.9357
6480000.0,81.4045
6480625.0,75.3395
6481250.0,76.9091
6481875.0,72.5695
6482500.0,209.5819
6483125.0,218.1334
6483750.0,249.6035
6484375.0,232.1215
6485000.0,228.0885
6485625.0,214.0158
6486250.0,235.2516
6486875.0,209.7260
6487500.0,69.4922
6488125.0,73.2930
6488750.0,82.7684
6489375.0,82.5551
6490000.0,73.6988
6490625.0,72.8583
6491250.0,69.2158
6491875.0,75.6942
6492500.0,76.0108
6493125.0,78.3766
6493750.0,78.8334
6494375.0,74.6557
6495000.0,77.4962
6495625.0,72.7586
6496250.0,77.4247
6496875.0,73.4877
6497500.0,77.1322
6498125.0,76.8269
6498750.0,75.6594
6499375.0,78.3954
6500000.0,69.4796
6500625.0,71.3853
6501250.0,221.9618
6501875.0,208.7633
6502500.0,220.4228
6503125.0,220.7854
6503750.0,239.7339
6504375.0,226.6035
6505000.0,236.5811
6505625.0,228.3938
6506250.0,73.3805
6506875.0,75.9041
6507500.0,78.1499
6508125.0,79.8991
6508750.0,74.9012
6509375.0,69.1889
6510000.0,68.9239
6510625.0,74.1694
6511250.0,66.5861
6511875.0,82.1675
6512500.0,77.6504
6513125.0,73.0035
6513750.0,71.2166
6514375.0,79.2760
6515000.0,71.2016
6515625.0,71.5613
6516250.0,72.5124
6516875.0,75.8301
6517500.0,77.7404
6518125.0,79.8964
6518750.0,79.3395
6519375.0,75.4029
6520000.0,236.4809
6520625.0,217.4513
6521250.0,204.5153
6521875.0,217.4498
6522500.0,215.9296
6523125.0,217.8901
6523750.0,214.2070
6524375.0,219.8125
6525000.0,77.7375
6525625.0,81.8665
6526250.0,68.8954
6526875.0,70.5452
6527500.0,72.4162
6528125.0,78.2868
6528750.0,74.6273
6529375.0,72.6701
6530000.0,78.1021
6530625.0,79.0056
6531250.0,75.3293
6531875.0,72.3229
6532500.0,76.4190
6533125.0,74.5206
6533750.0,74.4914
6534375.0,73.4683
6535000.0,78.8872
6535625.0,76.3420
6536250.0,79.3046
6536875.0,80.4379
6537500.0,77.1304
6538125.0,73.4906
6538750.0,236.7037
6539375.0,230.2387
6540000.0,254.2879
6540625.0,228.4887
6541250.0,232.8490
6541875.0,228.2673
6542500.0,223.8851
6543125.0,222.0886
6543750.0,76.5093
6544375.0,77.3648
6545000.0,79.7520
6545625.0,76.5644
6546250.0,73.6549
6546875.0,74.1678
6547500.0,70.4125
6548125.0,81.6628
6548750.0,73.3598
6549375.0,79.0473
6550000.0,76.4426
6550625.0,76.5451
6551250.0,74.9572
6551875.0,72.4300
6552500.0,71.7486
6553125.0,81.9163
6553750.0,75.8296
6554375.0,79.6423
6555000.0,80.6211
6555625.0,73.8511
6556250.0,76.9966
6556875.0,75.5697
6557500.0,211.9813
6558125.0,222.9134
6558750.0,231.6094
6559375.0,219.3859
6560000.0,221.3455
6560625.0,223.0496
6561250.0,248.7547
6561875.0,204.3669
6562500.0,77.2912
6563125.0,74.4449
6563750.0,72.9847
6564375.0,74.3524
6565000.0,77.9160
6565625.0,78.1315
6566250.0,76.1013
6566875.0,79.5196
6567500.0,80.1835
6568125.0,78.4777
6568750.0,73.3409
6569375.0,77.2640
6570000.0,77.2820
6570625.0,72.3251
6571250.0,69.4832
6571875.0,67.7741
6572500.0,75.6634
6573125.0,76.5236
6573750.0,70.9447
6574375.0,79.3435
6575000.0,75.9739
6575625.0,80.4874
6576250.0,229.1685
6576875.0,213.0037
6577500.0,230.1557
6578125.0,232.5387
6578750.0,218.8392
6579375.0,208.7765
6580000.0,226.1283
6580625.0,213.7405
6581250.0,79.6257
6581875.0,73.8649
6582500.0,81.9017
6583125.0,67.3919
6583750.0,75.9082
6584375.0,80.7888
6585000.0,72.0436
6585625.0,74.7998
6586250.0,73.8806
6586875.0,72.8222
6587500.0,76.3222
6588125.0,70.5163
6588750.0,74.9816
6589375.0,77.3453
6590000.0,74.5891
6590625.0,71.6292
6591250.0,79.2838
6591875.0,78.1531
6592500.0,71.4747
6593125.0,70.5212
6593750.0,71.8112
6594375.0,77.4557
6595000.0,228.1002
6595625.0,233.8884
6596250.0,221.3308
6596875.0,214.5967
6597500.0,235.3370
6598125.0,218.7737
6598750.0,227.0987
6599375.0,207.5633
6600000.0,73.2518
6600625.0,79.2054
6601250.0,72.6996
6601875.0,78.4707
6602500.0,66.6121
6603125.0,73.2911
6603750.0,74.7540
6604375.0,81.9694
6605000.0,70.9926
6605625.0,77.9296
6606250.0,79.3846
6606875.0,72.6800
6607500.0,73.9918
6608125.0,75.9339
6608750.0,69.8148
6609375.0,73.6843
6610000.0,80.2109
6610625.0,77.3704
6611250.0,74.8090
6611875.0,75.8263
6612500.0,77.5900
6613125.0,78.3120
6613750.0,218.7403
6614375.0,242.2656
6615000.0,239.8089
6615625.0,232.6191
6616250.0,215.5167
6616875.0,213.5225
6617500.0,221.3257
6618125.0,225.6836
6618750.0,68.7328
6619375.0,77.2650
6620000.0,80.2537
6620625.0,77.5733
6621250.0,72.8513
6621875.0,72.4051
6622500.0,76.5304
6623125.0,74.8220
6623750.0,77.0703
6624375.0,77.6685
6625000.0,79.5164
6625625.0,71.1319
6626250.0,76.2355
6626875.0,74.0297
6627500.0,75.0281
6628125.0,78.6588
6628750.0,79.0687
6629375.0,80.6721
6630000.0,77.0045
6630625.0,74.9852
6631250.0,74.4466
6631875.0,68.8600
6632500.0,240.0720
6633125.0,221.3786
6633750.0,230.6913
6634375.0,232.6387
6635000.0,210.9902
6635625.0,214.6124
6636250.0,242.4040
6636875.0,228.2674
6637500.0,73.2112
6638125.0,74.9237
6638750.0,79.4951
6639375.0,78.9224
6640000.0,69.8729
6640625.0,81.5613
6641250.0,79.0424
6641875.0,74.8252
6642500.0,70.9072
6643125.0,79.3736
6643750.0,77.1961
6644375.0,69.9041
6645000.0,74.5251
6645625.0,87.1857
6646250.0,75.4622
6646875.0,72.6028
6647500.0,71.5980
6648125.0,82.0808
6648750.0,78.5961
6649375.0,80.7060
6650000.0,76.3357
6650625.0,80.1277
6651250.0,215.4564
6651875.0,226.8291
6652500.0,228.2294
6653125.0,240.5525
6653750.0,228.5870
6654375.0,217.9630
6655000.0,225.7208
6655625.0,206.1404
6656250.0,66.6499
6656875.0,78.5342
6657500.0,73.9872
6658125.0,74.4145
6658750.0,78.5327
6659375.0,80.6667
6660000.0,77.4150
6660625.0,82.6688
6661250.0,77.2951
6661875.0,76.5393
6662500.0,76.3063
6663125.0,70.5537
6663750.0,79.0041
6664375.0,66.1806
6665000.0,73.1898
6665625.0,75.4864
6666250.0,72.4226
6666875.0,73.6969
6667500.0,82.3344
6668125.0,79.5622
6668750.0,72.8144
6669375.0,73.6297
6670000.0,210.6337
6670625.0,232.9312
6671250.0,222.1904
6671875.0,202.8773
6672500.0,226.1338
6673125.0,229.9385
6673750.0,235.8353
6674375.0,224.1748
6675000.0,73.9950
6675625.0,82.8882
6676250.0,75.4248
6676875.0,78.1127
6677500.0,73.3659
6678125.0,78.0010
6678750.0,69.9123
6679375.0,73.6580
6680000.0,70.8448
6680625.0,73.1193
6681250.0,80.1143
6681875.0,73.0915
6682500.0,78.1078
6683125.0,81.1201
6683750.0,75.2960
6684375.0,79.1465
6685000.0,77.4022
6685625.0,75.8390
6686250.0,78.2287
6686875.0,82.3366
6687500.0,72.9975
6688125.0,71.7838
6688750.0,213.5485
6689375.0,236.1873
6690000.0,237.7054
6690625.0,218.9583
6691250.0,200.9698
6691875.0,217.4090
6692500.0,231.1634
6693125.0,224.2494
6693750.0,76.0799
6694375.0,73.4270
6695000.0,79.2231
6695625.0,76.6938
6696250.0,77.6110
6696875.0,75.9997
6697500.0,77.3769
6698125.0,77.1288
6698750.0,71.9012
6699375.0,76.8064
6700000.0,78.3840
6700625.0,79.7549
6701250.0,76.9687
6701875.0,71.7610
6702500.0,72.3413
6703125.0,73.7595
6703750.0,76.1143
6704375.0,74.9392
6705000.0,71.1635
6705625.0,71.1410
6706250.0,67.4886
6706875.0,63.6396
6707500.0,223.5175
6708125.0,251.1026
6708750.0,245.2138
6709375.0,213.9949
6710000.0,226.6864
6710625.0,208.5235
6711250.0,210.2388
6711875.0,211.5284
6712500.0,74.5499
6713125.0,74.7121
6713750.0,76.3527
6714375.0,77.9003
6715000.0,74.1300
6715625.0,75.5365
6716250.0,71.2763
6716875.0,70.3312
6717500.0,69.7489
6718125.0,77.8477
6718750.0,74.1261
6719375.0,68.3459
6720000.0,75.1622
6720625.0,70.6919
6721250.0,81.6596
6721875.0,73.2178
6722500.0,77.9693
6723125.0,79.5054
6723750.0,71.7999
6724375.0,75.6867
6725000.0,77.4866
6725625.0,75.8356
6726250.0,229.0624
6726875.0,210.0417
6727500.0,231.2329
6728125.0,219.5307
6728750.0,228.9313
6729375.0,235.3499
6730000.0,232.5241
6730625.0,228.9231
6731250.0,77.8208
6731875.0,77.9953
6732500.0,81.0380
6733125.0,75.2716
6733750.0,76.0181
6734375.0,78.9139
6735000.0,73.5512
6735625.0,70.3660
6736250.0,77.2595
6736875.0,74.6233
6737500.0,70.8476
6738125.0,77.2870
6738750.0,80.7954
6739375.0,69.2559
6740000.0,79.2542
6740625.0,65.8353
6741250.0,73.8909
6741875.0,82.3387
6742500.0,74.1622
6743125.0,75.7391
6743750.0,78.2760
6744375.0,68.9289
6745000.0,225.8111
6745625.0,225.7224
6746250.0,245.9511
6746875.0,211.0979
6747500.0,220.7077
6748125.0,214.5560
6748750.0,213.3629
6749375.0,237.6833
6750000.0,75.5005
6750625.0,73.3055
6751250.0,73.4477
6751875.0,73.2766
6752500.0,73.6138
6753125.0,70.6330
6753750.0,74.4246
6754375.0,74.0458
6755000.0,72.5431
6755625.0,75.9845
6756250.0,76.3044
6756875.0,73.3014
6757500.0,74.8566
6758125.0,83.5380
6758750.0,83.3940
6759375.0,71.4261
6760000.0,71.9525
6760625.0,71.4060
6761250.0,79.3851
6761875.0,73.8975
6762500.0,76.3036
6763125.0,82.9286
6763750.0,224.8823
6764375.0,232.9453
6765000.0,230.8547
6765625.0,218.3826
6766250.0,236.9156
6766875.0,215.4409
6767500.0,240.0736
6768125.0,218.3912
6768750.0,73.5981
6769375.0,71.2964
6770000.0,71.9155
6770625.0,73.7911
6771250.0,66.2338
6771875.0,74.5203
6772500.0,73.4849
6773125.0,78.3783
6773750.0,76.9946
6774375.0,72.7322
6775000.0,73.6713
6775625.0,74.5155
6776250.0,81.0021
6776875.0,72.2999
6777500.0,72.6865
6778125.0,71.1452
6778750.0,69.8127
6779375.0,76.5574
6780000.0,76.1649
6780625.0,80.2360
6781250.0,79.3261
6781875.0,84.4371
6782500.0,224.1689
6783125.0,222.0690
6783750.0,210.3725
6784375.0,232.8365
6785000.0,226.3335
6785625.0,232.3267
6786250.0,212.1849
6786875.0,228.9555
6787500.0,76.1736
6788125.0,75.9242
6788750.0,72.8241
6789375.0,79.8838
6790000.0,83.1297
6790625.0,71.2140
6791250.0,78.1161
6791875.0,64.5505
6792500.0,77.9207
6793125.0,68.3495
6793750.0,73.4209
6794375.0,70.4499
6795000.0,74.5871
6795625.0,78.5623
6796250.0,68.3979
6796875.0,74.0448
6797500.0,73.4646
6798125.0,81.3606
6798750.0,77.0277
6799375.0,70.9619
6800000.0,73.6232
6800625.0,81.2665
6801250.0,233.0366
6801875.0,214.6699
6802500.0,221.9955
6803125.0,222.3550
6803750.0,218.9477
6804375.0,205.7601
6805000.0,217.3768
6805625.0,240.6285
6806250.0,73.9631
6806875.0,75.0107
6807500.0,75.9298
6808125.0,83.7624
6808750.0,75.4335
6809375.0,79.5242
6810000.0,73.1449
6810625.0,74.4221
6811250.0,75.4473
6811875.0,72.4815
6812500.0,74.6320
6813125.0,78.7480
6813750.0,72.3826
6814375.0,75.4003
6815000.0,78.0719
6815625.0,72.2918
6816250.0,79.5297
6816875.0,75.6748
6817500.0,74.7775
6818125.0,67.8293
6818750.0,73.9915
6819375.0,76.8009
6820000.0,244.6351
6820625.0,231.3888
6821250.0,237.6699
6821875.0,211.3976
6822500.0,223.5732
6823125.0,238.7334
6823750.0,215.0130
6824375.0,235.8588
6825000.0,78.1646
6825625.0,76.4357
6826250.0,74.1608
6826875.0,71.6817
6827500.0,82.0932
6828125.0,77.7821
6828750.0,76.6841
6829375.0,73.8436
6830000.0,75.5428
6830625.0,76.0210
6831250.0,76.9075
6831875.0,78.1685
6832500.0,72.4501
6833125.0,69.8709
6833750.0,75.7177
6834375.0,68.8130
6835000.0,74.1798
6835625.0,73.4804
6836250.0,77.2539
6836875.0,82.8744
6837500.0,68.0689
6838125.0,83.9737
6838750.0,222.3779
6839375.0,228.9128
6840000.0,209.0831
6840625.0,236.2148
6841250.0,225.4666
6841875.0,224.3085
6842500.0,203.2044
6843125.0,225.8302
6843750.0,78.5888
6844375.0,74.5092
6845000.0,79.8267
6845625.0,79.6710
6846250.0,72.9831
6846875.0,81.4136
6847500.0,75.5708
6848125.0,75.5875
6848750.0,75.7732
6849375.0,75.6613
6850000.0,65.4844
6850625.0,74.7006
6851250.0,70.2579
6851875.0,81.5313
6852500.0,81.3795
6853125.0,78.6118
6853750.0,74.5010
6854375.0,71.5998
6855000.0,72.9209
6855625.0,82.7238
6856250.0,72.7904
6856875.0,66.5194
6857500.0,236.5894
6858125.0,241.8807
6858750.0,243.6662
6859375.0,236.6814
6860000.0,238.5171
6860625.0,225.5955
6861250.0,201.6417
6861875.0,225.3137
6862500.0,77.7433
6863125.0,74.8900
6863750.0,74.7182
6864375.0,71.7653
6865000.0,71.6234
6865625.0,82.3298
6866250.0,82.4663
6866875.0,75.3900
6867500.0,76.4613
6868125.0,71.7022
6868750.0,77.8225
6869375.0,82.0339
6870000.0,69.6348
6870625.0,77.1488
6871250.0,77.4321
6871875.0,77.3891
6872500.0,81.5934
6873125.0,83.0758
6873750.0,74.5198
6874375.0,77.9379
6875000.0,75.7176
6875625.0,73.0169
6876250.0,228.0467
6876875.0,232.5544
6877500.0,227.4404
6878125.0,215.0867
6878750.0,219.7849
6879375.0,219.8710
6880000.0,215.5225
6880625.0,228.5273
6881250.0,76.9763
6881875.0,79.0928
6882500.0,72.1668
6883125.0,73.2229
6883750.0,81.2607
6884375.0,74.7799
6885000.0,75.5136
6885625.0,74.7399
6886250.0,79.6715
6886875.0,79.8177
6887500.0,79.5968
6888125.0,75.5002
6888750.0,72.1109
6889375.0,82.6581
6890000.0,78.6283
6890625.0,73.6784
6891250.0,80.7678
6891875.0,73.3808
6892500.0,80.7184
6893125.0,80.9731
6893750.0,71.9260
6894375.0,77.5932
6895000.0,233.7996
6895625.0,254.4177
6896250.0,216.6491
6896875.0,241.1161
6897500.0,225.1951
6898125.0,211.0347
6898750.0,223.6501
6899375.0,225.0277
6900000.0,71.4080
6900625.0,76.5769
6901250.0,79.0109
6901875.0,76.2980
6902500.0,73.3572
6903125.0,74.8403
6903750.0,75.3829
6904375.0,76.2193
6905000.0,79.5841
6905625.0,76.4252
6906250.0,70.1118
6906875.0,73.2800
6907500.0,76.0259
6908125.0,79.6379
6908750.0,80.2929
6909375.0,82.0906
6910000.0,75.8924
6910625.0,78.2777
6911250.0,69.9167
6911875.0,77.0207
6912500.0,71.3463
6913125.0,75.1642
6913750.0,259.0857
6914375.0,228.4150
6915000.0,215.2821
6915625.0,229.5876
6916250.0,219.1829
6916875.0,214.1916
6917500.0,248.6603
6918125.0,237.0016
6918750.0,76.7027
6919375.0,73.9228
6920000.0,74.2283
6920625.0,81.2152
6921250.0,76.5558
6921875.0,63.7778
6922500.0,84.5269
6923125.0,76.0901
6923750.0,76.6945
6924375.0,79.4968
6925000.0,77.1546
6925625.0,78.2158
6926250.0,73.8026
6926875.0,70.7637
6927500.0,76.4565
6928125.0,80.7972
6928750.0,72.9578
6929375.0,72.6553
6930000.0,80.0032
6930625.0,73.6762
6931250.0,73.8522
6931875.0,73.9932
6932500.0,224.2690
6933125.0,207.2966
6933750.0,218.9324
6934375.0,227.5916
6935000.0,227.5114
6935625.0,238.0274
6936250.0,245.6932
6936875.0,242.0154
6937500.0,78.8482
6938125.0,74.8393
6938750.0,73.0510
6939375.0,75.4674
6940000.0,77.6076
6940625.0,78.4987
6941250.0,77.7490
6941875.0,74.9432
6942500.0,78.3665
6943125.0,80.1535
6943750.0,78.7182
6944375.0,75.2793
6945000.0,72.2564
6945625.0,72.1670
6946250.0,72.8318
6946875.0,76.3692
6947500.0,77.3597
6948125.0,70.0672
6948750.0,73.4999
6949375.0,76.3172
6950000.0,72.0082
6950625.0,77.0358
6951250.0,221.5414
6951875.0,216.8615
6952500.0,225.5986
6953125.0,229.4132
6953750.0,215.4540
6954375.0,222.2706
6955000.0,230.2614
6955625.0,216.4265
6956250.0,69.1503
6956875.0,69.6071
6957500.0,73.8239
6958125.0,70.4296
6958750.0,74.0891
6959375.0,81.6768
6960000.0,70.2027
6960625.0,74.3346
6961250.0,83.4388
6961875.0,76.9387
6962500.0,74.0137
6963125.0,74.8086
6963750.0,77.0187
6964375.0,81.7931
6965000.0,73.3987
6965625.0,72.5438
6966250.0,70.2019
6966875.0,75.7887
6967500.0,70.1006
6968125.0,73.6515
6968750.0,71.9743
6969375.0,79.4494
6970000.0,219.2805
6970625.0,229.4655
6971250.0,206.9540
6971875.0,226.4795
6972500.0,211.4644
6973125.0,220.2115
6973750.0,249.8760
6974375.0,235.4870
6975000.0,74.9159
6975625.0,87.4600
6976250.0,71.9498
6976875.0,79.7929
6977500.0,69.6218
6978125.0,74.4804
6978750.0,70.3188
6979375.0,76.3699
6980000.0,75.6110
6980625.0,74.2401
6981250.0,79.5171
6981875.0,73.2620
6982500.0,76.6322
6983125.0,78.4935
6983750.0,69.8083
6984375.0,72.5785
6985000.0,75.6031
6985625.0,77.7757
6986250.0,80.7581
6986875.0,74.5861
6987500.0,74.2069
6988125.0,72.1103
6988750.0,228.7123
6989375.0,221.6574
6990000.0,221.9171
6990625.0,223.9438
6991250.0,231.2058
6991875.0,218.6580
6992500.0,216.3132
6993125.0,229.8569
6993750.0,63.9930
6994375.0,73.1241
6995000.0,71.0596
6995625.0,79.9363
6996250.0,73.7377
6996875.0,73.2861
6997500.0,75.2167
6998125.0,73.1554
6998750.0,73.8820
6999375.0,75.7661
7000000.0,73.8089
7000625.0,73.7819
7001250.0,71.5917
7001875.0,71.0502
7002500.0,75.6286
7003125.0,76.5559
7003750.0,70.0158
7004375.0,78.2650
7005000.0,78.2805
7005625.0,79.0746
7006250.0,76.5306
7006875.0,77.8018
7007500.0,249.5815
7008125.0,221.6079
7008750.0,213.2360
7009375.0,207.7418
7010000.0,244.7513
7010625.0,244.8989
7011250.0,214.5983
7011875.0,216.8176
7012500.0,74.1786
7013125.0,80.0154
7013750.0,70.5469
7014375.0,67.9858
7015000.0,83.5715
7015625.0,76.5776
7016250.0,77.1131
7016875.0,74.6268
7017500.0,77.1560
7018125.0,69.6914
7018750.0,72.2297
7019375.0,75.7964
7020000.0,66.8387
7020625.0,74.2595
7021250.0,74.0271
7021875.0,74.2589
7022500.0,73.3224
7023125.0,71.6455
7023750.0,68.5309
7024375.0,75.9457
7025000.0,74.2685
7025625.0,70.2152
7026250.0,225.7035
7026875.0,221.6818
7027500.0,219.8135
7028125.0,200.7349
7028750.0,232.6811
7029375.0,211.1282
7030000.0,225.7118
7030625.0,215.9070
7031250.0,73.9345
7031875.0,79.7441
7032500.0,77.4042
7033125.0,79.6603
7033750.0,76.6456
7034375.0,76.8935
7035000.0,68.6851
7035625.0,74.2029
7036250.0,74.5521
7036875.0,80.0132
7037500.0,73.4915
7038125.0,76.3985
7038750.0,76.2511
7039375.0,79.7644
7040000.0,74.8958
7040625.0,78.5208
7041250.0,68.9727
7041875.0,69.3151
7042500.0,66.7918
7043125.0,78.3632
7043750.0,77.9397
7044375.0,78.7810
7045000.0,217.3797
7045625.0,218.6601
7046250.0,223.6382
7046875.0,241.2416
7047500.0,244.0556
7048125.0,233.9303
7048750.0,228.7240
7049375.0,240.0231
7050000.0,74.4355
7050625.0,73.9262
7051250.0,74.9136
7051875.0,71.7102
7052500.0,74.7402
7053125.0,71.1874
7053750.0,79.2643
7054375.0,77.4497
7055000.0,80.7895
7055625.0,69.2576
7056250.0,82.5694
7056875.0,69.4718
7057500.0,70.8824
7058125.0,73.0595
7058750.0,80.3301
7059375.0,76.2504
7060000.0,74.4808
7060625.0,72.4118
7061250.0,70.2127
7061875.0,79.6700
7062500.0,78.4109
7063125.0,80.4987
7063750.0,229.4642
7064375.0,195.2763
7065000.0,210.9984
7065625.0,230.2298
7066250.0,220.8407
7066875.0,218.7130
7067500.0,212.5887
7068125.0,235.6604
7068750.0,77.1198
7069375.0,77.2895
7070000.0,73.0113
7070625.0,76.0646
7071250.0,70.3566
7071875.0,74.9105
7072500.0,65.8697
7073125.0,69.4882
7073750.0,74.1849
7074375.0,84.3542
7075000.0,68.6112
7075625.0,70.7117
7076250.0,76.2172
7076875.0,82.0707
7077500.0,76.1622
7078125.0,78.0471
7078750.0,74.1272
7079375.0,73.4750
7080000.0,75.7098
7080625.0,72.9182
7081250.0,78.1305
7081875.0,69.3444
7082500.0,235.0124
7083125.0,225.4423
7083750.0,222.5844
7084375.0,206.5164
7085000.0,213.9774
7085625.0,238.4848
7086250.0,222.6533
7086875.0,228.1320
7087500.0,72.0842
7088125.0,75.2905
7088750.0,70.2270
7089375.0,75.7766
7090000.0,76.7973
7090625.0,76.6087
7091250.0,71.9935
7091875.0,74.1105
7092500.0,77.4252
7093125.0,74.6029
7093750.0,74.3169
7094375.0,82.5761
7095000.0,71.8148
7095625.0,79.4732
7096250.0,71.0469
7096875.0,77.8685
7097500.0,78.0697
7098125.0,73.4759
7098750.0,70.8101
7099375.0,67.9715
7100000.0,73.0810
7100625.0,77.3838
7101250.0,212.8767
7101875.0,226.0907
7102500.0,208.3902
7103125.0,222.3688
7103750.0,212.0958
7104375.0,224.1227
7105000.0,219.3629
7105625.0,211.6084
7106250.0,72.9160
7106875.0,71.8782
7107500.0,70.4465
7108125.0,79.4820
7108750.0,74.0421
7109375.0,67.0976
7110000.0,73.0502
7110625.0,78.8485
7111250.0,72.5297
7111875.0,81.0465
7112500.0,72.1704
7113125.0,77.2978
7113750.0,79.3081
7114375.0,77.0972
7115000.0,70.2182
7115625.0,71.8469
7116250.0,79.8112
7116875.0,72.3666
7117500.0,79.0783
7118125.0,73.7778
7118750.0,75.9332
7119375.0,70.1744
7120000.0,218.1570
7120625.0,215.1528
7121250.0,227.5380
7121875.0,226.0485
7122500.0,230.2048
7123125.0,219.4816
7123750.0,214.5349
7124375.0,227.0557
7125000.0,71.5184
7125625.0,79.4657
7126250.0,74.9683
7126875.0,74.1705
7127500.0,77.1424
7128125.0,75.1121
7128750.0,69.1491
7129375.0,71.3984
7130000.0,79.3876
7130625.0,75.7162
7131250.0,69.0605
7131875.0,76.7275
7132500.0,73.2916
7133125.0,72.1031
7133750.0,71.0838
7134375.0,79.1697
7135000.0,67.9901
7135625.0,72.2425
7136250.0,75.8529
7136875.0,81.3504
7137500.0,77.4880
7138125.0,72.2105
7138750.0,242.2052
7139375.0,209.7549
7140000.0,227.9850
7140625.0,230.4876
7141250.0,215.0874
7141875.0,232.8479
7142500.0,219.2187
7143125.0,232.8204
7143750.0,68.4647
7144375.0,76.6629
7145000.0,73.8464
7145625.0,79.7344
7146250.0,75.2342
7146875.0,80.1096
7147500.0,77.3137
7148125.0,74.9193
7148750.0,78.3695
7149375.0,78.3936
7150000.0,77.1791
7150625.0,66.7580
7151250.0,71.6957
7151875.0,80.6181
7152500.0,70.6651
7153125.0,78.7269
7153750.0,78.0633
7154375.0,72.6639
7155000.0,67.8780
7155625.0,73.2552
7156250.0,83.2341
7156875.0,72.1454
7157500.0,216.0646
7158125.0,213.7772
7158750.0,238.6663
7159375.0,222.2672
7160000.0,217.9586
7160625.0,240.9016
7161250.0,231.5193
7161875.0,214.6580
7162500.0,70.7871
7163125.0,79.7663
7163750.0,75.4633
7164375.0,69.5600
7165000.0,68.6777
7165625.0,71.1925
7166250.0,70.7271
7166875.0,67.6863
7167500.0,71.2549
7168125.0,71.9351
7168750.0,73.6557
7169375.0,81.7823
7170000.0,74.3940
7170625.0,74.7682
7171250.0,77.3199
7171875.0,74.5053
7172500.0,76.9086
7173125.0,76.4579
7173750.0,75.8622
7174375.0,85.8296
7175000.0,78.8349
7175625.0,71.3219
7176250.0,229.1650
7176875.0,216.0930
7177500.0,230.0203
7178125.0,209.5291
7178750.0,212.5375
7179375.0,228.8690
7180000.0,236.2238
7180625.0,230.6547
7181250.0,78.6200
7181875.0,76.8093
7182500.0,76.0503
7183125.0,73.5011
7183750.0,78.4650
7184375.0,79.2638
7185000.0,75.1621
7185625.0,74.9592
7186250.0,81.3996
7186875.0,75.3230
7187500.0,75.6853
7188125.0,77.2255
7188750.0,75.0313
7189375.0,72.3073
7190000.0,76.8249
7190625.0,75.2539
7191250.0,82.3453
7191875.0,78.3725
7192500.0,73.1550
7193125.0,78.1486
7193750.0,76.5607
7194375.0,80.3365
7195000.0,219.0999
7195625.0,227.1226
7196250.0,223.8852
7196875.0,225.6579
7197500.0,215.0415
7198125.0,231.4790
7198750.0,229.7021
7199375.0,239.4588
7200000.0,75.3622
7200625.0,73.8474
7201250.0,78.3756
7201875.0,72.4058
7202500.0,79.4904
7203125.0,79.4823
7203750.0,80.1399
7204375.0,76.8199
7205000.0,73.5659
7205625.0,75.8116
7206250.0,76.8329
7206875.0,73.2883
7207500.0,80.4258
7208125.0,77.5869
7208750.0,72.0363
7209375.0,82.4984
7210000.0,75.7672
7210625.0,71.2752
7211250.0,72.2699
7211875.0,81.0089
7212500.0,82.2802
7213125.0,79.2058
7213750.0,239.8422
7214375.0,238.6869
7215000.0,231.2653
7215625.0,228.7017
7216250.0,231.0735
7216875.0,233.2802
7217500.0,216.6570
7218125.0,233.2345
7218750.0,80.8990
7219375.0,74.6220
7220000.0,74.2191
7220625.0,77.1966
7221250.0,72.9508
7221875.0,70.4356
7222500.0,79.7269
7223125.0,73.6999
7223750.0,75.4696
7224375.0,73.0998
7225000.0,80.2134
7225625.0,78.6165
7226250.0,74.4924
7226875.0,70.9518
7227500.0,74.0921
7228125.0,77.5495
7228750.0,76.1112
7229375.0,75.8113
7230000.0,76.1981
7230625.0,78.2607
7231250.0,75.2422
7231875.0,77.0966
7232500.0,213.8972
7233125.0,253.7308
7233750.0,221.8066
7234375.0,227.2904
7235000.0,231.3727
7235625.0,220.3786
7236250.0,225.0880
7236875.0,224.9513
7237500.0,71.9541
7238125.0,77.0535
7238750.0,69.1824
7239375.0,82.0077
7240000.0,78.3895
7240625.0,77.8095
7241250.0,68.8529
7241875.0,72.4122
7242500.0,80.6378
7243125.0,91.0502
7243750.0,79.9040
7244375.0,79.3093
7245000.0,77.3792
7245625.0,72.2049
7246250.0,79.1518
7246875.0,71.2484
7247500.0,70.8361
7248125.0,70.5988
7248750.0,79.0785
7249375.0,75.1835
7250000.0,75.7802
7250625.0,75.3419
7251250.0,212.3357
7251875.0,217.4543
7252500.0,218.0202
7253125.0,209.1907
7253750.0,219.3276
7254375.0,212.8353
7255000.0,231.4989
7255625.0,232.4359
7256250.0,70.5230
7256875.0,74.2817
7257500.0,82.3973
7258125.0,71.7025
7258750.0,77.0084
7259375.0,75.7978
7260000.0,79.5202
7260625.0,76.5139
7261250.0,73.7740
7261875.0,75.6517
7262500.0,75.7068
7263125.0,75.0543
7263750.0,70.4269
7264375.0,80.0864
7265000.0,79.4205
7265625.0,71.4634
7266250.0,74.2663
7266875.0,74.5514
7267500.0,71.0399
7268125.0,68.3622
7268750.0,72.8719
7269375.0,74.0564
7270000.0,208.7861
7270625.0,226.9910
7271250.0,238.0821
7271875.0,234.4738
7272500.0,223.5748
7273125.0,204.2954
7273750.0,233.0517
7274375.0,226.6469
7275000.0,76.9998
7275625.0,82.6991
7276250.0,72.2905
7276875.0,64.5619
7277500.0,71.4285
7278125.0,77.2324
7278750.0,75.5015
7279375.0,70.8171
7280000.0,70.0477
7280625.0,74.0631
7281250.0,70.7022
7281875.0,77.3628
7282500.0,73.8489
7283125.0,73.0358
7283750.0,72.5413
7284375.0,76.3920
7285000.0,75.5606
7285625.0,76.1614
7286250.0,76.0791
7286875.0,75.1278
7287500.0,71.5051
7288125.0,72.6465
7288750.0,220.5599
7289375.0,248.2334
7290000.0,209.8256
7290625.0,220.2865
7291250.0,226.1055
7291875.0,221.5875
7292500.0,237.0822
7293125.0,221.5294
7293750.0,74.5158
7294375.0,78.4711
7295000.0,82.2264
7295625.0,80.7063
7296250.0,74.8848
7296875.0,75.2133
7297500.0,75.5761
7298125.0,75.9542
7298750.0,72.2055
7299375.0,78.9310
7300000.0,76.1789
7300625.0,75.2309
7301250.0,70.6078
7301875.0,75.6348
7302500.0,68.2626
7303125.0,73.2072
7303750.0,73.2771
7304375.0,76.4820
7305000.0,82.4870
7305625.0,77.5561
7306250.0,80.8605
7306875.0,77.8324
7307500.0,237.6569
7308125.0,245.8927
7308750.0,216.7668
7309375.0,216.0326
7310000.0,232.5241
7310625.0,224.9586
7311250.0,227.4790
7311875.0,222.2025
7312500.0,73.1521
7313125.0,81.5103
7313750.0,71.2535
7314375.0,77.9877
7315000.0,77.3763
7315625.0,69.4471
7316250.0,72.2680
7316875.0,72.9017
7317500.0,77.5285
7318125.0,74.0163
7318750.0,75.0773
7319375.0,69.9047
7320000.0,84.1687
7320625.0,75.6684
7321250.0,77.2812
7321875.0,73.3618
7322500.0,72.9396
7323125.0,82.6108
7323750.0,68.1740
7324375.0,76.4505
7325000.0,70.8326
7325625.0,73.8731
7326250.0,217.8214
7326875.0,213.9078
7327500.0,225.3987
7328125.0,196.1097
7328750.0,221.4508
7329375.0,223.9842
7330000.0,209.7081
7330625.0,242.0237
7331250.0,73.1589
7331875.0,74.5047
7332500.0,73.1673
7333125.0,75.0925
7333750.0,80.3317
7334375.0,84.7233
7335000.0,78.2111
7335625.0,79.5017
7336250.0,81.8709
7336875.0,76.3382
7337500.0,81.3198
7338125.0,78.3874
7338750.0,75.9428
7339375.0,76.7208
7340000.0,68.5333
7340625.0,76.5013
7341250.0,69.5801
7341875.0,69.2727
7342500.0,76.1272
7343125.0,71.1999
7343750.0,75.3732
7344375.0,75.9219
7345000.0,227.0593
7345625.0,214.8286
7346250.0,235.1102
7346875.0,223.9961
7347500.0,229.9621
7348125.0,211.5401
7348750.0,222.9938
7349375.0,237.3446
7350000.0,79.0576
7350625.0,72.3942
7351250.0,73.3432
7351875.0,71.6727
7352500.0,72.9253
7353125.0,70.1255
7353750.0,74.8791
7354375.0,77.7869
7355000.0,72.4404
7355625.0,75.0584
7356250.0,74.5687
7356875.0,79.3778
7357500.0,73.0943
7358125.0,73.2314
7358750.0,72.2105
7359375.0,71.1116
7360000.0,77.3950
7360625.0,74.8906
7361250.0,75.6066
7361875.0,80.2054
7362500.0,80.4219
7363125.0,69.1937
7363750.0,232.2881
7364375.0,227.5385
7365000.0,219.8071
7365625.0,228.6864
7366250.0,205.5782
7366875.0,241.4547
7367500.0,230.7931
7368125.0,215.2665
7368750.0,73.1930
7369375.0,68.9791
7370000.0,74.2164
7370625.0,73.5801
7371250.0,70.4043
7371875.0,78.3282
7372500.0,80.2135
7373125.0,75.2969
7373750.0,74.2477
7374375.0,77.0399
7375000.0,75.3260
7375625.0,71.3202
7376250.0,72.9394
7376875.0,74.2824
7377500.0,76.3357
7378125.0,75.4352
7378750.0,76.1931
7379375.0,69.6514
7380000.0,77.9079
7380625.0,75.4129
7381250.0,85.0237
7381875.0,73.9386
7382500.0,228.6389
7383125.0,256.8287
7383750.0,227.1835
7384375.0,224.2392
7385000.0,213.8971
7385625.0,242.1930
7386250.0,211.9601
7386875.0,229.8051
7387500.0,73.6147
7388125.0,74.6862
7388750.0,70.0318
7389375.0,80.4636
7390000.0,74.3527
7390625.0,70.8191
7391250.0,80.1226
7391875.0,73.4994
7392500.0,76.6615
7393125.0,78.5721
7393750.0,77.1871
7394375.0,67.1187
7395000.0,78.0215
7395625.0,75.0207
7396250.0,74.1596
7396875.0,74.9888
7397500.0,69.3302
7398125.0,76.1245
7398750.0,70.2562
7399375.0,74.3224
7400000.0,75.9891
7400625.0,79.4491
7401250.0,215.7794
7401875.0,241.3304
7402500.0,235.6521
7403125.0,220.1691
7403750.0,212.5266
7404375.0,208.7571
7405000.0,228.0572
7405625.0,216.7056
7406250.0,79.9216
7406875.0,72.8382
7407500.0,72.0045
7408125.0,76.2808
7408750.0,72.8136
7409375.0,75.4322
7410000.0,79.1172
7410625.0,75.8420
7411250.0,75.8560
7411875.0,76.1734
7412500.0,69.0170
7413125.0,76.8772
7413750.0,76.0029
7414375.0,78.7662
7415000.0,77.6839
7415625.0,74.6387
7416250.0,79.2921
7416875.0,74.2968
7417500.0,76.3318
7418125.0,74.2270
7418750.0,77.1408
7419375.0,73.9806
7420000.0,243.5350
7420625.0,247.6953
7421250.0,234.8318
7421875.0,242.3396
7422500.0,207.6838
7423125.0,209.0095
7423750.0,221.3824
7424375.0,225.4638
7425000.0,74.6528
7425625.0,69.2092
7426250.0,79.7415
7426875.0,83.5213
7427500.0,80.2293
7428125.0,79.4924
7428750.0,76.2525
7429375.0,72.2219
7430000.0,75.6734
7430625.0,83.3381
7431250.0,74.0730
7431875.0,73.6848
7432500.0,79.5745
7433125.0,79.8248
7433750.0,72.2034
7434375.0,74.4142
7435000.0,73.5078
7435625.0,75.6627
7436250.0,79.5609
7436875.0,72.3688
7437500.0,79.5080
7438125.0,75.7832
7438750.0,251.1697
7439375.0,228.5868
7440000.0,223.9097
7440625.0,231.4655
7441250.0,221.2071
7441875.0,204.8032
7442500.0,222.2941
7443125.0,222.1167
7443750.0,69.3970
7444375.0,75.1247
7445000.0,67.6070
7445625.0,74.0892
7446250.0,76.3184
7446875.0,75.7657
7447500.0,73.8503
7448125.0,75.0776
7448750.0,72.4441
7449375.0,75.4408
7450000.0,75.6190
7450625.0,72.0061
7451250.0,76.4092
7451875.0,76.3857
7452500.0,74.7734
7453125.0,84.5273
7453750.0,74.8696
7454375.0,74.3473
7455000.0,73.8076
7455625.0,71.7396
7456250.0,77.9858
7456875.0,72.8128
7457500.0,218.6106
7458125.0,218.9448
7458750.0,213.9194
7459375.0,205.3003
7460000.0,219.7919
7460625.0,234.8250
7461250.0,227.2160
7461875.0,242.5565
7462500.0,78.2311
7463125.0,77.3753
7463750.0,82.4976
7464375.0,75.0338
7465000.0,75.6378
7465625.0,75.3568
7466250.0,81.2201
7466875.0,75.4095
7467500.0,72.9560
7468125.0,77.6155
7468750.0,72.3227
7469375.0,77.4112
7470000.0,76.9602
7470625.0,74.6860
7471250.0,77.5331
7471875.0,69.7910
7472500.0,76.0144
7473125.0,73.6554
7473750.0,86.1907
7474375.0,75.9875
7475000.0,73.1516
7475625.0,70.2038
7476250.0,239.6858
7476875.0,221.0621
7477500.0,216.0973
7478125.0,228.7834
7478750.0,232.3093
7479375.0,232.1320
7480000.0,225.2222
7480625.0,226.7909
7481250.0,76.2748
7481875.0,76.6682
7482500.0,77.0018
7483125.0,79.5261
7483750.0,75.6127
7484375.0,72.3207
7485000.0,74.8560
7485625.0,78.2418
7486250.0,68.6648
7486875.0,68.6866
7487500.0,78.8619
7488125.0,81.1309
7488750.0,70.6302
7489375.0,75.7787
7490000.0,73.8937
7490625.0,74.4167
7491250.0,76.5519
7491875.0,70.5259
7492500.0,71.2258
7493125.0,74.2643
7493750.0,74.8519
7494375.0,71.1551
7495000.0,233.8835
7495625.0,220.3024
7496250.0,220.2546
7496875.0,228.1799
7497500.0,223.5498
7498125.0,234.4216
7498750.0,214.4990
7499375.0,209.2794
7500000.0,74.2321
7500625.0,75.6271
7501250.0,70.7224
7501875.0,70.1682
7502500.0,76.0873
7503125.0,72.5432
7503750.0,69.9240
7504375.0,79.0393
7505000.0,73.0181
7505625.0,79.7348
7506250.0,75.5073
7506875.0,76.5112
7507500.0,74.6026
7508125.0,65.3900
7508750.0,71.1143
7509375.0,74.9261
7510000.0,76.7750
7510625.0,68.6529
7511250.0,75.1979
7511875.0,71.1691
7512500.0,76.2845
7513125.0,75.3269
7513750.0,233.3644
7514375.0,237.0018
7515000.0,230.1636
7515625.0,234.6794
7516250.0,221.0586
7516875.0,256.7601
7517500.0,211.2883
7518125.0,219.0627
7518750.0,78.7981
7519375.0,78.2378
7520000.0,77.2375
7520625.0,77.9460
7521250.0,67.5450
7521875.0,81.3917
7522500.0,74.6313
7523125.0,80.0970
7523750.0,67.7336
7524375.0,76.3673
7525000.0,73.2756
7525625.0,77.5569
7526250.0,76.5954
7526875.0,76.7800
7527500.0,71.4078
7528125.0,75.1852
7528750.0,74.7208
7529375.0,77.2673
7530000.0,79.1296
7530625.0,75.9673
7531250.0,70.5888
7531875.0,75.8056
7532500.0,254.3746
7533125.0,243.5176
7533750.0,191.5380
7534375.0,225.7126
7535000.0,235.4863
7535625.0,222.9488
7536250.0,219.8240
7536875.0,221.9967
7537500.0,77.4818
7538125.0,71.0703
7538750.0,79.8814
7539375.0,75.1889
7540000.0,71.8750
7540625.0,79.6388
7541250.0,69.5749
7541875.0,73.3069
7542500.0,73.2448
7543125.0,83.4827
7543750.0,72.8175
7544375.0,67.2758
7545000.0,73.2066
7545625.0,77.1174
7546250.0,78.3560
7546875.0,83.9826
7547500.0,80.7040
7548125.0,76.1085
7548750.0,72.0394
7549375.0,81.5226
7550000.0,74.0105
7550625.0,72.9187
7551250.0,220.3079
7551875.0,210.9118
7552500.0,219.7685
7553125.0,222.3775
7553750.0,233.2199
7554375.0,220.6340
7555000.0,210.7411
7555625.0,206.9576
7556250.0,76.1901
7556875.0,75.6738
7557500.0,73.3102
7558125.0,73.6377
7558750.0,76.8646
7559375.0,80.6424
7560000.0,72.4589
7560625.0,75.7352
7561250.0,79.0127
7561875.0,72.4740
7562500.0,75.3411
7563125.0,75.2568
7563750.0,70.4564
7564375.0,76.0352
7565000.0,75.5189
7565625.0,77.4927
7566250.0,70.9254
7566875.0,75.4376
7567500.0,80.6091
7568125.0,83.2322
7568750.0,80.2261
7569375.0,70.9624
7570000.0,230.0743
7570625.0,219.5646
7571250.0,228.1939
7571875.0,216.3126
7572500.0,205.7234
7573125.0,221.1242
7573750.0,233.1293
7574375.0,228.2400
7575000.0,76.9191
7575625.0,76.2156
7576250.0,76.9251
7576875.0,77.3963
7577500.0,74.3645
7578125.0,75.7125
7578750.0,81.9721
7579375.0,75.9355
7580000.0,75.5605
7580625.0,75.7879
7581250.0,74.5785
7581875.0,73.7587
7582500.0,76.1867
7583125.0,73.4935
7583750.0,74.8514
7584375.0,72.4198
7585000.0,75.8072
7585625.0,77.6024
7586250.0,74.6011
7586875.0,67.8284
7587500.0,77.6257
7588125.0,75.8531
7588750.0,213.8261
7589375.0,233.6993
7590000.0,209.2677
7590625.0,236.7608
7591250.0,224.3546
7591875.0,199.4753
7592500.0,227.0062
7593125.0,220.4303
7593750.0,73.3007
7594375.0,72.6188
7595000.0,74.9204
7595625.0,73.5708
7596250.0,68.4003
7596875.0,80.1957
7597500.0,74.4788
7598125.0,72.6406
7598750.0,71.1458
7599375.0,78.3057
7600000.0,70.5049
7600625.0,75.9051
7601250.0,73.1996
7601875.0,73.4192
7602500.0,71.2396
7603125.0,73.0614
7603750.0,75.4332
7604375.0,76.2871
7605000.0,72.4383
7605625.0,75.0572
7606250.0,78.7495
7606875.0,69.1319
7607500.0,224.9295
7608125.0,214.3037
7608750.0,213.1573
7609375.0,227.9364
7610000.0,218.8659
7610625.0,211.3110
7611250.0,239.8982
7611875.0,235.3510
7612500.0,68.1152
7613125.0,69.8414
7613750.0,77.6373
7614375.0,74.3260
7615000.0,81.0572
7615625.0,77.7236
7616250.0,76.5290
7616875.0,71.5476
7617500.0,77.2527
7618125.0,70.5904
7618750.0,80.3208
7619375.0,76.9915
7620000.0,72.2904
7620625.0,78.4336
7621250.0,83.8505
7621875.0,74.5796
7622500.0,77.4751
7623125.0,73.7720
7623750.0,75.7218
7624375.0,69.7177
7625000.0,75.3980
7625625.0,75.5643
7626250.0,245.2387
7626875.0,204.8062
7627500.0,221.8401
7628125.0,239.4913
7628750.0,222.2801
7629375.0,223.0724
7630000.0,215.6258
7630625.0,214.5082
7631250.0,68.5165
7631875.0,73.0279
7632500.0,71.6701
7633125.0,75.8450
7633750.0,72.4305
7634375.0,73.5919
7635000.0,73.6952
7635625.0,75.2184
7636250.0,73.4075
7636875.0,71.3971
7637500.0,75.7233
7638125.0,79.4244
7638750.0,75.8843
7639375.0,73.1010
7640000.0,74.9357
7640625.0,67.6691
7641250.0,74.8745
7641875.0,73.8907
7642500.0,71.8809
7643125.0,72.5646
7643750.0,73.8534
7644375.0,79.1416
7645000.0,237.2857
7645625.0,214.5586
7646250.0,219.1716
7646875.0,219.4584
7647500.0,234.1074
7648125.0,226.6369
7648750.0,226.0439
7649375.0,231.0330
7650000.0,73.1515
7650625.0,80.5419
7651250.0,75.3934
7651875.0,72.1732
7652500.0,74.5343
7653125.0,80.0444
7653750.0,73.7972
7654375.0,78.9798
7655000.0,73.0424
7655625.0,72.5134
7656250.0,77.8867
7656875.0,72.1051
7657500.0,78.5010
7658125.0,76.7256
7658750.0,72.1066
7659375.0,75.1307
7660000.0,73.3311
7660625.0,76.7156
7661250.0,82.5170
7661875.0,74.0024
7662500.0,77.4123
7663125.0,75.4921
7663750.0,225.2706
7664375.0,223.1414
7665000.0,215.3541
7665625.0,228.7703
7666250.0,221.7517
7666875.0,214.8210
7667500.0,236.4094
7668125.0,226.1139
7668750.0,74.5401
7669375.0,80.4520
7670000.0,68.4780
7670625.0,80.1985
7671250.0,72.0817
7671875.0,76.1975
7672500.0,73.1830
7673125.0,71.9203
7673750.0,80.3534
7674375.0,82.3979
7675000.0,74.5660
7675625.0,76.6647
7676250.0,75.6149
7676875.0,81.9240
7677500.0,67.4334
7678125.0,76.8218
7678750.0,72.6587
7679375.0,66.5180
7680000.0,74.0408
7680625.0,82.3671
7681250.0,72.9267
7681875.0,78.3812
7682500.0,238.4851
7683125.0,224.8572
7683750.0,226.3551
7684375.0,205.6916
7685000.0,216.9432
7685625.0,235.2038
7686250.0,225.6826
7686875.0,229.1326
7687500.0,75.9020
7688125.0,83.6639
7688750.0,73.7769
7689375.0,81.4524
7690000.0,75.9033
7690625.0,81.7871
7691250.0,70.7818
7691875.0,76.0961
7692500.0,73.9158
7693125.0,75.9258
7693750.0,80.0084
7694375.0,76.8281
7695000.0,80.0008
7695625.0,72.8733
7696250.0,72.2979
7696875.0,75.4607
7697500.0,75.2543
7698125.0,74.6993
7698750.0,71.7860
7699375.0,79.9189
7700000.0,74.0321
7700625.0,80.7763
7701250.0,225.1434
7701875.0,232.2948
7702500.0,231.2742
7703125.0,215.7269
7703750.0,229.1310
7704375.0,246.6937
7705000.0,227.8306
7705625.0,235.1394
7706250.0,78.0136
7706875.0,76.5576
7707500.0,76.1030
7708125.0,77.4634
7708750.0,78.2776
7709375.0,70.3023
7710000.0,76.3323
7710625.0,74.7060
7711250.0,73.9239
7711875.0,80.2858
7712500.0,72.6360
7713125.0,70.1417
7713750.0,78.3999
7714375.0,70.0451
7715000.0,68.1317
7715625.0,78.8242
7716250.0,75.9984
7716875.0,77.1822
7717500.0,73.7320
7718125.0,70.1808
7718750.0,70.9296
7719375.0,74.3738
7720000.0,210.6855
7720625.0,228.4543
7721250.0,219.7973
7721875.0,227.0817
7722500.0,226.7454
7723125.0,229.3515
7723750.0,230.6192
7724375.0,221.1311
7725000.0,76.0936
7725625.0,76.2898
7726250.0,66.2431
7726875.0,77.8374
7727500.0,75.9653
7728125.0,77.5265
7728750.0,70.5486
7729375.0,74.2095
7730000.0,71.2849
7730625.0,78.2071
7731250.0,70.1027
7731875.0,71.8990
7732500.0,77.4144
7733125.0,73.0273
7733750.0,71.9000
7734375.0,78.8183
7735000.0,78.9729
7735625.0,78.1222
7736250.0,78.5996
7736875.0,74.5269
7737500.0,74.6287
7738125.0,72.9567
7738750.0,226.8870
7739375.0,219.0611
7740000.0,220.1280
7740625.0,231.7489
7741250.0,238.3261
7741875.0,229.4804
7742500.0,245.1861
7743125.0,217.0629
7743750.0,68.4708
7744375.0,78.0941
7745000.0,72.4902
7745625.0,74.3682
7746250.0,68.7279
7746875.0,72.0100
7747500.0,69.7366
7748125.0,73.7627
7748750.0,73.9125
7749375.0,75.7392
7750000.0,80.0738
7750625.0,77.9519
7751250.0,69.2844
7751875.0,77.6922
7752500.0,75.8213
7753125.0,75.0312
7753750.0,75.3144
7754375.0,76.1712
7755000.0,72.7916
7755625.0,74.7125
7756250.0,79.8635
7756875.0,72.7463
7757500.0,213.4138
7758125.0,224.3058
7758750.0,212.2811
7759375.0,205.6187
7760000.0,221.1247
7760625.0,241.2970
7761250.0,224.5657
7761875.0,227.0090
7762500.0,67.3693
7763125.0,77.0517
7763750.0,75.7520
7764375.0,72.8933
7765000.0,76.0788
7765625.0,76.0414
7766250.0,71.4057
7766875.0,76.6511
7767500.0,79.9132
7768125.0,74.5407
7768750.0,72.1292
7769375.0,74.7305
7770000.0,78.6219
7770625.0,70.7768
7771250.0,77.5812
7771875.0,72.8439
7772500.0,76.3126
7773125.0,73.2725
7773750.0,73.2623
7774375.0,81.1421
7775000.0,70.0877
7775625.0,77.2298
7776250.0,244.4774
7776875.0,232.7121
7777500.0,210.0252
7778125.0,210.5822
7778750.0,216.5442
7779375.0,226.7765
7780000.0,227.5419
7780625.0,210.6934
7781250.0,72.1097
7781875.0,72.3407
7782500.0,74.7186
7783125.0,82.8823
7783750.0,71.8819
7784375.0,71.7169
7785000.0,71.1281
7785625.0,77.7960
7786250.0,75.2441
7786875.0,72.0212
7787500.0,74.0323
7788125.0,72.4160
7788750.0,76.5155
7789375.0,85.5201
7790000.0,77.4768
7790625.0,75.0494
7791250.0,72.8930
7791875.0,70.3354
7792500.0,78.1660
7793125.0,77.9612
7793750.0,73.6428
7794375.0,79.9743
7795000.0,225.2375
7795625.0,233.7161
7796250.0,228.3322
7796875.0,223.0072
7797500.0,214.2575
7798125.0,223.3627
7798750.0,234.4731
7799375.0,219.2835
7800000.0,286.1564
7800625.0,264.8417
7801250.0,290.9208
7801875.0,284.3812
7802500.0,263.1704
7803125.0,276.8638
7803750.0,293.0402
7804375.0,262.3735
7805000.0,265.0067
7805625.0,279.0270
7806250.0,309.8666
7806875.0,270.5839
7807500.0,286.9338
7808125.0,283.6419
7808750.0,271.7467
7809375.0,282.2559
7810000.0,273.7303
7810625.0,274.9907
7811250.0,256.7422
7811875.0,279.6579
7812500.0,292.5873
7813125.0,280.8040
7813750.0,295.2671
7814375.0,288.1246
7815000.0,279.1664
7815625.0,271.2090
7816250.0,273.1923
7816875.0,259.4129
7817500.0,276.2609
7818125.0,282.0440
7818750.0,304.0159
7819375.0,287.3965
7820000.0,267.8920
7820625.0,259.8488
7821250.0,277.1083
7821875.0,291.3647
7822500.0,276.9114
7823125.0,287.5878
7823750.0,277.4642
7824375.0,290.0380
7825000.0,257.6384
7825625.0,302.4585
7826250.0,264.4252
7826875.0,291.1123
7827500.0,276.1894
7828125.0,278.3784
7828750.0,276.6246
7829375.0,283.5785
7830000.0,286.4053
7830625.0,294.8171
7831250.0,299.7113
7831875.0,284.6455
7832500.0,303.9914
7833125.0,281.3016
7833750.0,295.0842
7834375.0,286.0021
7835000.0,272.3111
7835625.0,282.5373
7836250.0,287.0444
7836875.0,279.5492
7837500.0,285.7800
7838125.0,292.1151
7838750.0,279.6728
7839375.0,238.7856
7840000.0,303.4958
7840625.0,275.8337
7841250.0,268.4741
7841875.0,264.2625
7842500.0,275.2898
7843125.0,272.1215
7843750.0,269.6819
7844375.0,270.4502
7845000.0,287.4164
7845625.0,308.4251
7846250.0,291.4880
7846875.0,295.7164
7847500.0,274.7163
7848125.0,281.4653
7848750.0,285.9708
7849375.0,270.7662
7850000.0,274.0398
7850625.0,291.9637
7851250.0,295.2641
7851875.0,280.9437
7852500.0,263.2678
7853125.0,275.8617
7853750.0,259.8214
7854375.0,281.0528
7855000.0,283.5756
7855625.0,276.2101
7856250.0,283.3840
7856875.0,285.8366
7857500.0,283.5961
7858125.0,263.1786
7858750.0,276.4543
7859375.0,285.7378
7860000.0,302.1020
7860625.0,276.1930
7861250.0,287.7118
7861875.0,292.2941
7862500.0,277.2472
7863125.0,296.0777
7863750.0,296.8304
7864375.0,299.3254
7865000.0,286.4181
7865625.0,313.0419
7866250.0,271.3860
7866875.0,309.7371
7867500.0,290.7562
7868125.0,298.7654
7868750.0,275.5195
7869375.0,291.8226
7870000.0,299.9776
7870625.0,264.7770
7871250.0,277.7134
7871875.0,250.0225
7872500.0,277.5033
7873125.0,268.5759
7873750.0,276.9513
7874375.0,320.9310
7875000.0,304.0492
7875625.0,259.8477
7876250.0,287.7803
7876875.0,291.1850
7877500.0,275.2694
7878125.0,282.4963
7878750.0,283.8638
7879375.0,261.1474
7880000.0,265.5614
7880625.0,282.4122
7881250.0,281.3916
7881875.0,270.0801
7882500.0,268.8787
7883125.0,278.7431
7883750.0,292.4061
7884375.0,278.9292
7885000.0,302.7182
7885625.0,270.2585
7886250.0,282.7035
7886875.0,275.0399
7887500.0,288.2315
7888125.0,269.0578
7888750.0,306.9836
7889375.0,256.3314
7890000.0,304.0167
7890625.0,281.2598
7891250.0,287.7339
7891875.0,298.6833
7892500.0,292.0073
7893125.0,269.7796
7893750.0,288.4013
7894375.0,306.1446
7895000.0,267.5779
7895625.0,309.6580
7896250.0,285.3998
7896875.0,273.9348
7897500.0,267.4939
7898125.0,276.8740
7898750.0,252.6261
7899375.0,274.1866
7900000.0,276.3190
7900625.0,264.9582
7901250.0,290.4698
7901875.0,276.9373
7902500.0,271.0989
7903125.0,275.4453
7903750.0,284.9715
7904375.0,281.0251
7905000.0,270.1863
7905625.0,281.7591
7906250.0,279.2905
7906875.0,264.0475
7907500.0,275.9609
7908125.0,288.1107
7908750.0,288.0099
7909375.0,276.7805
7910000.0,289.4748
7910625.0,266.2806
7911250.0,266.7142
7911875.0,276.4824
7912500.0,300.9659
7913125.0,282.2855
7913750.0,276.1449
7914375.0,301.6179
7915000.0,275.9829
7915625.0,311.2863
7916250.0,272.8420
7916875.0,265.8358
7917500.0,277.6709
7918125.0,276.5128
7918750.0,268.6919
7919375.0,316.4276
7920000.0,284.4608
7920625.0,286.4995
7921250.0,273.5337
7921875.0,271.9126
7922500.0,294.3578
7923125.0,256.5382
7923750.0,263.9999
7924375.0,276.5377
7925000.0,298.9147
7925625.0,274.7568
7926250.0,285.8261
7926875.0,280.3882
7927500.0,298.1476
7928125.0,257.8139
7928750.0,290.3035
7929375.0,277.2154
7930000.0,292.9484
7930625.0,268.5301
7931250.0,280.3415
7931875.0,278.5649
7932500.0,265.9659
7933125.0,262.0742
7933750.0,271.8742
7934375.0,281.8190
7935000.0,269.4032
7935625.0,275.3790
7936250.0,253.5988
7936875.0,274.8109
7937500.0,294.3302
7938125.0,289.8725
7938750.0,278.7831
7939375.0,283.4111
7940000.0,268.4044
7940625.0,302.7421
7941250.0,308.9487
7941875.0,282.3075
7942500.0,316.2696
7943125.0,270.4774
7943750.0,262.4849
7944375.0,270.0653
7945000.0,276.9271
7945625.0,312.3689
7946250.0,276.0638
7946875.0,267.9648
7947500.0,267.4216
7948125.0,295.9603
7948750.0,293.9622
7949375.0,273.2033
7950000.0,253.7390
7950625.0,264.1997
7951250.0,304.0974
7951875.0,289.6433
7952500.0,280.9165
7953125.0,306.1637
7953750.0,307.4166
7954375.0,279.4968
7955000.0,279.7540
7955625.0,271.8513
7956250.0,276.0156
7956875.0,259.1915
7957500.0,259.1346
7958125.0,255.8828
7958750.0,295.1807
7959375.0,258.1404
7960000.0,307.2995
7960625.0,269.7747
7961250.0,304.3229
7961875.0,274.8892
7962500.0,258.0734
7963125.0,297.9729
7963750.0,299.6261
7964375.0,267.3153
7965000.0,275.3569
7965625.0,267.3189
7966250.0,278.3126
7966875.0,281.5096
7967500.0,275.0806
7968125.0,254.5355
7968750.0,271.8677
7969375.0,289.8493
7970000.0,277.0754
7970625.0,275.4158
7971250.0,266.9691
7971875.0,271.4593
7972500.0,299.7253
7973125.0,264.0431
7973750.0,290.0915
7974375.0,280.6588
7975000.0,283.4273
7975625.0,269.7470
7976250.0,275.0751
7976875.0,279.9199
7977500.0,272.7107
7978125.0,284.6400
7978750.0,286.4041
7979375.0,310.4179
7980000.0,283.8947
7980625.0,253.2286
7981250.0,296.2823
7981875.0,277.1458
7982500.0,308.1670
7983125.0,300.5929
7983750.0,272.9263
7984375.0,290.1066
7985000.0,271.6846
7985625.0,280.0377
7986250.0,289.4638
7986875.0,295.5820
7987500.0,292.5329
7988125.0,281.0499
7988750.0,314.7679
7989375.0,274.8897
7990000.0,257.4992
7990625.0,260.1942
7991250.0,300.6361
7991875.0,278.9269
7992500.0,282.2268
7993125.0,272.4047
7993750.0,273.6622
7994375.0,268.9807
7995000.0,286.5961
7995625.0,278.6367
7996250.0,286.0901
7996875.0,284.7521
7997500.0,274.0377
7998125.0,259.5778
7998750.0,258.3588
7999375.0,322.3731
8000000.0,300.6944
8000625.0,298.7626
8001250.0,270.5555
8001875.0,280.1331
8002500.0,268.5849
8003125.0,261.6309
8003750.0,271.7572
8004375.0,298.5666
8005000.0,291.7704
8005625.0,266.4193
8006250.0,275.5926
8006875.0,290.4877
8007500.0,272.0064
8008125.0,281.1142
8008750.0,285.6259
8009375.0,285.4730
8010000.0,283.5580
8010625.0,270.8482
8011250.0,272.2864
8011875.0,264.1289
8012500.0,258.1413
8013125.0,278.3935
8013750.0,291.4276
8014375.0,260.6760
8015000.0,283.8216
8015625.0,290.9848
8016250.0,254.2857
8016875.0,276.2119
8017500.0,303.0469
8018125.0,287.7272
8018750.0,68.3484
8019375.0,77.8819
8020000.0,216.5880
8020625.0,232.7772
8021250.0,217.2366
8021875.0,224.4034
8022500.0,218.9526
8023125.0,225.0355
8023750.0,218.6181
8024375.0,222.4852
8025000.0,70.9680
8025625.0,77.2498
8026250.0,76.0608
8026875.0,69.3057
8027500.0,79.1433
8028125.0,74.7354
8028750.0,76.0098
8029375.0,78.2824
8030000.0,76.6375
8030625.0,79.7928
8031250.0,74.2943
8031875.0,79.2998
8032500.0,75.8634
8033125.0,77.3138
8033750.0,76.9217
8034375.0,80.0776
8035000.0,78.1197
8035625.0,73.7301
8036250.0,72.9824
8036875.0,75.2124
8037500.0,72.5344
8038125.0,71.4332
8038750.0,201.0594
8039375.0,207.5708
8040000.0,247.3358
8040625.0,217.6144
8041250.0,246.4139
8041875.0,229.5355
8042500.0,224.4402
8043125.0,208.1182
8043750.0,75.4176
8044375.0,82.5335
8045000.0,81.2723
8045625.0,76.4339
8046250.0,71.0695
8046875.0,71.7915
8047500.0,72.1857
8048125.0,80.2186
8048750.0,81.5516
8049375.0,76.1385
8050000.0,74.2574
8050625.0,81.2386
8051250.0,71.7108
8051875.0,75.5954
8052500.0,77.1454
8053125.0,72.1472
8053750.0,73.0026
8054375.0,72.7092
8055000.0,80.7411
8055625.0,82.6172
8056250.0,75.8328
8056875.0,74.3888
8057500.0,218.2518
8058125.0,225.0196
8058750.0,218.8100
8059375.0,223.9084
8060000.0,229.6489
8060625.0,220.4402
8061250.0,222.8671
8061875.0,222.9136
8062500.0,74.2028
8063125.0,73.7357
8063750.0,78.2735
8064375.0,68.7243
8065000.0,81.3350
8065625.0,75.9109
8066250.0,77.6998
8066875.0,78.1335
8067500.0,72.7306
8068125.0,71.9529
8068750.0,71.5083
8069375.0,74.4686
8070000.0,78.0360
8070625.0,73.1992
8071250.0,77.6919
8071875.0,66.4729
8072500.0,73.9464
8073125.0,79.8001
8073750.0,74.7554
8074375.0,72.2741
8075000.0,72.9237
8075625.0,63.9844
8076250.0,213.6172
8076875.0,236.8940
8077500.0,218.4457
8078125.0,219.7739
8078750.0,198.7671
8079375.0,206.6531
8080000.0,238.3881
8080625.0,231.9446
8081250.0,70.5087
8081875.0,73.0227
8082500.0,75.2900
8083125.0,70.8906
8083750.0,67.8444
8084375.0,74.7998
8085000.0,77.5587
8085625.0,77.6313
8086250.0,78.6996
8086875.0,69.5431
8087500.0,75.6183
8088125.0,74.3879
8088750.0,75.0712
8089375.0,74.6016
8090000.0,72.9101
8090625.0,64.0229
8091250.0,79.7801
8091875.0,76.6441
8092500.0,69.8042
8093125.0,77.1837
8093750.0,73.7137
8094375.0,73.8205
8095000.0,216.3553
8095625.0,231.0405
8096250.0,216.0020
8096875.0,212.6606
8097500.0,237.7321
8098125.0,222.9876
8098750.0,223.3408
8099375.0,232.7902
8100000.0,72.8832
8100625.0,73.6351
8101250.0,76.5525
8101875.0,69.5890
8102500.0,76.2335
8103125.0,72.5510
8103750.0,78.6251
8104375.0,77.4609
8105000.0,76.9628
8105625.0,69.3418
8106250.0,75.0102
8106875.0,70.9617
8107500.0,75.2610
8108125.0,66.6714
8108750.0,69.5911
8109375.0,79.8827
8110000.0,76.7913
8110625.0,74.0661
8111250.0,71.9740
8111875.0,71.3124
8112500.0,76.1546
8113125.0,74.1045
8113750.0,242.3998
8114375.0,222.9214
8115000.0,225.6606
8115625.0,209.3793
8116250.0,220.9421
8116875.0,226.9912
8117500.0,220.8062
8118125.0,219.5367
8118750.0,76.6324
8119375.0,81.1109
8120000.0,75.9465
8120625.0,79.7136
8121250.0,77.7434
8121875.0,79.4880
8122500.0,73.1014
8123125.0,74.6199
8123750.0,74.6355
8124375.0,77.4595
8125000.0,78.3874
8125625.0,75.8715
8126250.0,78.7052
8126875.0,73.2762
8127500.0,78.7379
8128125.0,79.2296
8128750.0,77.9542
8129375.0,75.9058
8130000.0,78.0892
8130625.0,72.0296
8131250.0,76.1478
8131875.0,76.5329
8132500.0,210.0429
8133125.0,230.3391
8133750.0,210.9508
8134375.0,220.1859
8135000.0,225.4473
8135625.0,216.7792
8136250.0,225.9287
8136875.0,225.7488
8137500.0,72.3079
8138125.0,77.5413
8138750.0,72.5191
8139375.0,84.0257
8140000.0,74.9873
8140625.0,70.9842
8141250.0,71.6890
8141875.0,79.7264
8142500.0,73.8575
8143125.0,70.2586
8143750.0,78.6185
8144375.0,73.8333
8145000.0,77.8634
8145625.0,78.9271
8146250.0,76.4347
8146875.0,84.4326
8147500.0,68.8977
8148125.0,72.3163
8148750.0,74.4351
8149375.0,83.9246
8150000.0,82.1785
8150625.0,80.2584
8151250.0,216.0661
8151875.0,217.3780
8152500.0,215.6787
8153125.0,216.1864
8153750.0,241.7929
8154375.0,222.2576
8155000.0,223.7456
8155625.0,233.7119
8156250.0,69.1285
8156875.0,75.5985
8157500.0,71.2648
8158125.0,74.2901
8158750.0,73.1892
8159375.0,72.9948
8160000.0,76.2504
8160625.0,76.2340
8161250.0,74.5713
8161875.0,76.7975
8162500.0,72.1253
8163125.0,77.9696
8163750.0,74.6226
8164375.0,73.5766
8165000.0,72.4038
8165625.0,74.4899
8166250.0,82.4523
8166875.0,75.1613
8167500.0,71.0856
8168125.0,78.8639
8168750.0,73.6208
8169375.0,76.4698
8170000.0,218.1863
8170625.0,239.4087
8171250.0,218.3540
8171875.0,240.7259
8172500.0,213.1958
8173125.0,221.7048
8173750.0,240.7500
8174375.0,226.8920
8175000.0,83.9634
8175625.0,74.3853
8176250.0,76.3691
8176875.0,82.5824
8177500.0,69.6925
8178125.0,69.2257
8178750.0,72.4009
8179375.0,78.4664
8180000.0,69.3309
8180625.0,77.6509
8181250.0,77.3857
8181875.0,82.9943
8182500.0,79.3415
8183125.0,76.7725
8183750.0,80.5239
8184375.0,77.4317
8185000.0,73.6655
8185625.0,71.0848
8186250.0,73.2535
8186875.0,75.2489
8187500.0,76.0598
8188125.0,67.3503
8188750.0,222.5299
8189375.0,225.3215
8190000.0,231.1598
8190625.0,243.3015
8191250.0,227.0886
8191875.0,214.7674
8192500.0,204.5466
8193125.0,232.7289
8193750.0,72.1235
8194375.0,78.6680
8195000.0,80.6683
8195625.0,69.5788
8196250.0,77.4882
8196875.0,80.2732
8197500.0,79.2418
8198125.0,67.4966
8198750.0,72.1817
8199375.0,70.5737
8200000.0,77.3735
8200625.0,76.9582
8201250.0,65.2289
8201875.0,74.2659
8202500.0,78.4187
8203125.0,75.9579
8203750.0,75.9514
8204375.0,74.0240
8205000.0,71.4078
8205625.0,75.3357
8206250.0,75.5964
8206875.0,77.7195
8207500.0,232.8356
8208125.0,225.9659
8208750.0,237.3177
8209375.0,220.7821
8210000.0,208.7547
8210625.0,230.3669
8211250.0,226.4218
8211875.0,230.5905
8212500.0,70.6330
8213125.0,82.1513
8213750.0,78.0786
8214375.0,74.3143
8215000.0,71.8733
8215625.0,79.4609
8216250.0,71.2463
8216875.0,83.9253
8217500.0,73.0882
8218125.0,81.8863
8218750.0,74.7045
8219375.0,81.3594
8220000.0,72.6295
8220625.0,75.4710
8221250.0,78.4339
8221875.0,77.8960
8222500.0,79.5499
8223125.0,73.5622
8223750.0,75.7197
8224375.0,80.1064
8225000.0,72.7412
8225625.0,77.5585
8226250.0,222.5344
8226875.0,227.3161
8227500.0,225.9512
8228125.0,216.1318
8228750.0,222.0672
8229375.0,226.6305
8230000.0,223.8444
8230625.0,242.6933
8231250.0,79.2075
8231875.0,76.4932
8232500.0,72.5229
8233125.0,72.2934
8233750.0,82.8413
8234375.0,71.5927
8235000.0,75.8293
8235625.0,76.7608
8236250.0,74.2263
8236875.0,71.6217
8237500.0,72.4409
8238125.0,73.3397
8238750.0,72.7252
8239375.0,80.4055
8240000.0,75.3656
8240625.0,73.4253
8241250.0,75.8032
8241875.0,77.9182
8242500.0,74.1008
8243125.0,78.8005
8243750.0,70.6078
8244375.0,79.8158
8245000.0,224.8993
8245625.0,224.4599
8246250.0,217.2036
8246875.0,211.1867
8247500.0,206.2499
8248125.0,216.4188
8248750.0,231.6113
8249375.0,214.1856
8250000.0,69.5624
8250625.0,71.9728
8251250.0,73.9492
8251875.0,74.0975
8252500.0,74.9141
8253125.0,79.2929
8253750.0,80.1097
8254375.0,82.9606
8255000.0,69.2741
8255625.0,72.1733
8256250.0,78.0333
8256875.0,73.6883
8257500.0,78.6452
8258125.0,76.1808
8258750.0,81.3536
8259375.0,79.3310
8260000.0,79.4000
8260625.0,73.8472
8261250.0,75.0326
8261875.0,74.2492
8262500.0,69.7228
8263125.0,80.9486
8263750.0,233.3856
8264375.0,221.1184
8265000.0,239.6767
8265625.0,217.9084
8266250.0,204.3210
8266875.0,236.3329
8267500.0,210.6162
8268125.0,222.7975
8268750.0,76.1771
8269375.0,76.8532
8270000.0,78.5985
8270625.0,77.5898
8271250.0,77.4731
8271875.0,72.4189
8272500.0,76.5093
8273125.0,69.7241
8273750.0,81.2893
8274375.0,70.1123
8275000.0,74.0939
8275625.0,70.4278
8276250.0,72.6473
8276875.0,75.4506
8277500.0,73.4066
8278125.0,79.7138
8278750.0,76.2554
8279375.0,73.6548
8280000.0,74.8964
8280625.0,79.9983
8281250.0,78.8264
8281875.0,71.1068
8282500.0,217.3427
8283125.0,230.3414
8283750.0,228.9754
8284375.0,213.1832
8285000.0,233.4277
8285625.0,214.9777
8286250.0,239.6681
8286875.0,230.9563
8287500.0,71.1326
8288125.0,73.4054
8288750.0,73.3398
8289375.0,76.0027
8290000.0,74.6310
8290625.0,71.0815
8291250.0,70.1436
8291875.0,77.4698
8292500.0,76.4791
8293125.0,75.7979
8293750.0,76.4207
8294375.0,73.0667
8295000.0,76.0937
8295625.0,84.9702
8296250.0,79.8281
8296875.0,74.3127
8297500.0,73.4269
8298125.0,64.6161
8298750.0,79.4290
8299375.0,78.3655
8300000.0,73.3498
8300625.0,70.0025
8301250.0,212.0032
8301875.0,229.9995
8302500.0,223.9949
8303125.0,232.7804
8303750.0,225.9725
8304375.0,235.8760
8305000.0,229.1577
8305625.0,234.3239
8306250.0,67.5219
8306875.0,70.7465
8307500.0,74.0264
8308125.0,79.4700
8308750.0,82.4896
8309375.0,74.7808
8310000.0,73.0943
8310625.0,68.0298
8311250.0,78.6556
8311875.0,73.3258
8312500.0,86.5529
8313125.0,72.6124
8313750.0,83.3369
8314375.0,78.2213
8315000.0,71.5234
8315625.0,76.2752
8316250.0,78.3081
8316875.0,74.5508
8317500.0,78.5592
8318125.0,78.4762
8318750.0,77.6482
8319375.0,75.3379
8320000.0,211.7819
8320625.0,224.1362
8321250.0,226.9807
8321875.0,203.8944
8322500.0,226.9039
8323125.0,223.9110
8323750.0,210.4130
8324375.0,221.2537
8325000.0,74.2243
8325625.0,82.6765
8326250.0,76.2298
8326875.0,79.3059
8327500.0,74.9558
8328125.0,68.3353
8328750.0,77.9347
8329375.0,72.9186
8330000.0,74.1348
8330625.0,71.4303
8331250.0,75.6743
8331875.0,79.4157
8332500.0,78.9164
8333125.0,81.3799
8333750.0,81.9144
8334375.0,67.6871
8335000.0,70.9001
8335625.0,68.5831
8336250.0,77.7824
8336875.0,72.7871
8337500.0,73.5558
8338125.0,74.5834
8338750.0,229.3039
8339375.0,208.2901
8340000.0,210.8378
8340625.0,225.0146
8341250.0,238.4859
8341875.0,224.7143
8342500.0,216.0938
8343125.0,200.8327
8343750.0,78.9916
8344375.0,72.6255
8345000.0,71.0742
8345625.0,68.9332
8346250.0,69.9746
8346875.0,71.7762
8347500.0,74.4995
8348125.0,70.8430
8348750.0,76.1001
8349375.0,74.4709
8350000.0,83.7769
8350625.0,68.9742
8351250.0,76.0088
8351875.0,76.0560
8352500.0,71.5148
8353125.0,75.7591
8353750.0,78.3014
8354375.0,75.7638
8355000.0,80.6194
8355625.0,67.1901
8356250.0,72.2248
8356875.0,80.9610
8357500.0,235.2603
8358125.0,231.0808
8358750.0,238.8737
8359375.0,203.4387
8360000.0,233.9506
8360625.0,236.9742
8361250.0,217.5896
8361875.0,254.5789
8362500.0,76.1402
8363125.0,67.1333
8363750.0,76.8374
8364375.0,72.6861
8365000.0,79.7920
8365625.0,77.4657
8366250.0,73.1458
8366875.0,81.0642
8367500.0,78.9417
8368125.0,72.2787
8368750.0,74.8268
8369375.0,77.3488
8370000.0,74.0267
8370625.0,74.1393
8371250.0,75.5385
8371875.0,71.3819
8372500.0,66.9825
8373125.0,76.3015
8373750.0,67.9018
8374375.0,71.6562
8375000.0,68.7211
8375625.0,69.1854
8376250.0,229.7965
8376875.0,222.4990
8377500.0,222.0930
8378125.0,210.1961
8378750.0,217.6217
8379375.0,229.2351
8380000.0,224.4140
8380625.0,234.2551
8381250.0,79.0384
8381875.0,74.4491
8382500.0,68.4170
8383125.0,72.5474
8383750.0,75.0317
8384375.0,72.4726
8385000.0,71.4241
8385625.0,75.6630
8386250.0,84.5622
8386875.0,73.5595
8387500.0,75.3894
8388125.0,70.4536
8388750.0,80.0876
8389375.0,78.6978
8390000.0,78.4376
8390625.0,80.5264
8391250.0,73.7889
8391875.0,74.2599
8392500.0,81.8462
8393125.0,77.7854
8393750.0,67.0335
8394375.0,77.1147
8395000.0,218.4559
8395625.0,235.1044
8396250.0,229.5921
8396875.0,205.4189
8397500.0,228.0243
8398125.0,227.3696
8398750.0,229.0890
8399375.0,231.4747
8400000.0,81.0398
8400625.0,76.9604
8401250.0,75.4863
8401875.0,79.7278
8402500.0,83.8551
8403125.0,78.8498
8403750.0,76.1774
8404375.0,77.0306
8405000.0,76.3653
8405625.0,75.4698
8406250.0,83.5627
8406875.0,72.5761
8407500.0,79.7540
8408125.0,74.9255
8408750.0,69.8188
8409375.0,74.6900
8410000.0,73.3387
8410625.0,77.5775
8411250.0,75.7442
8411875.0,71.5470
8412500.0,80.9457
8413125.0,79.5098
8413750.0,242.8431
8414375.0,227.6659
8415000.0,224.5980
8415625.0,232.9151
8416250.0,218.5034
8416875.0,226.4632
8417500.0,223.0236
8418125.0,208.5634
8418750.0,75.8805
8419375.0,73.7376
8420000.0,74.4856
8420625.0,76.7715
8421250.0,80.1974
8421875.0,72.2001
8422500.0,74.1312
8423125.0,72.5156
8423750.0,72.2702
8424375.0,73.1585
8425000.0,74.6594
8425625.0,77.6087
8426250.0,76.6081
8426875.0,71.4156
8427500.0,80.2790
8428125.0,78.9604
8428750.0,72.0025
8429375.0,80.0149
8430000.0,76.6326
8430625.0,74.8102
8431250.0,76.7500
8431875.0,75.3028
8432500.0,231.1321
8433125.0,227.1073
8433750.0,221.2040
8434375.0,202.2094
8435000.0,230.9308
8435625.0,220.7964
8436250.0,233.7519
8436875.0,230.4188
8437500.0,74.0893
8438125.0,79.2567
8438750.0,76.1723
8439375.0,76.0169
8440000.0,74.8793
8440625.0,81.7470
8441250.0,72.7110
8441875.0,74.1835
8442500.0,70.7352
8443125.0,78.1398
8443750.0,73.2053
8444375.0,73.6280
8445000.0,73.4511
8445625.0,75.6365
8446250.0,70.6846
8446875.0,66.9430
8447500.0,77.1255
8448125.0,67.4319
8448750.0,78.6201
8449375.0,81.2756
8450000.0,74.7809
8450625.0,80.2991
8451250.0,224.7271
8451875.0,242.9915
8452500.0,219.8675
8453125.0,198.3951
8453750.0,224.1010
8454375.0,244.2146
8455000.0,231.0184
8455625.0,219.2026
8456250.0,76.6400
8456875.0,79.0611
8457500.0,75.0772
8458125.0,85.3015
8458750.0,73.4493
8459375.0,79.1795
8460000.0,78.2725
8460625.0,72.7617
8461250.0,73.7999
8461875.0,79.2382
8462500.0,75.9459
8463125.0,76.6745
8463750.0,69.2324
8464375.0,77.8731
8465000.0,76.4831
8465625.0,75.1591
8466250.0,76.7606
8466875.0,73.8572
8467500.0,73.1685
8468125.0,74.4881
8468750.0,73.6500
8469375.0,83.6206
8470000.0,235.2585
8470625.0,214.1047
8471250.0,247.9083
8471875.0,220.1304
8472500.0,225.3314
8473125.0,235.0959
8473750.0,202.8376
8474375.0,222.3335
8475000.0,73.2385
8475625.0,76.1732
8476250.0,76.7951
8476875.0,75.1087
8477500.0,74.9338
8478125.0,79.4155
8478750.0,76.5366
8479375.0,75.5562
8480000.0,75.9575
8480625.0,82.3213
8481250.0,76.0510
8481875.0,73.4605
8482500.0,68.2031
8483125.0,69.9941
8483750.0,73.6393
8484375.0,74.9914
8485000.0,73.3053
8485625.0,76.7238
8486250.0,73.2567
8486875.0,71.9524
8487500.0,77.7097
8488125.0,80.5626
8488750.0,212.5444
8489375.0,227.7418
8490000.0,203.5687
8490625.0,208.4114
8491250.0,218.3764
8491875.0,237.7677
8492500.0,216.2396
8493125.0,215.8189
8493750.0,75.5360
8494375.0,75.5398
8495000.0,72.4401
8495625.0,82.8881
8496250.0,74.3996
8496875.0,75.8282
8497500.0,73.8853
8498125.0,77.0587
8498750.0,80.0558
8499375.0,81.6720
8500000.0,72.5263
8500625.0,79.5500
8501250.0,77.4723
8501875.0,79.0740
8502500.0,75.0536
8503125.0,74.6949
8503750.0,78.9276
8504375.0,78.9992
8505000.0,81.3028
8505625.0,76.1485
8506250.0,74.9969
8506875.0,66.1264
8507500.0,206.8733
8508125.0,220.5647
8508750.0,212.6131
8509375.0,234.1590
8510000.0,210.2623
8510625.0,219.3603
8511250.0,219.8022
8511875.0,238.5534
8512500.0,73.1069
8513125.0,77.1056
8513750.0,76.1378
8514375.0,78.8054
8515000.0,78.6053
8515625.0,75.2739
8516250.0,69.0050
8516875.0,74.5263
8517500.0,75.3248
8518125.0,76.4783
8518750.0,72.6194
8519375.0,79.7012
8520000.0,75.4513
8520625.0,71.9297
8521250.0,73.6725
8521875.0,82.6706
8522500.0,77.9047
8523125.0,79.3527
8523750.0,71.4732
8524375.0,72.8031
8525000.0,72.8310
8525625.0,76.0952
8526250.0,223.0425
8526875.0,219.4932
8527500.0,220.9042
8528125.0,216.0671
8528750.0,222.9768
8529375.0,237.5237
8530000.0,207.9772
8530625.0,228.8979
8531250.0,80.6029
8531875.0,74.7094
8532500.0,73.4061
8533125.0,78.8844
8533750.0,71.6895
8534375.0,75.3145
8535000.0,71.4798
8535625.0,68.3497
8536250.0,74.8270
8536875.0,70.6370
8537500.0,75.3560
8538125.0,79.6037
8538750.0,82.3905
8539375.0,75.7526
8540000.0,79.2424
8540625.0,76.9041
8541250.0,73.9557
8541875.0,68.1436
8542500.0,81.5319
8543125.0,71.4449
8543750.0,80.6130
8544375.0,77.4238
8545000.0,214.0199
8545625.0,228.5100
8546250.0,248.9952
8546875.0,242.2761
8547500.0,219.2320
8548125.0,216.9902
8548750.0,226.1273
8549375.0,223.1380
8550000.0,79.9230
8550625.0,78.1883
8551250.0,69.0202
8551875.0,77.1292
8552500.0,74.7248
8553125.0,75.5399
8553750.0,76.3385
8554375.0,79.9192
8555000.0,79.0863
8555625.0,72.5735
8556250.0,75.1790
8556875.0,73.7091
8557500.0,69.0594
8558125.0,74.9877
8558750.0,82.3547
8559375.0,68.9456
8560000.0,75.3093
8560625.0,75.1884
8561250.0,76.4848
8561875.0,71.7705
8562500.0,70.0273
8563125.0,70.2027
8563750.0,239.9730
8564375.0,213.9448
8565000.0,219.3799
8565625.0,248.6771
8566250.0,216.7396
8566875.0,228.8520
8567500.0,236.9679
8568125.0,236.4269
8568750.0,70.3800
8569375.0,72.7107
8570000.0,76.5399
8570625.0,82.6724
8571250.0,72.5291
8571875.0,73.5391
8572500.0,76.9818
8573125.0,77.7361
8573750.0,77.9646
8574375.0,72.2092
8575000.0,73.3942
8575625.0,76.2124
8576250.0,80.1589
8576875.0,74.5009
8577500.0,75.3159
8578125.0,71.5322
8578750.0,82.4244
8579375.0,75.9816
8580000.0,79.4631
8580625.0,75.5127
8581250.0,75.7215
8581875.0,69.7438
8582500.0,200.8039
8583125.0,239.0839
8583750.0,225.8782
8584375.0,227.3223
8585000.0,210.9481
8585625.0,214.8405
8586250.0,236.9509
8586875.0,244.5766
8587500.0,73.0578
8588125.0,77.9315
8588750.0,76.1164
8589375.0,74.9456
8590000.0,82.3819
8590625.0,73.6914
8591250.0,80.0775
8591875.0,76.8380
8592500.0,75.3363
8593125.0,80.5725
8593750.0,76.4938
8594375.0,75.0365
8595000.0,80.6005
8595625.0,80.1097
8596250.0,79.9314
8596875.0,60.7430
8597500.0,77.0595
8598125.0,76.1997
8598750.0,75.2686
8599375.0,77.6989
8600000.0,76.3823
8600625.0,77.9553
8601250.0,221.9854
8601875.0,241.8545
8602500.0,233.7631
8603125.0,231.1034
8603750.0,230.5542
8604375.0,238.0194
8605000.0,236.4940
8605625.0,223.7313
8606250.0,79.1335
8606875.0,76.0562
8607500.0,82.6268
8608125.0,79.5384
8608750.0,73.0415
8609375.0,84.1868
8610000.0,67.4753
8610625.0,77.8028
8611250.0,72.7751
8611875.0,82.4958
8612500.0,76.3531
8613125.0,72.4074
8613750.0,74.3953
8614375.0,72.7085
8615000.0,74.2472
8615625.0,74.1610
8616250.0,72.5681
8616875.0,76.4181
8617500.0,76.8749
8618125.0,71.6439
8618750.0,69.1483
8619375.0,76.5723
8620000.0,230.9841
8620625.0,233.2149
8621250.0,231.2007
8621875.0,242.6931
8622500.0,236.2170
8623125.0,255.1481
8623750.0,259.8823
8624375.0,205.2213
8625000.0,67.1168
8625625.0,75.3721
8626250.0,77.3010
8626875.0,75.1139
8627500.0,78.0525
8628125.0,74.3812
8628750.0,72.7838
8629375.0,73.3533
8630000.0,74.6454
8630625.0,78.5800
8631250.0,73.5650
8631875.0,74.3106
8632500.0,77.5497
8633125.0,74.6505
8633750.0,79.6100
8634375.0,71.9335
8635000.0,71.1159
8635625.0,76.5485
8636250.0,76.9242
8636875.0,72.1391
8637500.0,80.4654
8638125.0,82.6570
8638750.0,217.9366
8639375.0,241.7321
8640000.0,198.2010
8640625.0,237.1063
8641250.0,215.3502
8641875.0,235.9808
8642500.0,214.1856
8643125.0,224.2295
8643750.0,72.3459
8644375.0,74.5937
8645000.0,82.2988
8645625.0,74.9931
8646250.0,83.3558
8646875.0,73.9455
8647500.0,81.0240
8648125.0,69.2711
8648750.0,74.3199
8649375.0,73.3789
8650000.0,81.1972
8650625.0,76.0984
8651250.0,67.5279
8651875.0,70.4608
8652500.0,71.5823
8653125.0,78.9214
8653750.0,78.4349
8654375.0,74.2675
8655000.0,73.3321
8655625.0,78.1008
8656250.0,71.1417
8656875.0,77.1254
8657500.0,229.1908
8658125.0,221.9109
8658750.0,229.4739
8659375.0,226.1486
8660000.0,230.5960
8660625.0,209.9913
8661250.0,231.9131
8661875.0,236.5493
8662500.0,76.6100
8663125.0,77.6666
8663750.0,74.9856
8664375.0,78.7603
8665000.0,75.6460
8665625.0,71.0723
8666250.0,78.4922
8666875.0,69.2393
8667500.0,76.4661
8668125.0,73.9515
8668750.0,73.7106
8669375.0,76.0484
8670000.0,72.7260
8670625.0,77.3310
8671250.0,75.6141
8671875.0,73.0728
8672500.0,80.4449
8673125.0,76.1720
8673750.0,77.7781
8674375.0,80.7405
8675000.0,80.6787
8675625.0,77.5858
8676250.0,221.5951
8676875.0,208.9158
8677500.0,227.3253
8678125.0,237.3141
8678750.0,228.9860
8679375.0,186.2484
8680000.0,234.7882
8680625.0,235.4794
8681250.0,74.2644
8681875.0,79.1261
8682500.0,77.7674
8683125.0,72.8156
8683750.0,80.1928
8684375.0,70.6216
8685000.0,75.1842
8685625.0,74.8081
8686250.0,72.2881
8686875.0,76.5453
8687500.0,80.3401
8688125.0,80.1040
8688750.0,78.1282
8689375.0,69.0064
8690000.0,70.3635
8690625.0,76.0265
8691250.0,75.2709
8691875.0,73.5222
8692500.0,82.5831
8693125.0,75.7991
8693750.0,77.4449
8694375.0,79.1244
8695000.0,225.6183
8695625.0,254.1494
8696250.0,214.4208
8696875.0,218.1817
8697500.0,214.3932
8698125.0,242.5799
8698750.0,234.0235
8699375.0,218.8783
8700000.0,72.1432
8700625.0,80.6210
8701250.0,76.7636
8701875.0,80.7173
8702500.0,75.1732
8703125.0,77.3285
8703750.0,76.5319
8704375.0,73.0471
8705000.0,74.8566
8705625.0,70.9352
8706250.0,77.2628
8706875.0,78.2699
8707500.0,79.1329
8708125.0,77.9129
8708750.0,74.9166
8709375.0,81.2509
8710000.0,78.7640
8710625.0,80.6348
8711250.0,80.8714
8711875.0,74.9265
8712500.0,76.8623
8713125.0,78.3201
8713750.0,212.0722
8714375.0,212.3216
8715000.0,210.3827
8715625.0,223.7839
8716250.0,221.2502
8716875.0,208.8487
8717500.0,226.6803
8718125.0,223.9243
8718750.0,79.8570
8719375.0,82.9889
8720000.0,77.1208
8720625.0,72.7737
8721250.0,77.8382
8721875.0,75.4351
8722500.0,74.4947
8723125.0,72.1518
8723750.0,73.6499
8724375.0,74.7297
8725000.0,78.4314
8725625.0,77.3266
8726250.0,82.2824
8726875.0,77.9423
8727500.0,76.9996
8728125.0,74.2455
8728750.0,71.4888
8729375.0,73.2515
8730000.0,72.7616
8730625.0,65.7454
8731250.0,71.5975
8731875.0,81.4403
8732500.0,229.1468
8733125.0,220.7641
8733750.0,229.4829
8734375.0,203.0242
8735000.0,228.1736
8735625.0,239.3718
8736250.0,223.6374
8736875.0,205.0651
8737500.0,73.8394
8738125.0,80.2228
8738750.0,76.3750
8739375.0,70.0530
8740000.0,84.3260
8740625.0,70.6731
8741250.0,74.4842
8741875.0,71.4891
8742500.0,71.4943
8743125.0,73.6954
8743750.0,77.7983
8744375.0,80.2653
8745000.0,73.9441
8745625.0,71.5918
8746250.0,77.2045
8746875.0,77.3150
8747500.0,76.3062
8748125.0,76.4395
8748750.0,74.9756
8749375.0,75.7700
8750000.0,74.7152
8750625.0,79.4348
8751250.0,250.0702
8751875.0,227.0211
8752500.0,224.9261
8753125.0,227.8784
8753750.0,217.5984
8754375.0,233.6060
8755000.0,229.9632
8755625.0,220.2697
8756250.0,78.8008
8756875.0,75.4716
8757500.0,71.7429
8758125.0,76.7255
8758750.0,76.2935
8759375.0,79.0208
8760000.0,78.5349
8760625.0,74.9882
8761250.0,73.6202
8761875.0,75.4066
8762500.0,76.7697
8763125.0,77.2238
8763750.0,76.5363
8764375.0,75.0578
8765000.0,79.1580
8765625.0,72.8579
8766250.0,84.7474
8766875.0,78.2768
8767500.0,71.1494
8768125.0,76.0983
8768750.0,78.3130
8769375.0,74.0829
8770000.0,208.1796
8770625.0,213.3105
8771250.0,231.0985
8771875.0,205.2606
8772500.0,208.6949
8773125.0,231.0394
8773750.0,222.4963
8774375.0,217.1725
8775000.0,73.5349
8775625.0,69.8550
8776250.0,77.2264
8776875.0,72.3593
8777500.0,73.3802
8778125.0,76.7074
8778750.0,74.4325
8779375.0,72.7435
8780000.0,67.8998
8780625.0,76.7852
8781250.0,75.6978
8781875.0,73.4494
8782500.0,71.4890
8783125.0,75.4481
8783750.0,77.2114
8784375.0,75.7686
8785000.0,81.5755
8785625.0,78.0570
8786250.0,74.9955
8786875.0,78.1833
8787500.0,75.5835
8788125.0,75.5704
8788750.0,239.5841
8789375.0,214.8968
8790000.0,225.2622
8790625.0,238.3842
8791250.0,228.4761
8791875.0,220.8482
8792500.0,205.8057
8793125.0,199.4586
8793750.0,83.2272
8794375.0,76.5631
8795000.0,73.1980
8795625.0,76.7175
8796250.0,71.8273
8796875.0,74.1514
8797500.0,71.8527
8798125.0,70.0720
8798750.0,67.4642
8799375.0,69.3768
8800000.0,79.2503
8800625.0,71.6795
8801250.0,77.4165
8801875.0,79.0066
8802500.0,75.4625
8803125.0,74.2744
8803750.0,75.9015
8804375.0,73.8293
8805000.0,79.9387
8805625.0,82.4745
8806250.0,80.8658
8806875.0,67.2886
8807500.0,220.0834
8808125.0,225.0468
8808750.0,230.2094
8809375.0,205.5677
8810000.0,205.3863
8810625.0,239.7014
8811250.0,218.7099
8811875.0,208.2667
8812500.0,71.2393
8813125.0,76.8721
8813750.0,72.2990
8814375.0,76.3109
8815000.0,71.7102
8815625.0,68.8244
8816250.0,80.7699
8816875.0,76.9012
8817500.0,74.1418
8818125.0,73.4345
8818750.0,80.9227
8819375.0,77.6301
8820000.0,79.7235
8820625.0,73.1995
8821250.0,75.5910
8821875.0,76.9163
8822500.0,73.3262
8823125.0,75.0398
8823750.0,73.1998
8824375.0,76.9045
8825000.0,70.4183
8825625.0,77.5563
8826250.0,228.4955
8826875.0,222.7128
8827500.0,230.0571
8828125.0,220.8944
8828750.0,217.4610
8829375.0,231.1169
8830000.0,231.6039
8830625.0,219.2932
8831250.0,73.1642
8831875.0,74.7102
8832500.0,73.3189
8833125.0,81.1497
8833750.0,76.5931
8834375.0,75.4550
8835000.0,71.8836
8835625.0,78.1860
8836250.0,73.0942
8836875.0,72.9391
8837500.0,78.3128
8838125.0,76.8602
8838750.0,65.9620
8839375.0,74.8052
8840000.0,75.8732
8840625.0,74.1197
8841250.0,76.0046
8841875.0,68.5775
8842500.0,64.7271
8843125.0,71.7225
8843750.0,76.4641
8844375.0,63.2419
8845000.0,215.5101
8845625.0,203.3689
8846250.0,222.2705
8846875.0,247.0264
8847500.0,222.5568
8848125.0,223.7906
8848750.0,234.4413
8849375.0,225.2397
8850000.0,74.5895
8850625.0,78.8935
8851250.0,77.1790
8851875.0,76.4881
8852500.0,74.8768
8853125.0,74.0953
8853750.0,78.8577
8854375.0,74.1315
8855000.0,80.0418
8855625.0,71.4523
8856250.0,80.8054
8856875.0,77.1796
8857500.0,71.7486
8858125.0,77.3188
8858750.0,72.9484
8859375.0,75.5260
8860000.0,73.5654
8860625.0,74.8989
8861250.0,78.9492
8861875.0,77.3548
8862500.0,71.1574
8863125.0,71.3733
8863750.0,228.0462
8864375.0,228.8609
8865000.0,217.4125
8865625.0,242.9023
8866250.0,234.1518
8866875.0,217.9623
8867500.0,216.8746
8868125.0,222.4371
8868750.0,74.1489
8869375.0,80.1357
8870000.0,79.1117
8870625.0,75.5322
8871250.0,77.9557
8871875.0,78.5026
8872500.0,75.6196
8873125.0,76.9179
8873750.0,77.6401
8874375.0,77.2383
8875000.0,72.4639
8875625.0,72.8450
8876250.0,74.3120
8876875.0,72.7359
8877500.0,69.8464
8878125.0,77.9483
8878750.0,76.7060
8879375.0,70.3506
8880000.0,74.4917
8880625.0,74.7052
8881250.0,76.0859
8881875.0,71.3212
8882500.0,209.7676
8883125.0,230.8469
8883750.0,207.7429
8884375.0,222.3825
8885000.0,221.3316
8885625.0,223.6131
8886250.0,227.8431
8886875.0,242.9839
8887500.0,69.3699
8888125.0,78.7047
8888750.0,65.9292
8889375.0,80.6543
8890000.0,67.6984
8890625.0,84.5852
8891250.0,73.9306
8891875.0,80.2647
8892500.0,79.4873
8893125.0,73.7544
8893750.0,74.0437
8894375.0,72.2439
8895000.0,78.3684
8895625.0,73.8035
8896250.0,72.3124
8896875.0,77.4255
8897500.0,72.0176
8898125.0,74.1597
8898750.0,75.8038
8899375.0,72.9780
8900000.0,73.5469
8900625.0,81.1869
8901250.0,222.7024
8901875.0,220.9542
8902500.0,223.0298
8903125.0,230.1126
8903750.0,213.3690
8904375.0,229.8062
8905000.0,227.8780
8905625.0,204.8776
8906250.0,82.1643
8906875.0,80.9073
8907500.0,72.3819
8908125.0,71.1685
8908750.0,76.2598
8909375.0,70.0245
8910000.0,80.5433
8910625.0,73.6339
8911250.0,81.5142
8911875.0,72.2920
8912500.0,74.9770
8913125.0,80.1774
8913750.0,74.1814
8914375.0,76.4258
8915000.0,79.5193
8915625.0,73.3037
8916250.0,70.6432
8916875.0,69.9007
8917500.0,77.5995
8918125.0,76.8657
8918750.0,79.4025
8919375.0,74.3669
8920000.0,208.9042
8920625.0,198.5315
8921250.0,257.2646
8921875.0,230.9279
8922500.0,226.5389
8923125.0,228.1347
8923750.0,208.8974
8924375.0,216.0577
8925000.0,81.9724
8925625.0,77.8820
8926250.0,72.5212
8926875.0,70.7749
8927500.0,73.4558
8928125.0,74.2108
8928750.0,83.1253
8929375.0,74.6902
8930000.0,70.9154
8930625.0,75.1791
8931250.0,76.3966
8931875.0,70.5723
8932500.0,76.9162
8933125.0,79.9576
8933750.0,75.9228
8934375.0,72.3951
8935000.0,73.4062
8935625.0,69.1462
8936250.0,74.8954
8936875.0,76.5716
8937500.0,72.0197
8938125.0,82.7127
8938750.0,233.9131
8939375.0,204.8313
8940000.0,205.0620
8940625.0,213.9297
8941250.0,242.6983
8941875.0,235.0229
8942500.0,243.2668
8943125.0,225.1149
8943750.0,74.6102
8944375.0,70.6969
8945000.0,76.7183
8945625.0,74.6604
8946250.0,74.5153
8946875.0,81.5001
8947500.0,74.9237
8948125.0,80.4178
8948750.0,69.4130
8949375.0,85.5342
8950000.0,73.9928
8950625.0,78.0661
8951250.0,78.6658
8951875.0,73.5250
8952500.0,78.4877
8953125.0,78.6837
8953750.0,72.7114
8954375.0,72.7561
8955000.0,75.5708
8955625.0,74.9646
8956250.0,80.6521
8956875.0,78.0491
8957500.0,224.2077
8958125.0,231.8184
8958750.0,201.9752
8959375.0,218.0778
8960000.0,228.2380
8960625.0,237.5479
8961250.0,227.2474
8961875.0,241.4052
8962500.0,78.6721
8963125.0,73.5590
8963750.0,74.8721
8964375.0,76.9397
8965000.0,73.7086
8965625.0,81.1730
8966250.0,71.2201
8966875.0,76.5917
8967500.0,78.1726
8968125.0,74.2183
8968750.0,73.3687
8969375.0,75.1132
8970000.0,78.4612
8970625.0,73.5156
8971250.0,71.3702
8971875.0,79.7377
8972500.0,76.9053
8973125.0,79.1996
8973750.0,78.2627
8974375.0,83.6182
8975000.0,79.6034
8975625.0,72.6702
8976250.0,230.2905
8976875.0,218.7283
8977500.0,219.8911
8978125.0,209.1094
8978750.0,221.7812
8979375.0,231.1316
8980000.0,224.2573
8980625.0,212.6321
8981250.0,69.6582
8981875.0,83.3617
8982500.0,76.6259
8983125.0,72.2933
8983750.0,77.1409
8984375.0,83.6532
8985000.0,77.7391
8985625.0,64.8928
8986250.0,85.3991
8986875.0,68.4283
8987500.0,74.6233
8988125.0,71.1271
8988750.0,72.6102
8989375.0,76.4722
8990000.0,67.5922
8990625.0,75.0598
8991250.0,79.7255
8991875.0,72.2210
8992500.0,70.1586
8993125.0,74.8748
8993750.0,74.1245
8994375.0,73.1560
8995000.0,211.6311
8995625.0,230.8408
8996250.0,231.6967
8996875.0,213.0115
8997500.0,214.5684
8998125.0,226.5355
8998750.0,214.1441
8999375.0,227.0099
9000000.0,80.9345
9000625.0,75.1745
9001250.0,70.8247
9001875.0,76.8782
9002500.0,74.7302
9003125.0,74.8339
9003750.0,77.1920
9004375.0,78.0052
9005000.0,75.5338
9005625.0,75.1712
9006250.0,83.1796
9006875.0,79.9261
9007500.0,78.5425
9008125.0,75.8946
9008750.0,71.6083
9009375.0,79.6502
9010000.0,75.9440
9010625.0,73.2241
9011250.0,74.4834
9011875.0,71.7575
9012500.0,79.3861
9013125.0,77.9750
9013750.0,227.0434
9014375.0,224.5187
9015000.0,217.3425
9015625.0,201.0367
9016250.0,209.1046
9016875.0,216.6452
9017500.0,214.9541
9018125.0,228.2553
9018750.0,78.4593
9019375.0,74.9158
9020000.0,80.7116
9020625.0,72.4485
9021250.0,74.8890
9021875.0,75.2078
9022500.0,79.5175
9023125.0,75.7992
9023750.0,75.9036
9024375.0,69.1612
9025000.0,72.0074
9025625.0,79.5317
9026250.0,67.5760
9026875.0,80.4631
9027500.0,77.2837
9028125.0,72.5818
9028750.0,72.2632
9029375.0,82.5478
9030000.0,80.7210
9030625.0,74.9497
9031250.0,75.9074
9031875.0,72.9639
9032500.0,226.5163
9033125.0,217.4186
9033750.0,224.1164
9034375.0,245.3662
9035000.0,223.9243
9035625.0,213.2098
9036250.0,209.6283
9036875.0,226.4301
9037500.0,72.5314
9038125.0,76.3297
9038750.0,69.2945
9039375.0,78.0022
9040000.0,71.4032
9040625.0,75.5745
9041250.0,74.1246
9041875.0,81.8783
9042500.0,76.0465
9043125.0,82.7344
9043750.0,77.5140
9044375.0,80.7738
9045000.0,74.6128
9045625.0,76.7025
9046250.0,79.9943
9046875.0,78.8117
9047500.0,77.4018
9048125.0,74.1637
9048750.0,74.8014
9049375.0,79.6890
9050000.0,80.4741
9050625.0,73.1649
9051250.0,216.6327
9051875.0,214.8285
9052500.0,234.3341
9053125.0,214.5434
9053750.0,234.1980
9054375.0,231.1390
9055000.0,218.8677
9055625.0,242.5934
9056250.0,69.8873
9056875.0,81.6564
9057500.0,76.6022
9058125.0,67.5830
9058750.0,81.4014
9059375.0,79.0652
9060000.0,73.7856
9060625.0,71.7630
9061250.0,69.4846
9061875.0,84.5062
9062500.0,71.9189
9063125.0,70.6363
9063750.0,76.4101
9064375.0,69.2251
9065000.0,71.6996
9065625.0,79.1510
9066250.0,77.1501
9066875.0,73.9434
9067500.0,75.4690
9068125.0,73.7319
9068750.0,75.1663
9069375.0,72.5280
9070000.0,218.4723
9070625.0,218.1299
9071250.0,216.8341
9071875.0,236.7440
9072500.0,233.6638
9073125.0,214.5109
9073750.0,211.5631
9074375.0,223.2306
9075000.0,83.5254
9075625.0,71.5256
9076250.0,74.7922
9076875.0,75.7345
9077500.0,74.9904
9078125.0,73.6725
9078750.0,79.7547
9079375.0,77.1133
9080000.0,78.5887
9080625.0,77.6220
9081250.0,78.7702
9081875.0,81.3732
9082500.0,80.4180
9083125.0,84.1645
9083750.0,79.9894
9084375.0,72.8762
9085000.0,78.5944
9085625.0,78.0783
9086250.0,82.6395
9086875.0,71.7538
9087500.0,77.5035
9088125.0,72.8324
9088750.0,230.7661
9089375.0,222.5841
9090000.0,230.3940
9090625.0,209.1337
9091250.0,233.9238
9091875.0,227.3182
9092500.0,226.7122
9093125.0,246.9401
9093750.0,73.9580
9094375.0,76.6903
9095000.0,75.7780
9095625.0,76.1466
9096250.0,83.7762
9096875.0,75.6406
9097500.0,73.2614
9098125.0,82.4533
9098750.0,74.2400
9099375.0,69.3485
9100000.0,72.6070
9100625.0,70.7004
9101250.0,68.6141
9101875.0,74.0314
9102500.0,75.1353
9103125.0,79.8506
9103750.0,77.7728
9104375.0,77.6011
9105000.0,72.0326
9105625.0,78.7362
9106250.0,80.6449
9106875.0,76.8875
9107500.0,229.7533
9108125.0,210.7722
9108750.0,236.8624
9109375.0,245.0343
9110000.0,228.6332
9110625.0,218.3135
9111250.0,223.1776
9111875.0,220.2703
9112500.0,74.0411
9113125.0,77.8429
9113750.0,76.4536
9114375.0,79.1848
9115000.0,76.7983
9115625.0,72.1424
9116250.0,73.5124
9116875.0,73.2781
9117500.0,74.6970
9118125.0,82.1661
9118750.0,82.7700
9119375.0,78.5540
9120000.0,75.8477
9120625.0,70.2666
9121250.0,76.2294
9121875.0,72.4217
9122500.0,81.5471
9123125.0,69.3450
9123750.0,76.8495
9124375.0,72.1041
9125000.0,75.3641
9125625.0,77.9111
9126250.0,236.4971
9126875.0,224.3172
9127500.0,233.5637
9128125.0,217.5472
9128750.0,227.7623
9129375.0,236.2748
9130000.0,228.7361
9130625.0,219.0449
9131250.0,74.3480
9131875.0,79.2290
9132500.0,71.2837
9133125.0,71.8399
9133750.0,77.6680
9134375.0,73.7444
9135000.0,69.9220
9135625.0,80.4926
9136250.0,71.2545
9136875.0,74.6481
9137500.0,73.0644
9138125.0,74.2777
9138750.0,72.0650
9139375.0,78.0928
9140000.0,75.8178
9140625.0,79.1084
9141250.0,73.1034
9141875.0,83.4415
9142500.0,68.2195
9143125.0,69.4240
9143750.0,82.0091
9144375.0,77.1871
9145000.0,228.8406
9145625.0,229.8518
9146250.0,231.4261
9146875.0,228.3724
9147500.0,214.1336
9148125.0,234.2046
9148750.0,232.4326
9149375.0,241.0699
9150000.0,82.0512
9150625.0,76.6459
9151250.0,70.7721
9151875.0,82.0824
9152500.0,71.5616
9153125.0,76.6741
9153750.0,74.4321
9154375.0,73.7765
9155000.0,78.2814
9155625.0,76.3216
9156250.0,77.3349
9156875.0,72.3249
9157500.0,74.7437
9158125.0,72.4989
9158750.0,74.6495
9159375.0,74.9523
9160000.0,82.3530
9160625.0,74.4221
9161250.0,67.3865
9161875.0,80.6595
9162500.0,77.0937
9163125.0,74.9061
9163750.0,220.0813
9164375.0,214.3471
9165000.0,246.8030
9165625.0,225.5833
9166250.0,205.4503
9166875.0,228.6871
9167500.0,238.5694
9168125.0,226.7599
9168750.0,72.0010
9169375.0,71.6636
9170000.0,71.9417
9170625.0,81.1367
9171250.0,75.1298
9171875.0,69.0712
9172500.0,76.8482
9173125.0,75.9317
9173750.0,73.7077
9174375.0,71.5531
9175000.0,71.3891
9175625.0,79.4966
9176250.0,76.3331
9176875.0,77.2045
9177500.0,76.3227
9178125.0,76.6354
9178750.0,73.6342
9179375.0,74.6240
9180000.0,79.7917
9180625.0,80.7330
9181250.0,70.7927
9181875.0,74.6149
9182500.0,234.4420
9183125.0,246.1734
9183750.0,245.0470
9184375.0,216.0477
9185000.0,239.3443
9185625.0,225.6597
9186250.0,236.7497
9186875.0,233.8681
9187500.0,70.6349
9188125.0,77.4734
9188750.0,79.1915
9189375.0,75.3240
9190000.0,74.4714
9190625.0,69.4748
9191250.0,77.9772
9191875.0,76.1870
9192500.0,71.9234
9193125.0,74.1716
9193750.0,75.9825
9194375.0,73.2939
9195000.0,75.4101
9195625.0,68.8028
9196250.0,80.4873
9196875.0,75.4600
9197500.0,71.2554
9198125.0,66.1269
9198750.0,79.2798
9199375.0,77.5040
9200000.0,76.1943
9200625.0,78.6560
9201250.0,234.6851
9201875.0,227.1874
9202500.0,222.1401
9203125.0,220.3072
9203750.0,229.7356
9204375.0,240.7166
9205000.0,223.8423
9205625.0,241.6104
9206250.0,76.8068
9206875.0,76.8352
9207500.0,84.4673
9208125.0,81.6306
9208750.0,81.7284
9209375.0,72.3930
9210000.0,83.6645
9210625.0,75.0900
9211250.0,74.5424
9211875.0,67.2596
9212500.0,76.6301
9213125.0,71.3158
9213750.0,76.9391
9214375.0,71.0209
9215000.0,82.1773
9215625.0,77.4794
9216250.0,83.9951
9216875.0,71.5432
9217500.0,81.2404
9218125.0,68.6038
9218750.0,76.1844
9219375.0,73.0188
9220000.0,219.9605
9220625.0,219.1894
9221250.0,214.7094
9221875.0,210.8285
9222500.0,220.0227
9223125.0,226.3053
9223750.0,238.0916
9224375.0,228.3227
9225000.0,79.7979
9225625.0,69.8273
9226250.0,73.7677
9226875.0,78.0805
9227500.0,76.6938
9228125.0,72.1534
9228750.0,78.9214
9229375.0,73.3971
9230000.0,72.4693
9230625.0,77.2358
9231250.0,75.4233
9231875.0,73.4286
9232500.0,73.3006
9233125.0,71.3669
9233750.0,73.9080
9234375.0,79.5470
9235000.0,76.3220
9235625.0,79.0139
9236250.0,77.3456
9236875.0,73.0918
9237500.0,69.1827
9238125.0,71.9058
9238750.0,217.4486
9239375.0,216.5784
9240000.0,236.0365
9240625.0,235.9191
9241250.0,249.8836
9241875.0,216.4081
9242500.0,242.9713
9243125.0,242.9018
9243750.0,74.5244
9244375.0,77.1853
9245000.0,80.0776
9245625.0,75.1779
9246250.0,74.8858
9246875.0,73.0349
9247500.0,66.5027
9248125.0,75.6657
9248750.0,72.7238
9249375.0,71.3459
9250000.0,76.9917
9250625.0,69.9286
9251250.0,78.4389
9251875.0,77.2232
9252500.0,73.8913
9253125.0,75.1613
9253750.0,70.9129
9254375.0,78.2288
9255000.0,76.1064
9255625.0,76.3872
9256250.0,77.2921
9256875.0,72.9781
9257500.0,207.9106
9258125.0,235.7698
9258750.0,232.7481
9259375.0,218.9772
9260000.0,229.6025
9260625.0,239.1522
9261250.0,237.8104
9261875.0,218.6487
9262500.0,69.7874
9263125.0,70.4341
9263750.0,74.2248
9264375.0,80.9129
9265000.0,72.6538
9265625.0,73.1518
9266250.0,73.0742
9266875.0,73.3954
9267500.0,75.3577
9268125.0,70.5742
9268750.0,79.4880
9269375.0,74.8540
9270000.0,84.7463
9270625.0,70.9756
9271250.0,81.3938
9271875.0,80.6454
9272500.0,73.8480
9273125.0,73.9106
9273750.0,71.9267
9274375.0,71.9700
9275000.0,75.3977
9275625.0,75.4780
9276250.0,206.9735
9276875.0,250.8019
9277500.0,222.0804
9278125.0,225.7381
9278750.0,217.9548
9279375.0,221.9961
9280000.0,220.9739
9280625.0,224.9670
9281250.0,75.3450
9281875.0,78.4343
9282500.0,76.2566
9283125.0,78.0551
9283750.0,75.3630
9284375.0,76.2718
9285000.0,74.4903
9285625.0,79.1817
9286250.0,76.6163
9286875.0,74.8041
9287500.0,74.6916
9288125.0,74.9882
9288750.0,75.5148
9289375.0,75.1875
9290000.0,73.2932
9290625.0,78.2837
9291250.0,78.5218
9291875.0,82.1251
9292500.0,73.1243
9293125.0,77.9125
9293750.0,68.2026
9294375.0,78.5255
9295000.0,208.6135
9295625.0,213.9263
9296250.0,228.7375
9296875.0,218.0081
9297500.0,216.4685
9298125.0,219.5458
9298750.0,233.2083
9299375.0,214.5050
9300000.0,75.1958
9300625.0,73.9725
9301250.0,78.4910
9301875.0,78.5967
9302500.0,68.4810
9303125.0,79.3401
9303750.0,73.0975
9304375.0,76.2908
9305000.0,71.8603
9305625.0,76.7992
9306250.0,85.0186
9306875.0,75.8794
9307500.0,73.6664
9308125.0,74.5248
9308750.0,69.8618
9309375.0,80.8626
9310000.0,76.5796
9310625.0,71.4457
9311250.0,71.5685
9311875.0,75.4576
9312500.0,78.9136
9313125.0,71.0608
9313750.0,237.5259
9314375.0,223.9691
9315000.0,214.5348
9315625.0,219.7385
9316250.0,244.6712
9316875.0,209.3826
9317500.0,216.7662
9318125.0,235.7166
9318750.0,76.2160
9319375.0,72.4170
9320000.0,79.0373
9320625.0,79.2164
9321250.0,76.6493
9321875.0,73.0913
9322500.0,73.6722
9323125.0,76.4732
9323750.0,70.4540
9324375.0,80.4057
9325000.0,81.8098
9325625.0,74.5105
9326250.0,76.7425
9326875.0,79.8705
9327500.0,82.7725
9328125.0,81.2698
9328750.0,68.8570
9329375.0,74.2104
9330000.0,77.2876
9330625.0,73.5368
9331250.0,82.1210
9331875.0,81.5427
9332500.0,215.8208
9333125.0,223.1730
9333750.0,216.5675
9334375.0,222.8048
9335000.0,222.4639
9335625.0,235.7354
9336250.0,215.0048
9336875.0,195.5616
9337500.0,69.3509
9338125.0,71.5233
9338750.0,72.9280
9339375.0,76.1056
9340000.0,71.3292
9340625.0,70.8342
9341250.0,71.8960
9341875.0,71.1940
9342500.0,73.3096
9343125.0,73.1482
9343750.0,77.9977
9344375.0,71.6695
9345000.0,74.0519
9345625.0,73.3453
9346250.0,78.4495
9346875.0,74.8184
9347500.0,79.3611
9348125.0,71.0556
9348750.0,75.2139
9349375.0,73.2289
9350000.0,70.7778
9350625.0,75.1455
9351250.0,244.4954
9351875.0,215.4048
9352500.0,223.5661
9353125.0,210.2374
9353750.0,208.5837
9354375.0,216.1434
9355000.0,219.9377
9355625.0,220.4372
9356250.0,74.5479
9356875.0,69.1858
9357500.0,73.0402
9358125.0,77.2916
9358750.0,70.2794
9359375.0,74.0611
9360000.0,76.5040
9360625.0,72.4509
9361250.0,76.6875
9361875.0,69.6654
9362500.0,78.7495
9363125.0,76.7791
9363750.0,75.6099
9364375.0,79.6406
9365000.0,74.1584
9365625.0,73.0707
9366250.0,80.5745
9366875.0,82.3397
9367500.0,72.7857
9368125.0,74.9712
9368750.0,79.3398
9369375.0,75.1054
9370000.0,231.6891
9370625.0,233.7795
9371250.0,218.6741
9371875.0,229.7168
9372500.0,224.9303
9373125.0,211.3102
9373750.0,213.8664
9374375.0,217.6603
9375000.0,78.9005
9375625.0,79.0243
9376250.0,78.2272
9376875.0,77.0592
9377500.0,76.9564
9378125.0,76.4464
9378750.0,76.9366
9379375.0,77.1921
9380000.0,70.1053
9380625.0,72.4208
9381250.0,71.5210
9381875.0,79.5739
9382500.0,81.6360
9383125.0,67.2227
9383750.0,81.2994
9384375.0,75.7269
9385000.0,79.2180
9385625.0,77.3094
9386250.0,80.8303
9386875.0,76.1907
9387500.0,70.2598
9388125.0,75.0016
9388750.0,230.8011
9389375.0,222.5704
9390000.0,232.3995
9390625.0,224.2609
9391250.0,218.3005
9391875.0,212.7827
9392500.0,220.5921
9393125.0,227.3014
9393750.0,68.0131
9394375.0,72.4591
9395000.0,67.8725
9395625.0,73.0736
9396250.0,79.9139
9396875.0,70.9283
9397500.0,78.0509
9398125.0,86.1401
9398750.0,80.8798
9399375.0,75.9033
9400000.0,78.6363
9400625.0,70.2363
9401250.0,69.4682
9401875.0,75.5082
9402500.0,76.9028
9403125.0,79.5259
9403750.0,73.2558
9404375.0,76.1291
9405000.0,75.9999
9405625.0,74.9046
9406250.0,75.1268
9406875.0,72.1778
9407500.0,228.1467
9408125.0,227.1943
9408750.0,220.0499
9409375.0,232.4900
9410000.0,236.5631
9410625.0,232.6205
9411250.0,213.2725
9411875.0,226.1210
9412500.0,71.9639
9413125.0,75.7640
9413750.0,71.9786
9414375.0,80.2149
9415000.0,78.3532
9415625.0,79.7468
9416250.0,79.3650
9416875.0,74.3798
9417500.0,73.7955
9418125.0,81.9663
9418750.0,74.7775
9419375.0,70.2932
9420000.0,79.1981
9420625.0,75.9420
9421250.0,81.0774
9421875.0,76.3160
9422500.0,75.3246
9423125.0,81.1535
9423750.0,69.6000
9424375.0,73.1932
9425000.0,72.0546
9425625.0,67.1245
9426250.0,234.8232
9426875.0,218.7290
9427500.0,235.1854
9428125.0,229.3772
9428750.0,231.8304
9429375.0,219.8768
9430000.0,216.4022
9430625.0,226.0098
9431250.0,78.8653
9431875.0,75.2101
9432500.0,72.7537
9433125.0,70.8797
9433750.0,76.1697
9434375.0,73.3112
9435000.0,75.1295
9435625.0,74.4998
9436250.0,73.7245
9436875.0,76.5076
9437500.0,77.4905
9438125.0,82.8091
9438750.0,78.2575
9439375.0,81.4082
9440000.0,72.3139
9440625.0,69.3644
9441250.0,75.3456
9441875.0,78.6348
9442500.0,78.0434
9443125.0,79.9669
9443750.0,65.8372
9444375.0,80.1237
9445000.0,228.7740
9445625.0,207.6298
9446250.0,233.1397
9446875.0,226.9067
9447500.0,229.2888
9448125.0,236.2400
9448750.0,229.8406
9449375.0,208.4307
9450000.0,74.8608
9450625.0,69.3015
9451250.0,77.8470
9451875.0,80.6703
9452500.0,70.7197
9453125.0,72.8686
9453750.0,72.0735
9454375.0,73.6888
9455000.0,76.9548
9455625.0,73.7296
9456250.0,77.8600
9456875.0,79.4165
9457500.0,79.5536
9458125.0,71.1845
9458750.0,80.6250
9459375.0,80.9271
9460000.0,81.2536
9460625.0,74.8050
9461250.0,72.5656
9461875.0,71.6894
9462500.0,71.2463
9463125.0,75.4441
9463750.0,234.5383
9464375.0,239.6988
9465000.0,219.5375
9465625.0,224.5648
9466250.0,223.8279
9466875.0,217.8531
9467500.0,233.2772
9468125.0,229.0820
9468750.0,75.9347
9469375.0,76.7508
9470000.0,77.7203
9470625.0,77.6825
9471250.0,72.2389
9471875.0,78.7792
9472500.0,76.3627
9473125.0,73.7615
9473750.0,76.2830
9474375.0,76.6987
9475000.0,79.4783
9475625.0,71.4560
9476250.0,80.3952
9476875.0,75.4873
9477500.0,73.4918
9478125.0,73.3764
9478750.0,71.6248
9479375.0,68.8368
9480000.0,77.9538
9480625.0,82.8679
9481250.0,69.3016
9481875.0,71.8169
9482500.0,233.4553
9483125.0,224.4866
9483750.0,234.3872
9484375.0,223.8556
9485000.0,218.4679
9485625.0,222.4593
9486250.0,198.2015
9486875.0,212.1358
9487500.0,78.9750
9488125.0,79.8935
9488750.0,80.7012
9489375.0,77.0621
9490000.0,66.8946
9490625.0,73.0060
9491250.0,80.3940
9491875.0,81.5189
9492500.0,80.5372
9493125.0,74.5093
9493750.0,70.4742
9494375.0,75.2468
9495000.0,75.4558
9495625.0,81.3022
9496250.0,76.2588
9496875.0,75.4629
9497500.0,75.6771
9498125.0,76.9075
9498750.0,77.7617
9499375.0,72.6685
9500000.0,71.4128
9500625.0,80.5670
9501250.0,206.5383
9501875.0,243.4247
9502500.0,203.5049
9503125.0,218.4239
9503750.0,235.9334
9504375.0,225.0038
9505000.0,210.1896
9505625.0,229.7973
9506250.0,75.6526
9506875.0,74.5855
9507500.0,73.0478
9508125.0,75.2695
9508750.0,73.2062
9509375.0,84.5782
9510000.0,74.4951
9510625.0,73.9909
9511250.0,73.3580
9511875.0,82.0991
9512500.0,69.2207
9513125.0,76.7551
9513750.0,74.4979
9514375.0,70.0338
9515000.0,72.3121
9515625.0,76.5949
9516250.0,72.1412
9516875.0,76.3786
9517500.0,81.9189
9518125.0,76.0432
9518750.0,69.9203
9519375.0,72.2076
9520000.0,221.7892
9520625.0,221.0374
9521250.0,226.7102
9521875.0,228.5150
9522500.0,244.4684
9523125.0,224.9582
9523750.0,212.0378
9524375.0,237.9803
9525000.0,80.1616
9525625.0,76.2763
9526250.0,74.4711
9526875.0,77.7470
9527500.0,74.6042
9528125.0,67.6500
9528750.0,77.5243
9529375.0,78.7638
9530000.0,80.8329
9530625.0,72.6450
9531250.0,76.2526
9531875.0,76.3342
9532500.0,75.7219
9533125.0,75.8330
9533750.0,75.5400
9534375.0,76.1983
9535000.0,78.1924
9535625.0,80.0005
9536250.0,72.5486
9536875.0,74.7504
9537500.0,73.8068
9538125.0,73.2674
9538750.0,206.8196
9539375.0,225.2725
9540000.0,230.3924
9540625.0,223.2551
9541250.0,224.8992
9541875.0,229.7074
9542500.0,240.8751
9543125.0,220.2776
9543750.0,70.9830
9544375.0,75.0590
9545000.0,82.5010
9545625.0,71.0234
9546250.0,77.8510
9546875.0,79.7653
9547500.0,66.4819
9548125.0,76.9465
9548750.0,77.6749
9549375.0,74.3921
9550000.0,72.9629
9550625.0,73.1732
9551250.0,74.1613
9551875.0,74.2611
9552500.0,73.5498
9553125.0,74.1013
9553750.0,79.8893
9554375.0,70.8216
9555000.0,68.8060
9555625.0,79.9496
9556250.0,74.6761
9556875.0,73.9364
9557500.0,223.7488
9558125.0,227.3544
9558750.0,219.1044
9559375.0,230.6917
9560000.0,214.1745
9560625.0,221.6045
9561250.0,200.0847
9561875.0,238.1877
9562500.0,74.7361
9563125.0,77.9263
9563750.0,77.1967
9564375.0,77.4728
9565000.0,75.3707
9565625.0,76.8636
9566250.0,71.7760
9566875.0,70.9847
9567500.0,75.0188
9568125.0,72.8372
9568750.0,80.7740
9569375.0,76.8143
9570000.0,72.6989
9570625.0,74.3763
9571250.0,75.9014
9571875.0,75.1436
9572500.0,76.4245
9573125.0,75.6588
9573750.0,70.1572
9574375.0,67.2911
9575000.0,73.9915
9575625.0,77.5131
9576250.0,220.9233
9576875.0,238.9113
9577500.0,224.4725
9578125.0,240.2685
9578750.0,237.9589
9579375.0,236.8270
9580000.0,211.4605
9580625.0,225.1928
9581250.0,80.0099
9581875.0,76.4267
9582500.0,77.4899
9583125.0,70.1677
9583750.0,82.6338
9584375.0,72.4165
9585000.0,67.8810
9585625.0,74.0763
9586250.0,66.1730
9586875.0,71.3091
9587500.0,85.0456
9588125.0,73.9672
9588750.0,70.0172
9589375.0,75.4954
9590000.0,72.0153
9590625.0,78.6592
9591250.0,72.0464
9591875.0,76.4207
9592500.0,71.0756
9593125.0,85.1983
9593750.0,77.2987
9594375.0,74.8514
9595000.0,221.7042
9595625.0,218.7720
9596250.0,216.4397
9596875.0,216.1305
9597500.0,243.8812
9598125.0,218.7831
9598750.0,201.0440
9599375.0,211.8829
9600000.0,78.8975
9600625.0,74.4487
9601250.0,74.8945
9601875.0,79.8102
9602500.0,72.4701
9603125.0,77.7842
9603750.0,72.8821
9604375.0,77.5711
9605000.0,73.9254
9605625.0,74.4894
9606250.0,78.4919
9606875.0,78.2201
9607500.0,74.7763
9608125.0,73.6220
9608750.0,81.4288
9609375.0,77.6218
9610000.0,73.9254
9610625.0,72.9379
9611250.0,79.2639
9611875.0,75.8351
9612500.0,74.7834
9613125.0,75.8335
9613750.0,228.8002
9614375.0,224.3622
9615000.0,238.5415
9615625.0,239.1676
9616250.0,230.9837
9616875.0,240.4656
9617500.0,225.0956
9618125.0,232.7662
9618750.0,79.1868
9619375.0,79.2418
9620000.0,78.8533
9620625.0,77.7796
9621250.0,82.7784
9621875.0,73.3653
9622500.0,74.8148
9623125.0,74.5913
9623750.0,74.0124
9624375.0,67.9023
9625000.0,80.5832
9625625.0,71.5318
9626250.0,76.0402
9626875.0,70.0396
9627500.0,77.7401
9628125.0,72.4391
9628750.0,71.1174
9629375.0,76.1327
9630000.0,72.7582
9630625.0,73.2354
9631250.0,76.0476
9631875.0,78.4160
9632500.0,215.7930
9633125.0,213.8491
9633750.0,225.2642
9634375.0,231.0666
9635000.0,241.4560
9635625.0,212.9475
9636250.0,221.4229
9636875.0,238.2276
9637500.0,82.8386
9638125.0,71.6560
9638750.0,72.6147
9639375.0,76.8367
9640000.0,73.2219
9640625.0,72.5377
9641250.0,76.3217
9641875.0,81.2413
9642500.0,70.4633
9643125.0,81.0487
9643750.0,73.2331
9644375.0,76.7036
9645000.0,81.3975
9645625.0,76.6265
9646250.0,74.2785
9646875.0,78.1075
9647500.0,74.7472
9648125.0,77.3655
9648750.0,74.6284
9649375.0,78.6465
9650000.0,70.1437
9650625.0,71.5790
9651250.0,209.1496
9651875.0,224.3652
9652500.0,207.7927
9653125.0,217.2169
9653750.0,212.5405
9654375.0,241.6464
9655000.0,213.8548
9655625.0,210.5264
9656250.0,76.3362
9656875.0,81.7593
9657500.0,74.9624
9658125.0,75.2540
9658750.0,80.2662
9659375.0,78.7109
9660000.0,77.0038
9660625.0,73.2046
9661250.0,77.1190
9661875.0,70.2698
9662500.0,73.0487
9663125.0,80.7966
9663750.0,80.3085
9664375.0,77.0493
9665000.0,68.1263
9665625.0,70.8450
9666250.0,72.8384
9666875.0,74.7527
9667500.0,70.6859
9668125.0,74.4714
9668750.0,82.0627
9669375.0,76.9112
9670000.0,227.4618
9670625.0,213.5525
9671250.0,206.5614
9671875.0,211.1828
9672500.0,206.1069
9673125.0,225.8441
9673750.0,229.3187
9674375.0,214.1405
9675000.0,75.9577
9675625.0,80.9381
9676250.0,82.7805
9676875.0,78.3044
9677500.0,74.7409
9678125.0,78.1827
9678750.0,80.4963
9679375.0,67.8327
9680000.0,80.9874
9680625.0,73.3469
9681250.0,73.3832
9681875.0,74.0619
9682500.0,76.6067
9683125.0,71.2106
9683750.0,74.3263
9684375.0,77.3803
9685000.0,76.2240
9685625.0,76.8357
9686250.0,74.1786
9686875.0,78.0153
9687500.0,79.3827
9688125.0,79.1566
9688750.0,229.8106
9689375.0,235.5625
9690000.0,234.7994
9690625.0,255.1107
9691250.0,238.7033
9691875.0,224.0016
9692500.0,214.7436
9693125.0,222.0622
9693750.0,74.1492
9694375.0,77.3281
9695000.0,72.7600
9695625.0,79.8945
9696250.0,70.1613
9696875.0,69.2454
9697500.0,74.8906
9698125.0,72.2236
9698750.0,70.6565
9699375.0,72.9982
9700000.0,72.5292
9700625.0,75.4382
9701250.0,73.0608
9701875.0,73.3675
9702500.0,75.3817
9703125.0,79.2237
9703750.0,80.9447
9704375.0,75.9571
9705000.0,76.2503
9705625.0,74.7094
9706250.0,77.2143
9706875.0,76.8711
9707500.0,239.9158
9708125.0,203.7521
9708750.0,222.3619
9709375.0,228.8159
9710000.0,224.7043
9710625.0,214.4343
9711250.0,210.3821
9711875.0,234.0711
9712500.0,72.5464
9713125.0,68.7840
9713750.0,78.6293
9714375.0,77.1304
9715000.0,74.9632
9715625.0,71.9521
9716250.0,74.9723
9716875.0,79.9828
9717500.0,69.3126
9718125.0,69.5038
9718750.0,73.0333
9719375.0,75.2996
9720000.0,73.5290
9720625.0,77.8234
9721250.0,79.5049
9721875.0,76.4510
9722500.0,77.5128
9723125.0,76.4258
9723750.0,75.4358
9724375.0,70.5233
9725000.0,71.5245
9725625.0,70.3070
9726250.0,223.3293
9726875.0,227.6131
9727500.0,208.6958
9728125.0,225.8167
9728750.0,215.1538
9729375.0,212.9715
9730000.0,217.9648
9730625.0,212.3946
9731250.0,77.6871
9731875.0,74.7666
9732500.0,78.4734
9733125.0,73.7280
9733750.0,73.8706
9734375.0,82.4627
9735000.0,69.2811
9735625.0,80.2425
9736250.0,81.6376
9736875.0,78.2871
9737500.0,74.1541
9738125.0,80.7794
9738750.0,74.1870
9739375.0,72.7392
9740000.0,73.9362
9740625.0,73.2504
9741250.0,71.8312
9741875.0,79.5847
9742500.0,72.4841
9743125.0,75.2882
9743750.0,69.9570
9744375.0,75.5162
9745000.0,211.9958
9745625.0,211.7195
9746250.0,223.7705
9746875.0,236.8909
9747500.0,229.9547
9748125.0,230.7276
9748750.0,223.5384
9749375.0,221.2240
9750000.0,78.3826
9750625.0,73.2768
9751250.0,78.5458
9751875.0,80.0595
9752500.0,72.2280
9753125.0,72.7819
9753750.0,73.3427
9754375.0,69.8696
9755000.0,73.6304
9755625.0,80.3065
9756250.0,71.4582
9756875.0,80.3960
9757500.0,73.7659
9758125.0,83.3699
9758750.0,72.8296
9759375.0,74.8572
9760000.0,71.9686
9760625.0,72.8074
9761250.0,80.4449
9761875.0,77.1890
9762500.0,79.2786
9763125.0,70.4402
9763750.0,232.3668
9764375.0,214.0713
9765000.0,209.9552
9765625.0,227.6861
9766250.0,227.5711
9766875.0,225.6001
9767500.0,233.0725
9768125.0,234.8276
9768750.0,80.9409
9769375.0,70.9124
9770000.0,81.0626
9770625.0,82.4963
9771250.0,74.0193
9771875.0,69.1098
9772500.0,70.1842
9773125.0,73.6588
9773750.0,82.9933
9774375.0,75.4644
9775000.0,73.0732
9775625.0,72.8160
9776250.0,70.4133
9776875.0,78.6972
9777500.0,75.0529
9778125.0,83.3164
9778750.0,77.7683
9779375.0,78.5289
9780000.0,74.4873
9780625.0,71.2868
9781250.0,72.1066
9781875.0,70.2379
9782500.0,235.2419
9783125.0,220.6697
9783750.0,235.7156
9784375.0,226.5290
9785000.0,221.7058
9785625.0,211.8420
9786250.0,228.3934
9786875.0,222.5404
9787500.0,78.8012
9788125.0,72.7029
9788750.0,77.7227
9789375.0,81.5860
9790000.0,76.4275
9790625.0,78.3605
9791250.0,77.5560
9791875.0,82.5558
9792500.0,76.8008
9793125.0,78.0388
9793750.0,75.2632
9794375.0,72.4806
9795000.0,70.8452
9795625.0,80.1763
9796250.0,71.5985
9796875.0,78.2119
9797500.0,76.9684
9798125.0,78.8601
9798750.0,73.4595
9799375.0,72.4189
9800000.0,76.8265
9800625.0,74.2979
9801250.0,211.1509
9801875.0,246.8084
9802500.0,216.0967
9803125.0,213.8216
9803750.0,222.2760
9804375.0,239.0947
9805000.0,200.6242
9805625.0,238.1612
9806250.0,71.9637
9806875.0,76.3973
9807500.0,72.8515
9808125.0,82.9095
9808750.0,75.8698
9809375.0,72.7305
9810000.0,74.2649
9810625.0,75.7379
9811250.0,76.0698
9811875.0,77.0541
9812500.0,75.3947
9813125.0,70.2081
9813750.0,74.1172
9814375.0,77.6871
9815000.0,72.8745
9815625.0,77.9364
9816250.0,75.5196
9816875.0,74.5791
9817500.0,79.9019
9818125.0,68.8472
9818750.0,72.8540
9819375.0,80.0463
9820000.0,245.5881
9820625.0,250.7174
9821250.0,225.5665
9821875.0,230.1513
9822500.0,234.1961
9823125.0,239.3446
9823750.0,228.5223
9824375.0,235.4192
9825000.0,77.1333
9825625.0,77.3688
9826250.0,71.9377
9826875.0,74.1589
9827500.0,73.4292
9828125.0,70.9179
9828750.0,69.1734
9829375.0,73.8029
9830000.0,74.4052
9830625.0,75.7960
9831250.0,77.4951
9831875.0,76.1092
9832500.0,74.4314
9833125.0,71.9500
9833750.0,78.7066
9834375.0,75.0161
9835000.0,73.7646
9835625.0,74.6971
9836250.0,72.6376
9836875.0,73.3994
9837500.0,73.2795
9838125.0,74.3167
9838750.0,232.3772
9839375.0,229.5800
9840000.0,242.4008
9840625.0,238.6320
9841250.0,247.0097
9841875.0,231.2905
9842500.0,231.1099
9843125.0,219.5166
9843750.0,78.5141
9844375.0,72.9264
9845000.0,69.8564
9845625.0,81.1542
9846250.0,70.6906
9846875.0,77.0545
9847500.0,72.0812
9848125.0,79.6475
9848750.0,80.1613
9849375.0,77.3950
9850000.0,80.0988
9850625.0,75.4277
9851250.0,83.8228
9851875.0,78.2130
9852500.0,72.0049
9853125.0,75.6624
9853750.0,74.8251
9854375.0,74.4559
9855000.0,69.1526
9855625.0,76.8585
9856250.0,70.1757
9856875.0,65.8792
9857500.0,221.1298
9858125.0,216.4962
9858750.0,215.3077
9859375.0,190.0902
9860000.0,215.4280
9860625.0,223.0465
9861250.0,217.8658
9861875.0,229.3576
9862500.0,80.6503
9863125.0,77.3467
9863750.0,79.2695
9864375.0,79.5814
9865000.0,71.5589
9865625.0,77.0555
9866250.0,79.1517
9866875.0,73.7564
9867500.0,72.4193
9868125.0,77.3996
9868750.0,69.8143
9869375.0,71.2982
9870000.0,72.8863
9870625.0,77.0984
9871250.0,76.2253
9871875.0,79.2920
9872500.0,71.9245
9873125.0,71.7225
9873750.0,77.3751
9874375.0,72.3890
9875000.0,73.1248
9875625.0,68.4000
9876250.0,228.2720
9876875.0,242.3395
9877500.0,213.4205
9878125.0,236.4942
9878750.0,224.3318
9879375.0,205.1391
9880000.0,214.9343
9880625.0,214.2397
9881250.0,74.2067
9881875.0,76.9816
9882500.0,82.3704
9883125.0,70.0046
9883750.0,73.5724
9884375.0,72.0222
9885000.0,70.6197
9885625.0,75.7598
9886250.0,75.4056
9886875.0,68.5620
9887500.0,75.4684
9888125.0,70.8557
9888750.0,75.4446
9889375.0,80.1860
9890000.0,77.1458
9890625.0,76.0692
9891250.0,73.4066
9891875.0,75.6521
9892500.0,77.5235
9893125.0,77.1499
9893750.0,75.0259
9894375.0,76.2195
9895000.0,210.1887
9895625.0,216.7387
9896250.0,232.9600
9896875.0,234.4729
9897500.0,226.0530
9898125.0,241.6384
9898750.0,230.7152
9899375.0,222.3773
9900000.0,70.8015
9900625.0,80.8240
9901250.0,78.3041
9901875.0,82.1796
9902500.0,83.5690
9903125.0,70.5482
9903750.0,70.5581
9904375.0,64.6057
9905000.0,78.8622
9905625.0,77.8749
9906250.0,75.7686
9906875.0,70.7775
9907500.0,75.0643
9908125.0,76.0963
9908750.0,78.3509
9909375.0,76.4292
9910000.0,77.9025
9910625.0,74.9320
9911250.0,79.8542
9911875.0,77.7816
9912500.0,70.9253
9913125.0,80.6374
9913750.0,238.7877
9914375.0,230.2366
9915000.0,228.1581
9915625.0,243.6594
9916250.0,206.6252
9916875.0,238.9638
9917500.0,219.6427
9918125.0,237.3207
9918750.0,75.8538
9919375.0,70.7142
9920000.0,73.5281
9920625.0,79.2519
9921250.0,74.6075
9921875.0,73.0570
9922500.0,73.0318
9923125.0,77.8213
9923750.0,81.9999
9924375.0,67.3289
9925000.0,85.9586
9925625.0,76.1681
9926250.0,77.5874
9926875.0,73.7553
9927500.0,75.3867
9928125.0,76.1258
9928750.0,71.4449
9929375.0,72.3626
9930000.0,79.8658
9930625.0,69.5477
9931250.0,77.0627
9931875.0,74.0032
9932500.0,214.1920
9933125.0,247.1842
9933750.0,214.2618
9934375.0,212.2864
9935000.0,222.8966
9935625.0,216.3537
9936250.0,225.0718
9936875.0,226.7482
9937500.0,76.2847
9938125.0,74.9329
9938750.0,72.7529
9939375.0,77.8256
9940000.0,74.9789
9940625.0,73.5315
9941250.0,80.9796
9941875.0,74.9427
9942500.0,79.5168
9943125.0,80.0252
9943750.0,80.2545
9944375.0,78.0057
9945000.0,75.3976
9945625.0,75.1586
9946250.0,74.4797
9946875.0,67.2308
9947500.0,78.1099
9948125.0,76.3216
9948750.0,78.5122
9949375.0,74.9589
9950000.0,77.9064
9950625.0,70.2068
9951250.0,211.8458
9951875.0,197.1426
9952500.0,223.4886
9953125.0,216.3091
9953750.0,214.8370
9954375.0,228.7648
9955000.0,220.2130
9955625.0,208.8777
9956250.0,84.9938
9956875.0,75.2605
9957500.0,71.3165
9958125.0,72.8747
9958750.0,74.7473
9959375.0,74.7393
9960000.0,80.3092
9960625.0,75.1005
9961250.0,82.3941
9961875.0,73.7698
9962500.0,77.0077
9963125.0,79.2529
9963750.0,79.9057
9964375.0,80.3458
9965000.0,74.3745
9965625.0,75.3793
9966250.0,66.0526
9966875.0,74.6610
9967500.0,79.5140
9968125.0,78.7811
9968750.0,75.0739
9969375.0,81.8058
9970000.0,220.6799
9970625.0,216.9434
9971250.0,219.7332
9971875.0,212.3723
9972500.0,232.0019
9973125.0,228.2454
9973750.0,231.8623
9974375.0,220.3383
9975000.0,75.1811
9975625.0,67.1874
9976250.0,76.8184
9976875.0,75.7726
9977500.0,71.2510
9978125.0,75.0054
9978750.0,74.4279
9979375.0,82.0515
9980000.0,71.3996
9980625.0,76.6495
9981250.0,71.2878
9981875.0,73.2968
9982500.0,76.4436
9983125.0,74.6032
9983750.0,75.3774
9984375.0,76.6544
9985000.0,73.5388
9985625.0,78.7332
9986250.0,74.2483
9986875.0,75.0322
9987500.0,76.7621
9988125.0,76.2558
9988750.0,232.2476
9989375.0,228.5658
9990000.0,230.2766
9990625.0,221.3396
9991250.0,212.9763
9991875.0,208.9391
9992500.0,206.2045
9993125.0,244.8307
9993750.0,67.0578
9994375.0,79.9003
9995000.0,72.3053
9995625.0,79.8729
9996250.0,67.0964
9996875.0,74.5137
9997500.0,80.8817
9998125.0,78.0888
9998750.0,74.1285
9999375.0,68.0750
