time_ps,current_mA
0.0,284.2660
625.0,265.4402
1250.0,290.5063
1875.0,293.1679
2500.0,252.6855
3125.0,261.7695
3750.0,281.7898
4375.0,275.5726
5000.0,279.7648
5625.0,268.0574
6250.0,292.3116
6875.0,290.8891
7500.0,280.9244
8125.0,295.7814
8750.0,286.5451
9375.0,267.9699
10000.0,285.1625
10625.0,266.5756
11250.0,292.2983
11875.0,279.3010
12500.0,277.4119
13125.0,270.4670
13750.0,297.1156
14375.0,277.8366
15000.0,274.0034
15625.0,275.0701
16250.0,287.4523
16875.0,285.1162
17500.0,285.7783
18125.0,286.0315
18750.0,309.9831
19375.0,274.3102
20000.0,272.8286
20625.0,268.6072
21250.0,288.6237
21875.0,295.8056
22500.0,278.4047
23125.0,268.2378
23750.0,268.4573
24375.0,289.1083
25000.0,290.4056
25625.0,287.6042
26250.0,270.6829
26875.0,283.2503
27500.0,281.6336
28125.0,283.0616
28750.0,292.2000
29375.0,283.1303
30000.0,289.5048
30625.0,280.9461
31250.0,284.0477
31875.0,288.8380
32500.0,259.5998
33125.0,275.5246
33750.0,273.4148
34375.0,271.0557
35000.0,276.1480
35625.0,300.9292
36250.0,267.8784
36875.0,293.5559
37500.0,256.4398
38125.0,275.3116
38750.0,282.2785
39375.0,288.2071
40000.0,289.9572
40625.0,291.1069
41250.0,275.1178
41875.0,273.5271
42500.0,292.0117
43125.0,277.3217
43750.0,262.1404
44375.0,264.1340
45000.0,267.1277
45625.0,286.9603
46250.0,281.9940
46875.0,289.6668
47500.0,274.0185
48125.0,282.2196
48750.0,288.7583
49375.0,275.6691
50000.0,286.3949
50625.0,270.7330
51250.0,274.9172
51875.0,274.6557
52500.0,263.2582
53125.0,286.8176
53750.0,273.4284
54375.0,280.1749
55000.0,286.7305
55625.0,286.2514
56250.0,289.3154
56875.0,278.6212
57500.0,274.0738
58125.0,278.8839
58750.0,256.3773
59375.0,259.7404
60000.0,261.4822
60625.0,266.0385
61250.0,285.5968
61875.0,267.3233
62500.0,274.7057
63125.0,298.1892
63750.0,275.0123
64375.0,290.3252
65000.0,266.9294
65625.0,277.1239
66250.0,266.6997
66875.0,275.2535
67500.0,291.7643
68125.0,255.8175
68750.0,286.0819
69375.0,283.3283
70000.0,271.6819
70625.0,259.7552
71250.0,281.0098
71875.0,272.5871
72500.0,283.2575
73125.0,280.3059
73750.0,302.4249
74375.0,276.6490
75000.0,265.6710
75625.0,282.5099
76250.0,283.0800
76875.0,299.0286
77500.0,291.6916
78125.0,284.9962
78750.0,300.4862
79375.0,263.3573
80000.0,271.0435
80625.0,267.0279
81250.0,274.5427
81875.0,260.7264
82500.0,288.8921
83125.0,276.8889
83750.0,259.4087
84375.0,265.7819
85000.0,284.3892
85625.0,291.7338
86250.0,307.9542
86875.0,320.7941
87500.0,285.8017
88125.0,266.1465
88750.0,250.1514
89375.0,283.7480
90000.0,268.6188
90625.0,274.1850
91250.0,271.4306
91875.0,278.0289
92500.0,294.9237
93125.0,282.1987
93750.0,277.7791
94375.0,265.5008
95000.0,256.5544
95625.0,273.1917
96250.0,279.2470
96875.0,304.7510
97500.0,281.8238
98125.0,293.7584
98750.0,273.0099
99375.0,263.4108
100000.0,266.4884
100625.0,269.8468
101250.0,309.7986
101875.0,268.5006
102500.0,291.7388
103125.0,267.3590
103750.0,293.0420
104375.0,285.3893
105000.0,277.8071
105625.0,279.4293
106250.0,270.8330
106875.0,286.2450
107500.0,273.6302
108125.0,262.8415
108750.0,262.1089
109375.0,282.4162
110000.0,302.1073
110625.0,282.2399
111250.0,278.3391
111875.0,284.0016
112500.0,298.2840
113125.0,283.0714
113750.0,274.2470
114375.0,295.4880
115000.0,286.0026
115625.0,301.5006
116250.0,282.5653
116875.0,262.8574
117500.0,260.8458
118125.0,303.1130
118750.0,304.1313
119375.0,277.4867
120000.0,274.6354
120625.0,300.4602
121250.0,264.5014
121875.0,267.4738
122500.0,289.0066
123125.0,274.4755
123750.0,279.9283
124375.0,277.7118
125000.0,284.7260
125625.0,299.7047
126250.0,281.2682
126875.0,289.0151
127500.0,251.2976
128125.0,279.3179
128750.0,268.1948
129375.0,262.9366
130000.0,267.7059
130625.0,275.3223
131250.0,292.8226
131875.0,261.4305
132500.0,280.4288
133125.0,273.2216
133750.0,275.4126
134375.0,294.0386
135000.0,287.5336
135625.0,298.7236
136250.0,277.8369
136875.0,270.2568
137500.0,276.8660
138125.0,283.3950
138750.0,282.4720
139375.0,264.8186
140000.0,281.2669
140625.0,283.1952
141250.0,315.2446
141875.0,306.2758
142500.0,268.0546
143125.0,275.9766
143750.0,259.5118
144375.0,271.7301
145000.0,284.4185
145625.0,296.8820
146250.0,269.7928
146875.0,270.8419
147500.0,249.9380
148125.0,277.7227
148750.0,265.1262
149375.0,272.5878
150000.0,267.7239
150625.0,278.6803
151250.0,255.3918
151875.0,259.4614
152500.0,309.8095
153125.0,261.9761
153750.0,264.6450
154375.0,305.7168
155000.0,320.6709
155625.0,263.5981
156250.0,274.8445
156875.0,284.7818
157500.0,304.2018
158125.0,266.1840
158750.0,276.5661
159375.0,290.8827
160000.0,286.0867
160625.0,274.7338
161250.0,278.1265
161875.0,260.7515
162500.0,276.6656
163125.0,276.2706
163750.0,283.2504
164375.0,272.2254
165000.0,286.6015
165625.0,294.1780
166250.0,282.1760
166875.0,284.9246
167500.0,280.7442
168125.0,280.0012
168750.0,269.8982
169375.0,284.4309
170000.0,278.6380
170625.0,309.3044
171250.0,302.0270
171875.0,285.4019
172500.0,269.3172
173125.0,264.4262
173750.0,296.6760
174375.0,283.6785
175000.0,286.7220
175625.0,255.5758
176250.0,292.9841
176875.0,286.3619
177500.0,264.4540
178125.0,273.3987
178750.0,283.6920
179375.0,280.7345
180000.0,275.9096
180625.0,278.5512
181250.0,276.4723
181875.0,282.1359
182500.0,300.6009
183125.0,244.0668
183750.0,276.6841
184375.0,282.4712
185000.0,284.1439
185625.0,274.7932
186250.0,255.4059
186875.0,284.5919
187500.0,304.1829
188125.0,258.5259
188750.0,292.0936
189375.0,275.4006
190000.0,279.1415
190625.0,265.2594
191250.0,275.3176
191875.0,298.2006
192500.0,288.1572
193125.0,304.2524
193750.0,296.4838
194375.0,286.1472
195000.0,304.4151
195625.0,286.1459
196250.0,291.5918
196875.0,275.8480
197500.0,280.9316
198125.0,270.2361
198750.0,293.8542
199375.0,263.5037
200000.0,290.9529
200625.0,277.3309
201250.0,296.3975
201875.0,290.5122
202500.0,305.4890
203125.0,290.2308
203750.0,257.9914
204375.0,279.0627
205000.0,263.5919
205625.0,272.7441
206250.0,301.1572
206875.0,288.9255
207500.0,270.2150
208125.0,265.8080
208750.0,280.4589
209375.0,262.9682
210000.0,270.6040
210625.0,284.3681
211250.0,296.1744
211875.0,288.5227
212500.0,247.9219
213125.0,284.2611
213750.0,281.0085
214375.0,285.7945
215000.0,302.6269
215625.0,251.1147
216250.0,271.7246
216875.0,288.2727
217500.0,257.8577
218125.0,300.6633
218750.0,37.6815
219375.0,38.5662
220000.0,225.3771
220625.0,241.4397
221250.0,244.3943
221875.0,234.7014
222500.0,234.7191
223125.0,235.1360
223750.0,221.9852
224375.0,230.2887
225000.0,46.6416
225625.0,47.9010
226250.0,49.3496
226875.0,44.5124
227500.0,36.7687
228125.0,39.7407
228750.0,35.6244
229375.0,35.4788
230000.0,227.2759
230625.0,234.4993
231250.0,225.1285
231875.0,239.9508
232500.0,234.6389
233125.0,234.4705
233750.0,231.2338
234375.0,251.1861
235000.0,46.5179
235625.0,42.2917
236250.0,50.7700
236875.0,45.9244
237500.0,37.1996
238125.0,39.4227
238750.0,34.0358
239375.0,34.6845
240000.0,213.4252
240625.0,222.7880
241250.0,237.0998
241875.0,238.0806
242500.0,235.2048
243125.0,215.6119
243750.0,205.2028
244375.0,232.6305
245000.0,45.8913
245625.0,48.0796
246250.0,48.6496
246875.0,47.3249
247500.0,38.4062
248125.0,37.4240
248750.0,37.9806
249375.0,35.6964
250000.0,222.9794
250625.0,227.2137
251250.0,234.2309
251875.0,220.5704
252500.0,230.8631
253125.0,222.0093
253750.0,223.6777
254375.0,234.3321
255000.0,42.3163
255625.0,43.9533
256250.0,43.5169
256875.0,41.5160
257500.0,35.7452
258125.0,38.3865
258750.0,36.4730
259375.0,37.3659
260000.0,244.6349
260625.0,247.4012
261250.0,231.1980
261875.0,247.7016
262500.0,233.0687
263125.0,222.2862
263750.0,225.1050
264375.0,214.8258
265000.0,44.9129
265625.0,46.1587
266250.0,48.8884
266875.0,51.0438
267500.0,34.4430
268125.0,37.7267
268750.0,35.0750
269375.0,37.8782
270000.0,223.5253
270625.0,204.4023
271250.0,235.4433
271875.0,218.1937
272500.0,218.9936
273125.0,212.9653
273750.0,217.6393
274375.0,229.8138
275000.0,46.5553
275625.0,47.7724
276250.0,47.8505
276875.0,50.1036
277500.0,36.3658
278125.0,34.2678
278750.0,38.9744
279375.0,36.3867
280000.0,244.9293
280625.0,236.4472
281250.0,230.4788
281875.0,236.0458
282500.0,254.6317
283125.0,256.0930
283750.0,232.8048
284375.0,233.8582
285000.0,49.5292
285625.0,45.0127
286250.0,47.7827
286875.0,46.9392
287500.0,37.5807
288125.0,35.4583
288750.0,34.0593
289375.0,33.1650
290000.0,212.4294
290625.0,219.8399
291250.0,221.7016
291875.0,246.7939
292500.0,237.4424
293125.0,214.1765
293750.0,228.9117
294375.0,220.4204
295000.0,46.3317
295625.0,47.4355
296250.0,48.4551
296875.0,46.2027
297500.0,38.9681
298125.0,34.8874
298750.0,37.0117
299375.0,41.8057
300000.0,234.5877
300625.0,248.6253
301250.0,233.0616
301875.0,238.7370
302500.0,231.3413
303125.0,230.0233
303750.0,222.9580
304375.0,236.9915
305000.0,44.9989
305625.0,48.5641
306250.0,49.5504
306875.0,47.8613
307500.0,36.4704
308125.0,37.8398
308750.0,36.4290
309375.0,38.7308
310000.0,204.3967
310625.0,221.2244
311250.0,202.6034
311875.0,208.1806
312500.0,240.3435
313125.0,235.0708
313750.0,216.9058
314375.0,208.0968
315000.0,40.0334
315625.0,45.7228
316250.0,52.6880
316875.0,48.0220
317500.0,35.9648
318125.0,37.8604
318750.0,34.1122
319375.0,36.4500
320000.0,233.1539
320625.0,231.0012
321250.0,241.1734
321875.0,235.9979
322500.0,239.7526
323125.0,224.0149
323750.0,242.4147
324375.0,250.8957
325000.0,44.7201
325625.0,44.9139
326250.0,50.1391
326875.0,46.5503
327500.0,39.5971
328125.0,36.1813
328750.0,39.6918
329375.0,37.2432
330000.0,227.9051
330625.0,242.6031
331250.0,220.9301
331875.0,214.4124
332500.0,219.9537
333125.0,230.0888
333750.0,207.3852
334375.0,232.1715
335000.0,45.7339
335625.0,49.6974
336250.0,41.3735
336875.0,45.1516
337500.0,33.8800
338125.0,35.4715
338750.0,37.4582
339375.0,36.6684
340000.0,229.0608
340625.0,230.1535
341250.0,234.3593
341875.0,220.3010
342500.0,240.1995
343125.0,239.6869
343750.0,236.4664
344375.0,238.4558
345000.0,47.6966
345625.0,51.7824
346250.0,46.7953
346875.0,46.2784
347500.0,35.6060
348125.0,35.0903
348750.0,34.6977
349375.0,35.3557
350000.0,224.2048
350625.0,228.7608
351250.0,225.5753
351875.0,216.3877
352500.0,235.1271
353125.0,233.3184
353750.0,223.2040
354375.0,217.6547
355000.0,48.2888
355625.0,47.4417
356250.0,43.5969
356875.0,46.8402
357500.0,37.4848
358125.0,35.3356
358750.0,37.3512
359375.0,34.3086
360000.0,247.4998
360625.0,246.4762
361250.0,229.0708
361875.0,236.2161
362500.0,204.0449
363125.0,218.5864
363750.0,228.5922
364375.0,219.5633
365000.0,48.6788
365625.0,51.6936
366250.0,44.2350
366875.0,45.0320
367500.0,37.4356
368125.0,39.9806
368750.0,34.7386
369375.0,37.4607
370000.0,245.4896
370625.0,206.4177
371250.0,210.5880
371875.0,220.2344
372500.0,219.1434
373125.0,234.1418
373750.0,227.7187
374375.0,205.0317
375000.0,48.2112
375625.0,45.6428
376250.0,49.9950
376875.0,45.5252
377500.0,35.8223
378125.0,38.0011
378750.0,38.4114
379375.0,37.8290
380000.0,212.4471
380625.0,238.2412
381250.0,220.0020
381875.0,234.7292
382500.0,215.4847
383125.0,237.1773
383750.0,222.6435
384375.0,217.1214
385000.0,48.6775
385625.0,47.5679
386250.0,45.5572
386875.0,50.4103
387500.0,36.1848
388125.0,37.0594
388750.0,37.4975
389375.0,35.8536
390000.0,230.3003
390625.0,218.9987
391250.0,220.3691
391875.0,240.3297
392500.0,213.2934
393125.0,197.8562
393750.0,243.1230
394375.0,253.6799
395000.0,46.0476
395625.0,42.4484
396250.0,46.2704
396875.0,46.3274
397500.0,36.6486
398125.0,34.9402
398750.0,38.0722
399375.0,37.9703
400000.0,214.6649
400625.0,240.1107
401250.0,255.8111
401875.0,233.9947
402500.0,228.0870
403125.0,230.3528
403750.0,239.1370
404375.0,211.9242
405000.0,47.3863
405625.0,46.0824
406250.0,51.3424
406875.0,46.5907
407500.0,40.0856
408125.0,34.9581
408750.0,38.0864
409375.0,37.5909
410000.0,215.2232
410625.0,226.9957
411250.0,238.6408
411875.0,221.3573
412500.0,205.9654
413125.0,224.8024
413750.0,214.8477
414375.0,221.1487
415000.0,46.8083
415625.0,42.9917
416250.0,43.2032
416875.0,48.1329
417500.0,36.0330
418125.0,32.2552
418750.0,38.4520
419375.0,37.5039
420000.0,223.7191
420625.0,216.7248
421250.0,241.6954
421875.0,236.0525
422500.0,259.6382
423125.0,236.8742
423750.0,236.4974
424375.0,230.0636
425000.0,48.9194
425625.0,48.4690
426250.0,49.9416
426875.0,45.7749
427500.0,36.1945
428125.0,36.1137
428750.0,38.4630
429375.0,39.7720
430000.0,219.8380
430625.0,220.2213
431250.0,228.5334
431875.0,222.2352
432500.0,235.7106
433125.0,199.6675
433750.0,215.6996
434375.0,216.1978
435000.0,41.5472
435625.0,44.7354
436250.0,44.8494
436875.0,46.5274
437500.0,39.0590
438125.0,36.5466
438750.0,35.0930
439375.0,36.8946
440000.0,244.1704
440625.0,220.6789
441250.0,221.4373
441875.0,238.4792
442500.0,229.4302
443125.0,239.5108
443750.0,231.8417
444375.0,240.1393
445000.0,44.5676
445625.0,46.9716
446250.0,46.5049
446875.0,44.1427
447500.0,34.1076
448125.0,38.2686
448750.0,36.3507
449375.0,35.1088
450000.0,223.9180
450625.0,237.6902
451250.0,199.3417
451875.0,208.1628
452500.0,214.6175
453125.0,241.4383
453750.0,228.1791
454375.0,233.6323
455000.0,44.3206
455625.0,44.3691
456250.0,48.0524
456875.0,47.1369
457500.0,38.0152
458125.0,36.6528
458750.0,37.5146
459375.0,37.2925
460000.0,241.0221
460625.0,241.3613
461250.0,213.2095
461875.0,205.9317
462500.0,243.6202
463125.0,245.7776
463750.0,220.1608
464375.0,210.4259
465000.0,47.2327
465625.0,49.1875
466250.0,51.2243
466875.0,48.2133
467500.0,36.3123
468125.0,35.3477
468750.0,37.0212
469375.0,36.4464
470000.0,213.5805
470625.0,248.0485
471250.0,245.0831
471875.0,237.7805
472500.0,214.6404
473125.0,234.6190
473750.0,232.1958
474375.0,229.9786
475000.0,49.9367
475625.0,48.4931
476250.0,48.7390
476875.0,48.4967
477500.0,37.6305
478125.0,33.7003
478750.0,37.1547
479375.0,35.9710
480000.0,217.1538
480625.0,251.5091
481250.0,252.0563
481875.0,247.7670
482500.0,234.9605
483125.0,247.6673
483750.0,232.1398
484375.0,234.3524
485000.0,44.4303
485625.0,47.9329
486250.0,47.1419
486875.0,43.9388
487500.0,36.9053
488125.0,36.8525
488750.0,40.3255
489375.0,38.6543
490000.0,225.1288
490625.0,227.7989
491250.0,225.4974
491875.0,222.7172
492500.0,212.8227
493125.0,223.3007
493750.0,216.6064
494375.0,210.9340
495000.0,48.2014
495625.0,47.9195
496250.0,42.8012
496875.0,46.7117
497500.0,38.8420
498125.0,38.9596
498750.0,38.8978
499375.0,37.0720
500000.0,222.1975
500625.0,219.4291
501250.0,235.9974
501875.0,236.3996
502500.0,246.9330
503125.0,244.7598
503750.0,230.4661
504375.0,217.5672
505000.0,46.2501
505625.0,47.5105
506250.0,46.5251
506875.0,45.6419
507500.0,37.4678
508125.0,36.0677
508750.0,35.8381
509375.0,37.5762
510000.0,220.4776
510625.0,227.7462
511250.0,228.0735
511875.0,212.1814
512500.0,219.5860
513125.0,241.1750
513750.0,211.9266
514375.0,201.1876
515000.0,42.6247
515625.0,47.0684
516250.0,47.0727
516875.0,46.7236
517500.0,39.2463
518125.0,32.0553
518750.0,37.7325
519375.0,39.8887
520000.0,218.9177
520625.0,227.5942
521250.0,223.2665
521875.0,221.6256
522500.0,228.2154
523125.0,248.5588
523750.0,253.3137
524375.0,228.1031
525000.0,51.4769
525625.0,47.0836
526250.0,51.1212
526875.0,46.7807
527500.0,37.2425
528125.0,37.6761
528750.0,42.8809
529375.0,38.5749
530000.0,217.0433
530625.0,235.9012
531250.0,220.9294
531875.0,219.4903
532500.0,235.2218
533125.0,225.3497
533750.0,228.1340
534375.0,225.1573
535000.0,47.7910
535625.0,47.9987
536250.0,42.4481
536875.0,48.5664
537500.0,35.1833
538125.0,34.3317
538750.0,36.8919
539375.0,37.1554
540000.0,223.9553
540625.0,241.6400
541250.0,216.4308
541875.0,227.2795
542500.0,225.2155
543125.0,231.4596
543750.0,235.2348
544375.0,220.3084
545000.0,48.7021
545625.0,47.1481
546250.0,42.5539
546875.0,42.3973
547500.0,36.9772
548125.0,36.5912
548750.0,36.8087
549375.0,36.9482
550000.0,227.5375
550625.0,235.6611
551250.0,212.5001
551875.0,211.8153
552500.0,212.7001
553125.0,228.2503
553750.0,239.0057
554375.0,220.1474
555000.0,41.1210
555625.0,42.9956
556250.0,45.0424
556875.0,45.6893
557500.0,36.2445
558125.0,37.0714
558750.0,36.4233
559375.0,38.9413
560000.0,224.1582
560625.0,221.9971
561250.0,237.5550
561875.0,214.1866
562500.0,236.5204
563125.0,233.1896
563750.0,230.2897
564375.0,250.4240
565000.0,45.5378
565625.0,51.8417
566250.0,46.4702
566875.0,43.9990
567500.0,37.1294
568125.0,35.0089
568750.0,35.6093
569375.0,37.7345
570000.0,231.2503
570625.0,218.0006
571250.0,236.1083
571875.0,238.0220
572500.0,241.1584
573125.0,230.9559
573750.0,240.3386
574375.0,203.8410
575000.0,46.2529
575625.0,44.9625
576250.0,47.2802
576875.0,45.6571
577500.0,36.6926
578125.0,40.4820
578750.0,36.6860
579375.0,37.7655
580000.0,229.3057
580625.0,232.8783
581250.0,232.0698
581875.0,237.2006
582500.0,245.5176
583125.0,251.1098
583750.0,235.5916
584375.0,238.8387
585000.0,44.2955
585625.0,46.7935
586250.0,49.2097
586875.0,49.0350
587500.0,37.3915
588125.0,38.6398
588750.0,37.9079
589375.0,39.2206
590000.0,228.2553
590625.0,220.9984
591250.0,228.7782
591875.0,192.0308
592500.0,229.3075
593125.0,183.9554
593750.0,205.6110
594375.0,230.0824
595000.0,48.1222
595625.0,44.2683
596250.0,45.3266
596875.0,50.2208
597500.0,36.1045
598125.0,41.1494
598750.0,36.9964
599375.0,37.7549
600000.0,250.7557
600625.0,233.5199
601250.0,220.3728
601875.0,230.7272
602500.0,231.5869
603125.0,216.1690
603750.0,229.0323
604375.0,223.3906
605000.0,49.1722
605625.0,47.0813
606250.0,46.3354
606875.0,46.7505
607500.0,37.4128
608125.0,38.1411
608750.0,35.1505
609375.0,35.0731
610000.0,237.4276
610625.0,220.3612
611250.0,209.0605
611875.0,229.9929
612500.0,230.2129
613125.0,207.7795
613750.0,227.5817
614375.0,233.2753
615000.0,47.8798
615625.0,48.4852
616250.0,43.7000
616875.0,47.7779
617500.0,36.4402
618125.0,36.1068
618750.0,38.6105
619375.0,39.7367
620000.0,252.8147
620625.0,247.2518
621250.0,230.7271
621875.0,236.0916
622500.0,240.8951
623125.0,233.4057
623750.0,233.5169
624375.0,241.5555
625000.0,46.8607
625625.0,45.2862
626250.0,46.0260
626875.0,48.4897
627500.0,37.0055
628125.0,37.6294
628750.0,38.2396
629375.0,36.3065
630000.0,233.5078
630625.0,229.2620
631250.0,211.1084
631875.0,241.2259
632500.0,219.3666
633125.0,206.3802
633750.0,213.2433
634375.0,213.5132
635000.0,47.1226
635625.0,46.3565
636250.0,46.2084
636875.0,48.4563
637500.0,37.6288
638125.0,37.5847
638750.0,37.7582
639375.0,38.1398
640000.0,207.5477
640625.0,227.7725
641250.0,206.7096
641875.0,232.4183
642500.0,231.9463
643125.0,244.1282
643750.0,245.7766
644375.0,234.3522
645000.0,45.8242
645625.0,48.1401
646250.0,45.7594
646875.0,46.9967
647500.0,38.8244
648125.0,35.9681
648750.0,38.4905
649375.0,38.2532
650000.0,214.2586
650625.0,235.9563
651250.0,232.8589
651875.0,226.1467
652500.0,216.4239
653125.0,215.3339
653750.0,218.9513
654375.0,231.1042
655000.0,44.7543
655625.0,48.0282
656250.0,44.0819
656875.0,46.5204
657500.0,37.2028
658125.0,41.5235
658750.0,34.4520
659375.0,39.7232
660000.0,233.7382
660625.0,236.7696
661250.0,233.3728
661875.0,237.1588
662500.0,230.2173
663125.0,248.8670
663750.0,226.7049
664375.0,245.1339
665000.0,45.4857
665625.0,46.8584
666250.0,44.4809
666875.0,48.0693
667500.0,39.6735
668125.0,36.8569
668750.0,36.6358
669375.0,34.9380
670000.0,222.4205
670625.0,207.0811
671250.0,214.7301
671875.0,227.5513
672500.0,239.8389
673125.0,256.6036
673750.0,218.4009
674375.0,241.1471
675000.0,47.5728
675625.0,46.6446
676250.0,48.0166
676875.0,47.1455
677500.0,37.2042
678125.0,36.2446
678750.0,34.4135
679375.0,34.1443
680000.0,239.5776
680625.0,228.7903
681250.0,225.0854
681875.0,232.0987
682500.0,241.2212
683125.0,234.0922
683750.0,224.3898
684375.0,246.2250
685000.0,50.7111
685625.0,48.1622
686250.0,49.2881
686875.0,49.9186
687500.0,39.0907
688125.0,38.1361
688750.0,38.1069
689375.0,37.9614
690000.0,212.6550
690625.0,232.8831
691250.0,209.7471
691875.0,216.0608
692500.0,239.6651
693125.0,234.4525
693750.0,241.7332
694375.0,221.9437
695000.0,44.2922
695625.0,46.4350
696250.0,47.2398
696875.0,47.1856
697500.0,39.0973
698125.0,36.3316
698750.0,37.6513
699375.0,35.1710
700000.0,237.2237
700625.0,232.0361
701250.0,223.3022
701875.0,229.2644
702500.0,229.8636
703125.0,228.8662
703750.0,252.5476
704375.0,230.8580
705000.0,46.4268
705625.0,42.0710
706250.0,44.8986
706875.0,46.3818
707500.0,35.7312
708125.0,39.5562
708750.0,36.6949
709375.0,39.3836
710000.0,225.6942
710625.0,225.4188
711250.0,224.0010
711875.0,225.0427
712500.0,244.3364
713125.0,198.9044
713750.0,202.4826
714375.0,218.8893
715000.0,47.0341
715625.0,48.6217
716250.0,48.1118
716875.0,46.0970
717500.0,38.8852
718125.0,38.9059
718750.0,37.3405
719375.0,38.7809
720000.0,235.1627
720625.0,225.4868
721250.0,240.0947
721875.0,233.2831
722500.0,232.0155
723125.0,249.0863
723750.0,203.5699
724375.0,215.5549
725000.0,44.2104
725625.0,46.1463
726250.0,46.4017
726875.0,43.4578
727500.0,35.1775
728125.0,35.4074
728750.0,41.5462
729375.0,40.3332
730000.0,220.3678
730625.0,220.9097
731250.0,212.0715
731875.0,203.5335
732500.0,223.6851
733125.0,213.7742
733750.0,224.0454
734375.0,206.9977
735000.0,45.2094
735625.0,47.3493
736250.0,47.8606
736875.0,47.9811
737500.0,34.5571
738125.0,38.5812
738750.0,35.5196
739375.0,38.1708
740000.0,231.8766
740625.0,216.0339
741250.0,228.3321
741875.0,236.2382
742500.0,239.1104
743125.0,230.3645
743750.0,249.7686
744375.0,243.6871
745000.0,46.3969
745625.0,48.7628
746250.0,51.5444
746875.0,51.6071
747500.0,34.7282
748125.0,35.2859
748750.0,39.7471
749375.0,35.0422
750000.0,210.1214
750625.0,219.5303
751250.0,229.7276
751875.0,223.8480
752500.0,217.6812
753125.0,217.4151
753750.0,216.9862
754375.0,215.1055
755000.0,52.3618
755625.0,47.6992
756250.0,49.0839
756875.0,45.8507
757500.0,36.6560
758125.0,35.6799
758750.0,32.0943
759375.0,34.4507
760000.0,210.9968
760625.0,205.9025
761250.0,218.1338
761875.0,247.3695
762500.0,231.4845
763125.0,246.9705
763750.0,236.7674
764375.0,241.0777
765000.0,44.8829
765625.0,48.2313
766250.0,48.7125
766875.0,45.6449
767500.0,38.0351
768125.0,38.0474
768750.0,35.9833
769375.0,34.9229
770000.0,211.6786
770625.0,225.9732
771250.0,228.6789
771875.0,216.0841
772500.0,225.2991
773125.0,231.4185
773750.0,231.9546
774375.0,242.4587
775000.0,50.0009
775625.0,44.6470
776250.0,50.9564
776875.0,45.7522
777500.0,38.9330
778125.0,37.1258
778750.0,36.2375
779375.0,33.6558
780000.0,230.0099
780625.0,213.9112
781250.0,243.2207
781875.0,249.5948
782500.0,222.7558
783125.0,235.5029
783750.0,223.5855
784375.0,224.7096
785000.0,48.8201
785625.0,46.9094
786250.0,51.0882
786875.0,45.8668
787500.0,38.8488
788125.0,37.1802
788750.0,38.4722
789375.0,36.1728
790000.0,224.4425
790625.0,223.7006
791250.0,215.5944
791875.0,232.4484
792500.0,232.3153
793125.0,231.6775
793750.0,242.2909
794375.0,241.3051
795000.0,46.1189
795625.0,47.8767
796250.0,45.5345
796875.0,47.0549
797500.0,35.8905
798125.0,39.9971
798750.0,37.6728
799375.0,36.5966
800000.0,245.8460
800625.0,206.8209
801250.0,208.6364
801875.0,241.2317
802500.0,232.7014
803125.0,234.9052
803750.0,216.6138
804375.0,231.7305
805000.0,51.7082
805625.0,48.9369
806250.0,47.3988
806875.0,45.9682
807500.0,36.2700
808125.0,33.0610
808750.0,37.4766
809375.0,38.5641
810000.0,207.2743
810625.0,217.5591
811250.0,211.9785
811875.0,214.1398
812500.0,225.6017
813125.0,201.5505
813750.0,231.9105
814375.0,233.4809
815000.0,46.4099
815625.0,41.1703
816250.0,44.6584
816875.0,49.8973
817500.0,31.8607
818125.0,36.3571
818750.0,34.8170
819375.0,38.4885
820000.0,224.1687
820625.0,236.6859
821250.0,238.5593
821875.0,253.3002
822500.0,229.6459
823125.0,236.3621
823750.0,214.7734
824375.0,245.8088
825000.0,45.2128
825625.0,45.6822
826250.0,46.9477
826875.0,43.3272
827500.0,37.4232
828125.0,38.7898
828750.0,37.5419
829375.0,34.0605
830000.0,223.6071
830625.0,233.3478
831250.0,203.8726
831875.0,212.9089
832500.0,234.8611
833125.0,228.0386
833750.0,229.6347
834375.0,245.9193
835000.0,48.1011
835625.0,48.5460
836250.0,53.3703
836875.0,46.4976
837500.0,35.5239
838125.0,37.7914
838750.0,37.8121
839375.0,36.0256
840000.0,220.0242
840625.0,258.7942
841250.0,235.7914
841875.0,223.5055
842500.0,242.6248
843125.0,230.7339
843750.0,229.0666
844375.0,238.5224
845000.0,43.9641
845625.0,47.8287
846250.0,51.4954
846875.0,48.0955
847500.0,36.3040
848125.0,36.0619
848750.0,36.2409
849375.0,36.5302
850000.0,220.7497
850625.0,235.3085
851250.0,205.5014
851875.0,234.6975
852500.0,220.7285
853125.0,229.2407
853750.0,212.3214
854375.0,239.9471
855000.0,49.9272
855625.0,49.2550
856250.0,43.4403
856875.0,48.9484
857500.0,37.7490
858125.0,34.0302
858750.0,36.9550
859375.0,37.6744
860000.0,238.4505
860625.0,234.0562
861250.0,235.3783
861875.0,249.0939
862500.0,246.2220
863125.0,198.7422
863750.0,228.3177
864375.0,230.0900
865000.0,42.8826
865625.0,47.2213
866250.0,49.9346
866875.0,44.4466
867500.0,37.6223
868125.0,35.3057
868750.0,35.7570
869375.0,39.7332
870000.0,218.8962
870625.0,230.1999
871250.0,203.9488
871875.0,245.9511
872500.0,231.7798
873125.0,222.9469
873750.0,231.4749
874375.0,209.1395
875000.0,49.7789
875625.0,46.2386
876250.0,46.5204
876875.0,45.8446
877500.0,35.9258
878125.0,38.2851
878750.0,37.4734
879375.0,38.2057
880000.0,231.8980
880625.0,237.9531
881250.0,227.1414
881875.0,257.8649
882500.0,213.8120
883125.0,246.6269
883750.0,247.8677
884375.0,222.1150
885000.0,52.2388
885625.0,49.3394
886250.0,49.2822
886875.0,47.0659
887500.0,36.5981
888125.0,36.6126
888750.0,37.7225
889375.0,39.5922
890000.0,227.0398
890625.0,214.7463
891250.0,234.2748
891875.0,235.3629
892500.0,232.3649
893125.0,233.3869
893750.0,221.9521
894375.0,214.5489
895000.0,44.9597
895625.0,43.1567
896250.0,47.5568
896875.0,46.8039
897500.0,36.1860
898125.0,31.5321
898750.0,34.6925
899375.0,39.0736
900000.0,224.2903
900625.0,236.1829
901250.0,215.8680
901875.0,248.6890
902500.0,230.3293
903125.0,235.3645
903750.0,258.9790
904375.0,249.5907
905000.0,46.2796
905625.0,45.6059
906250.0,46.2350
906875.0,48.1983
907500.0,36.8053
908125.0,36.2688
908750.0,39.7143
909375.0,36.7887
910000.0,250.8704
910625.0,226.0209
911250.0,245.0848
911875.0,229.0198
912500.0,235.8333
913125.0,216.8481
913750.0,215.3952
914375.0,230.1717
915000.0,49.3231
915625.0,47.0946
916250.0,43.9770
916875.0,43.8034
917500.0,34.3598
918125.0,33.7299
918750.0,37.2025
919375.0,39.0813
920000.0,231.8444
920625.0,205.7792
921250.0,229.7872
921875.0,230.1115
922500.0,256.3136
923125.0,215.0972
923750.0,227.4681
924375.0,251.7879
925000.0,48.0574
925625.0,48.3238
926250.0,47.2693
926875.0,47.7754
927500.0,38.4386
928125.0,35.5025
928750.0,38.6244
929375.0,34.4599
930000.0,228.6941
930625.0,227.0108
931250.0,218.0667
931875.0,224.7448
932500.0,217.9964
933125.0,212.9434
933750.0,221.0218
934375.0,212.5801
935000.0,47.7586
935625.0,44.2973
936250.0,48.6731
936875.0,44.2235
937500.0,35.9524
938125.0,35.8445
938750.0,39.4515
939375.0,37.6110
940000.0,229.5439
940625.0,237.7851
941250.0,207.5566
941875.0,231.4997
942500.0,255.1712
943125.0,233.5352
943750.0,232.7878
944375.0,238.3583
945000.0,49.1047
945625.0,42.3060
946250.0,43.0465
946875.0,47.4942
947500.0,35.6775
948125.0,39.4272
948750.0,36.4169
949375.0,33.4211
950000.0,210.7348
950625.0,194.0661
951250.0,222.3661
951875.0,222.8807
952500.0,220.2248
953125.0,237.1374
953750.0,238.4833
954375.0,223.0831
955000.0,41.9835
955625.0,48.4506
956250.0,48.3051
956875.0,47.7271
957500.0,38.8157
958125.0,34.8451
958750.0,40.7162
959375.0,35.2251
960000.0,240.6910
960625.0,212.4268
961250.0,221.2089
961875.0,249.5899
962500.0,228.9736
963125.0,241.7431
963750.0,234.7487
964375.0,230.7825
965000.0,50.2050
965625.0,46.4439
966250.0,42.8153
966875.0,45.1124
967500.0,38.0197
968125.0,37.7317
968750.0,34.1009
969375.0,35.6600
970000.0,218.4556
970625.0,220.8885
971250.0,209.5210
971875.0,217.9308
972500.0,216.8031
973125.0,233.6797
973750.0,234.1026
974375.0,223.3596
975000.0,46.0787
975625.0,47.3288
976250.0,45.0810
976875.0,44.3049
977500.0,35.2606
978125.0,35.8256
978750.0,34.8476
979375.0,37.2998
980000.0,240.4647
980625.0,213.5897
981250.0,232.2915
981875.0,229.4487
982500.0,235.9615
983125.0,231.8499
983750.0,215.1382
984375.0,217.3563
985000.0,47.0691
985625.0,49.4176
986250.0,41.7967
986875.0,47.8125
987500.0,39.2008
988125.0,36.7169
988750.0,38.0179
989375.0,35.6993
990000.0,223.6571
990625.0,206.7647
991250.0,198.6261
991875.0,235.6061
992500.0,213.9188
993125.0,219.8753
993750.0,209.4025
994375.0,209.1378
995000.0,46.5915
995625.0,45.2855
996250.0,47.8882
996875.0,48.0635
997500.0,37.5936
998125.0,37.4414
998750.0,39.9189
999375.0,35.0250
1000000.0,231.3628
1000625.0,245.1392
1001250.0,246.6687
1001875.0,215.5075
1002500.0,228.3767
1003125.0,247.7542
1003750.0,237.8937
1004375.0,234.2651
1005000.0,46.4884
1005625.0,46.0981
1006250.0,47.6773
1006875.0,46.4069
1007500.0,36.9212
1008125.0,37.1454
1008750.0,35.7456
1009375.0,37.9844
1010000.0,257.7853
1010625.0,205.0089
1011250.0,228.6451
1011875.0,216.4479
1012500.0,231.4958
1013125.0,225.5238
1013750.0,233.5709
1014375.0,238.2244
1015000.0,47.4522
1015625.0,49.6603
1016250.0,41.4909
1016875.0,50.7376
1017500.0,37.6939
1018125.0,38.9940
1018750.0,34.7432
1019375.0,35.4631
1020000.0,233.6929
1020625.0,231.8024
1021250.0,235.2836
1021875.0,244.5804
1022500.0,211.5234
1023125.0,243.2963
1023750.0,232.0961
1024375.0,229.6361
1025000.0,43.5429
1025625.0,48.1822
1026250.0,41.3268
1026875.0,48.5237
1027500.0,34.2396
1028125.0,37.0989
1028750.0,36.7795
1029375.0,39.1636
1030000.0,222.9901
1030625.0,217.1909
1031250.0,219.3007
1031875.0,239.3199
1032500.0,231.0333
1033125.0,220.6617
1033750.0,222.3400
1034375.0,207.3693
1035000.0,47.9129
1035625.0,42.8644
1036250.0,48.7667
1036875.0,47.3023
1037500.0,41.4159
1038125.0,34.9647
1038750.0,36.8101
1039375.0,40.3268
1040000.0,245.8201
1040625.0,223.9239
1041250.0,234.5980
1041875.0,232.0232
1042500.0,235.2707
1043125.0,223.8953
1043750.0,230.9639
1044375.0,213.4626
1045000.0,47.3175
1045625.0,48.0575
1046250.0,46.4656
1046875.0,43.2046
1047500.0,38.8288
1048125.0,37.6744
1048750.0,35.6569
1049375.0,36.4809
1050000.0,208.1175
1050625.0,213.4641
1051250.0,218.9496
1051875.0,238.8197
1052500.0,217.8056
1053125.0,232.2024
1053750.0,218.9439
1054375.0,227.7894
1055000.0,46.6677
1055625.0,49.0517
1056250.0,45.7432
1056875.0,43.3046
1057500.0,34.4434
1058125.0,36.0160
1058750.0,34.6892
1059375.0,37.7589
1060000.0,226.5971
1060625.0,259.5454
1061250.0,211.8425
1061875.0,234.3621
1062500.0,218.9157
1063125.0,226.2765
1063750.0,233.6405
1064375.0,205.0257
1065000.0,47.5565
1065625.0,51.4718
1066250.0,45.9344
1066875.0,47.6105
1067500.0,38.8961
1068125.0,36.6967
1068750.0,35.9252
1069375.0,32.7899
1070000.0,232.2111
1070625.0,223.7269
1071250.0,213.6073
1071875.0,226.4242
1072500.0,218.4336
1073125.0,219.0552
1073750.0,231.8208
1074375.0,209.9432
1075000.0,49.4612
1075625.0,43.7154
1076250.0,45.4427
1076875.0,51.5189
1077500.0,39.0856
1078125.0,37.1806
1078750.0,35.2600
1079375.0,36.0208
1080000.0,232.8500
1080625.0,232.4353
1081250.0,230.9459
1081875.0,231.6423
1082500.0,229.5132
1083125.0,215.2730
1083750.0,226.0085
1084375.0,242.6096
1085000.0,43.7844
1085625.0,46.5545
1086250.0,45.0736
1086875.0,47.2617
1087500.0,36.2810
1088125.0,39.7332
1088750.0,37.9372
1089375.0,34.5732
1090000.0,232.5513
1090625.0,216.2852
1091250.0,218.5088
1091875.0,228.5305
1092500.0,219.4678
1093125.0,235.0446
1093750.0,216.2868
1094375.0,218.0369
1095000.0,45.4575
1095625.0,45.6707
1096250.0,49.5831
1096875.0,48.4777
1097500.0,40.1634
1098125.0,41.1951
1098750.0,35.0932
1099375.0,37.1303
1100000.0,218.3561
1100625.0,222.9798
1101250.0,224.6910
1101875.0,219.7370
1102500.0,219.7981
1103125.0,230.3263
1103750.0,217.8861
1104375.0,241.7687
1105000.0,44.8433
1105625.0,53.6025
1106250.0,45.9392
1106875.0,47.1692
1107500.0,34.6036
1108125.0,40.1563
1108750.0,39.0711
1109375.0,37.5493
1110000.0,209.8485
1110625.0,227.3700
1111250.0,212.3839
1111875.0,241.4515
1112500.0,234.1034
1113125.0,226.0737
1113750.0,197.5908
1114375.0,213.9366
1115000.0,48.6162
1115625.0,49.8503
1116250.0,49.6065
1116875.0,43.2588
1117500.0,37.5579
1118125.0,38.8787
1118750.0,33.9321
1119375.0,36.9854
1120000.0,235.1766
1120625.0,228.5111
1121250.0,210.5149
1121875.0,228.2219
1122500.0,228.2033
1123125.0,230.2824
1123750.0,225.4637
1124375.0,226.8611
1125000.0,46.9067
1125625.0,48.0398
1126250.0,46.2846
1126875.0,46.0373
1127500.0,37.1709
1128125.0,33.4463
1128750.0,37.8825
1129375.0,36.9990
1130000.0,225.4466
1130625.0,235.8083
1131250.0,203.0308
1131875.0,202.7944
1132500.0,228.0803
1133125.0,224.9199
1133750.0,226.9145
1134375.0,219.8011
1135000.0,48.5612
1135625.0,49.1917
1136250.0,48.1374
1136875.0,46.3871
1137500.0,33.1008
1138125.0,38.4231
1138750.0,39.2602
1139375.0,38.1924
1140000.0,221.7961
1140625.0,239.8160
1141250.0,241.9821
1141875.0,250.0823
1142500.0,221.8371
1143125.0,229.3731
1143750.0,240.6684
1144375.0,232.6660
1145000.0,44.3743
1145625.0,47.9743
1146250.0,48.3599
1146875.0,47.2067
1147500.0,37.4062
1148125.0,36.5214
1148750.0,39.7348
1149375.0,35.3337
1150000.0,218.3926
1150625.0,225.1236
1151250.0,234.8882
1151875.0,208.1546
1152500.0,210.2592
1153125.0,202.0756
1153750.0,225.3678
1154375.0,212.4191
1155000.0,46.0963
1155625.0,48.5542
1156250.0,45.4924
1156875.0,47.5435
1157500.0,36.4462
1158125.0,38.2434
1158750.0,37.8790
1159375.0,35.7199
1160000.0,230.0436
1160625.0,244.1074
1161250.0,236.5632
1161875.0,215.7952
1162500.0,239.6052
1163125.0,219.4185
1163750.0,248.3852
1164375.0,243.8795
1165000.0,47.6812
1165625.0,47.3695
1166250.0,46.5088
1166875.0,48.5945
1167500.0,36.3141
1168125.0,37.4358
1168750.0,38.6131
1169375.0,35.9607
1170000.0,218.0678
1170625.0,211.5634
1171250.0,213.0247
1171875.0,204.4306
1172500.0,233.2106
1173125.0,245.3503
1173750.0,241.0350
1174375.0,206.7065
1175000.0,48.7034
1175625.0,50.3419
1176250.0,45.9265
1176875.0,47.2384
1177500.0,33.2854
1178125.0,37.4935
1178750.0,35.0324
1179375.0,37.3693
1180000.0,213.8900
1180625.0,238.2972
1181250.0,243.8843
1181875.0,222.9151
1182500.0,218.8117
1183125.0,206.9901
1183750.0,228.9096
1184375.0,225.2535
1185000.0,43.3551
1185625.0,48.0646
1186250.0,45.9426
1186875.0,44.4720
1187500.0,35.9740
1188125.0,38.9819
1188750.0,38.1154
1189375.0,36.7595
1190000.0,231.9649
1190625.0,211.9397
1191250.0,225.3642
1191875.0,226.6574
1192500.0,219.7143
1193125.0,229.8989
1193750.0,216.2201
1194375.0,230.7355
1195000.0,48.2969
1195625.0,40.1447
1196250.0,49.7972
1196875.0,39.8381
1197500.0,35.8603
1198125.0,38.8969
1198750.0,36.4130
1199375.0,34.2876
1200000.0,219.3127
1200625.0,243.9121
1201250.0,209.7105
1201875.0,245.0963
1202500.0,231.3608
1203125.0,218.1682
1203750.0,225.2359
1204375.0,220.2002
1205000.0,49.0356
1205625.0,48.7212
1206250.0,42.9600
1206875.0,46.0516
1207500.0,35.4031
1208125.0,39.3930
1208750.0,34.5023
1209375.0,39.9678
1210000.0,224.6254
1210625.0,211.9282
1211250.0,217.3807
1211875.0,215.9818
1212500.0,210.6605
1213125.0,226.0668
1213750.0,211.1860
1214375.0,200.4709
1215000.0,46.1078
1215625.0,42.7633
1216250.0,45.2324
1216875.0,44.8636
1217500.0,35.3883
1218125.0,40.7018
1218750.0,37.1044
1219375.0,37.4539
1220000.0,211.3938
1220625.0,224.4140
1221250.0,234.4975
1221875.0,220.1155
1222500.0,242.5335
1223125.0,218.0487
1223750.0,228.6782
1224375.0,225.2018
1225000.0,47.3862
1225625.0,45.4948
1226250.0,46.3634
1226875.0,46.4451
1227500.0,35.6414
1228125.0,37.8974
1228750.0,37.4410
1229375.0,36.8361
1230000.0,220.1573
1230625.0,233.9611
1231250.0,222.3469
1231875.0,221.5497
1232500.0,226.1778
1233125.0,244.0866
1233750.0,209.9210
1234375.0,233.6609
1235000.0,42.5510
1235625.0,47.5106
1236250.0,50.7014
1236875.0,48.1484
1237500.0,37.3157
1238125.0,35.9632
1238750.0,37.0574
1239375.0,36.5337
1240000.0,222.8827
1240625.0,228.6374
1241250.0,234.3012
1241875.0,223.1003
1242500.0,222.6471
1243125.0,216.2212
1243750.0,236.5324
1244375.0,238.3257
1245000.0,47.5444
1245625.0,49.2682
1246250.0,47.2065
1246875.0,47.9212
1247500.0,37.5621
1248125.0,36.8307
1248750.0,36.0180
1249375.0,41.0962
1250000.0,219.9156
1250625.0,217.5089
1251250.0,229.8826
1251875.0,227.8334
1252500.0,209.1961
1253125.0,237.6301
1253750.0,223.9403
1254375.0,212.5020
1255000.0,49.7936
1255625.0,48.4703
1256250.0,44.0283
1256875.0,51.1764
1257500.0,38.2188
1258125.0,36.9811
1258750.0,39.9419
1259375.0,37.2947
1260000.0,231.6742
1260625.0,224.3405
1261250.0,238.7495
1261875.0,237.5286
1262500.0,232.1703
1263125.0,222.8362
1263750.0,233.5072
1264375.0,231.1903
1265000.0,43.8663
1265625.0,43.5412
1266250.0,48.3281
1266875.0,40.8856
1267500.0,37.3800
1268125.0,36.1155
1268750.0,39.4203
1269375.0,36.0871
1270000.0,232.4192
1270625.0,220.5347
1271250.0,226.2797
1271875.0,233.2894
1272500.0,219.7962
1273125.0,236.2112
1273750.0,213.8209
1274375.0,228.3142
1275000.0,49.1682
1275625.0,48.5511
1276250.0,51.5036
1276875.0,45.2059
1277500.0,34.4486
1278125.0,35.1605
1278750.0,38.2218
1279375.0,37.9212
1280000.0,233.1862
1280625.0,218.9737
1281250.0,240.8957
1281875.0,217.7934
1282500.0,245.4438
1283125.0,265.1463
1283750.0,236.2508
1284375.0,238.7641
1285000.0,45.8418
1285625.0,42.7460
1286250.0,45.5836
1286875.0,44.4317
1287500.0,34.3230
1288125.0,40.1864
1288750.0,37.5048
1289375.0,37.7024
1290000.0,221.5235
1290625.0,223.0552
1291250.0,235.8512
1291875.0,224.6362
1292500.0,230.9703
1293125.0,222.7950
1293750.0,221.1508
1294375.0,209.1722
1295000.0,42.3523
1295625.0,46.3853
1296250.0,47.1328
1296875.0,43.9776
1297500.0,36.9362
1298125.0,37.0994
1298750.0,33.0114
1299375.0,35.3070
1300000.0,236.7243
1300625.0,236.4899
1301250.0,218.6174
1301875.0,233.8380
1302500.0,243.8599
1303125.0,241.0140
1303750.0,230.8947
1304375.0,226.5715
1305000.0,45.5210
1305625.0,48.0994
1306250.0,47.4585
1306875.0,48.4791
1307500.0,37.2440
1308125.0,38.5147
1308750.0,37.1750
1309375.0,38.4517
1310000.0,234.7968
1310625.0,215.9491
1311250.0,204.6584
1311875.0,242.3643
1312500.0,227.8874
1313125.0,205.7120
1313750.0,216.9695
1314375.0,233.6836
1315000.0,46.3428
1315625.0,45.7967
1316250.0,50.2921
1316875.0,44.5389
1317500.0,35.5234
1318125.0,37.3911
1318750.0,37.7223
1319375.0,37.9182
1320000.0,242.5704
1320625.0,234.3035
1321250.0,237.6769
1321875.0,228.9932
1322500.0,232.7273
1323125.0,233.2474
1323750.0,234.4951
1324375.0,240.9615
1325000.0,48.3046
1325625.0,47.1039
1326250.0,45.0986
1326875.0,47.1590
1327500.0,36.9482
1328125.0,37.3574
1328750.0,41.0821
1329375.0,36.0310
1330000.0,229.7508
1330625.0,237.0202
1331250.0,226.1025
1331875.0,251.3008
1332500.0,220.7471
1333125.0,228.6460
1333750.0,216.0134
1334375.0,221.0453
1335000.0,47.5850
1335625.0,48.9888
1336250.0,47.7499
1336875.0,49.9589
1337500.0,36.8243
1338125.0,36.3855
1338750.0,42.0024
1339375.0,37.7293
1340000.0,223.6540
1340625.0,223.9465
1341250.0,221.0649
1341875.0,242.8642
1342500.0,227.7732
1343125.0,233.4774
1343750.0,231.2633
1344375.0,240.4853
1345000.0,45.0102
1345625.0,44.4724
1346250.0,47.5271
1346875.0,48.4123
1347500.0,37.6152
1348125.0,35.5025
1348750.0,38.2533
1349375.0,35.6239
1350000.0,219.1327
1350625.0,214.3805
1351250.0,239.6380
1351875.0,232.1260
1352500.0,231.8062
1353125.0,239.0311
1353750.0,256.6423
1354375.0,205.7712
1355000.0,45.2648
1355625.0,45.5520
1356250.0,45.0006
1356875.0,44.4677
1357500.0,36.4456
1358125.0,34.7493
1358750.0,37.6198
1359375.0,37.0956
1360000.0,237.5799
1360625.0,237.8897
1361250.0,238.9949
1361875.0,227.6685
1362500.0,256.6053
1363125.0,234.7194
1363750.0,210.3952
1364375.0,220.3724
1365000.0,42.9098
1365625.0,47.0407
1366250.0,46.7138
1366875.0,45.8992
1367500.0,40.7202
1368125.0,38.0156
1368750.0,38.3433
1369375.0,35.2775
1370000.0,213.7596
1370625.0,225.4141
1371250.0,226.9463
1371875.0,204.1165
1372500.0,222.9715
1373125.0,225.1583
1373750.0,222.5796
1374375.0,215.8494
1375000.0,45.7321
1375625.0,46.5844
1376250.0,47.2134
1376875.0,48.4213
1377500.0,38.9996
1378125.0,36.4555
1378750.0,36.1561
1379375.0,37.8097
1380000.0,239.0858
1380625.0,226.9633
1381250.0,241.1686
1381875.0,243.3632
1382500.0,246.9836
1383125.0,252.6285
1383750.0,221.9496
1384375.0,232.1612
1385000.0,47.0265
1385625.0,46.7695
1386250.0,45.4742
1386875.0,43.5089
1387500.0,37.1715
1388125.0,35.5785
1388750.0,37.1591
1389375.0,35.5310
1390000.0,212.6288
1390625.0,227.6359
1391250.0,226.6979
1391875.0,231.5169
1392500.0,249.5910
1393125.0,228.1195
1393750.0,230.4572
1394375.0,212.8774
1395000.0,43.9758
1395625.0,50.7196
1396250.0,44.8298
1396875.0,44.5467
1397500.0,36.9277
1398125.0,36.8331
1398750.0,35.3304
1399375.0,36.4358
1400000.0,246.2608
1400625.0,222.6505
1401250.0,215.8334
1401875.0,242.9341
1402500.0,237.7106
1403125.0,224.8020
1403750.0,213.6469
1404375.0,223.3624
1405000.0,46.8714
1405625.0,49.7393
1406250.0,44.5640
1406875.0,46.8014
1407500.0,38.2490
1408125.0,32.5947
1408750.0,38.9125
1409375.0,34.8125
1410000.0,228.7349
1410625.0,227.7752
1411250.0,237.2016
1411875.0,231.1979
1412500.0,198.2555
1413125.0,216.1712
1413750.0,226.5548
1414375.0,222.8065
1415000.0,48.1224
1415625.0,48.8550
1416250.0,48.4299
1416875.0,46.4965
1417500.0,33.5843
1418125.0,36.1574
1418750.0,37.7703
1419375.0,34.9827
1420000.0,239.3228
1420625.0,242.5374
1421250.0,233.4717
1421875.0,196.4602
1422500.0,217.1742
1423125.0,253.8798
1423750.0,225.6602
1424375.0,208.9839
1425000.0,49.9028
1425625.0,47.0314
1426250.0,49.5966
1426875.0,47.6509
1427500.0,37.8483
1428125.0,37.6716
1428750.0,38.2904
1429375.0,41.2132
1430000.0,235.9238
1430625.0,207.2212
1431250.0,230.0249
1431875.0,237.8417
1432500.0,238.5304
1433125.0,220.2007
1433750.0,238.1056
1434375.0,235.4371
1435000.0,53.0454
1435625.0,45.2375
1436250.0,45.8076
1436875.0,46.2806
1437500.0,36.0931
1438125.0,35.3535
1438750.0,31.8891
1439375.0,36.1958
1440000.0,236.2846
1440625.0,226.2786
1441250.0,254.4504
1441875.0,232.1552
1442500.0,246.9759
1443125.0,235.0325
1443750.0,241.5863
1444375.0,235.2392
1445000.0,50.2166
1445625.0,47.1315
1446250.0,48.1659
1446875.0,47.8609
1447500.0,36.4667
1448125.0,37.7492
1448750.0,41.1336
1449375.0,36.4998
1450000.0,229.7190
1450625.0,239.1500
1451250.0,237.8278
1451875.0,225.1318
1452500.0,198.1869
1453125.0,230.8129
1453750.0,200.0309
1454375.0,241.5368
1455000.0,47.3983
1455625.0,49.3492
1456250.0,44.8800
1456875.0,43.3516
1457500.0,37.4824
1458125.0,36.9378
1458750.0,36.0906
1459375.0,37.1566
1460000.0,264.1023
1460625.0,241.6805
1461250.0,244.1742
1461875.0,241.7897
1462500.0,249.1618
1463125.0,229.7952
1463750.0,208.1648
1464375.0,229.8124
1465000.0,48.9076
1465625.0,44.7210
1466250.0,46.5855
1466875.0,45.3743
1467500.0,39.7788
1468125.0,38.3865
1468750.0,38.2054
1469375.0,38.1500
1470000.0,224.5809
1470625.0,227.2225
1471250.0,211.6667
1471875.0,200.4025
1472500.0,226.6884
1473125.0,228.6449
1473750.0,238.6042
1474375.0,242.6775
1475000.0,50.6895
1475625.0,44.6546
1476250.0,46.1722
1476875.0,48.1288
1477500.0,41.6840
1478125.0,39.7382
1478750.0,39.0709
1479375.0,36.2826
1480000.0,221.7549
1480625.0,241.1513
1481250.0,219.2323
1481875.0,229.2341
1482500.0,230.6686
1483125.0,250.4778
1483750.0,227.8855
1484375.0,203.7047
1485000.0,48.1854
1485625.0,45.3573
1486250.0,47.1002
1486875.0,46.7962
1487500.0,36.4936
1488125.0,38.4621
1488750.0,34.1642
1489375.0,36.0435
1490000.0,232.6954
1490625.0,218.0915
1491250.0,206.9009
1491875.0,232.5212
1492500.0,237.6348
1493125.0,224.4938
1493750.0,202.9405
1494375.0,232.9422
1495000.0,43.0993
1495625.0,47.7257
1496250.0,44.9145
1496875.0,44.2744
1497500.0,36.1825
1498125.0,36.6609
1498750.0,35.8082
1499375.0,38.0891
1500000.0,226.8256
1500625.0,243.3702
1501250.0,235.2616
1501875.0,223.9083
1502500.0,221.9551
1503125.0,212.8890
1503750.0,235.3725
1504375.0,227.8868
1505000.0,41.4253
1505625.0,45.7411
1506250.0,44.8826
1506875.0,50.7028
1507500.0,33.8499
1508125.0,34.3335
1508750.0,39.0534
1509375.0,39.5100
1510000.0,216.6189
1510625.0,217.8890
1511250.0,231.9326
1511875.0,198.8201
1512500.0,204.0616
1513125.0,221.8417
1513750.0,242.4363
1514375.0,220.0980
1515000.0,47.2372
1515625.0,49.6644
1516250.0,51.9512
1516875.0,45.6444
1517500.0,36.9689
1518125.0,40.3708
1518750.0,34.1839
1519375.0,38.9010
1520000.0,220.1875
1520625.0,233.1887
1521250.0,229.1856
1521875.0,220.8871
1522500.0,220.5960
1523125.0,235.2064
1523750.0,243.5483
1524375.0,230.4951
1525000.0,47.1648
1525625.0,48.3423
1526250.0,44.7167
1526875.0,48.7383
1527500.0,38.5158
1528125.0,41.8167
1528750.0,36.3042
1529375.0,36.1525
1530000.0,233.6509
1530625.0,234.2149
1531250.0,218.9803
1531875.0,220.4644
1532500.0,231.0877
1533125.0,215.6897
1533750.0,220.3815
1534375.0,226.0079
1535000.0,49.3405
1535625.0,45.5792
1536250.0,42.6704
1536875.0,42.4960
1537500.0,34.6701
1538125.0,34.5706
1538750.0,36.7140
1539375.0,34.8006
1540000.0,223.8480
1540625.0,223.0206
1541250.0,226.8901
1541875.0,247.3411
1542500.0,239.6786
1543125.0,232.1871
1543750.0,226.6521
1544375.0,226.9745
1545000.0,47.7702
1545625.0,48.3728
1546250.0,44.8671
1546875.0,47.0857
1547500.0,33.2415
1548125.0,37.3917
1548750.0,38.4100
1549375.0,36.4819
1550000.0,245.4359
1550625.0,215.0861
1551250.0,227.4462
1551875.0,224.5970
1552500.0,223.8717
1553125.0,223.7139
1553750.0,226.2049
1554375.0,234.5395
1555000.0,50.2377
1555625.0,46.9947
1556250.0,48.9160
1556875.0,45.3508
1557500.0,38.4170
1558125.0,35.5903
1558750.0,39.0177
1559375.0,41.0897
1560000.0,230.5838
1560625.0,206.5665
1561250.0,225.6424
1561875.0,246.2898
1562500.0,238.4157
1563125.0,234.8874
1563750.0,243.7006
1564375.0,237.6197
1565000.0,49.8617
1565625.0,49.1606
1566250.0,50.5760
1566875.0,47.8432
1567500.0,38.6747
1568125.0,36.4318
1568750.0,35.8873
1569375.0,40.1575
1570000.0,227.4323
1570625.0,234.0549
1571250.0,226.3921
1571875.0,218.4017
1572500.0,225.1236
1573125.0,241.1549
1573750.0,231.2465
1574375.0,205.7459
1575000.0,46.4942
1575625.0,51.1884
1576250.0,46.4976
1576875.0,42.7689
1577500.0,40.5021
1578125.0,38.2624
1578750.0,36.8705
1579375.0,36.3129
1580000.0,244.5553
1580625.0,225.7130
1581250.0,245.3198
1581875.0,238.2895
1582500.0,234.8383
1583125.0,233.6880
1583750.0,229.9704
1584375.0,244.1294
1585000.0,44.9664
1585625.0,43.1885
1586250.0,48.4439
1586875.0,48.4834
1587500.0,37.8884
1588125.0,37.7543
1588750.0,36.4070
1589375.0,38.4568
1590000.0,224.4875
1590625.0,219.5200
1591250.0,221.4912
1591875.0,247.7322
1592500.0,205.4815
1593125.0,230.6226
1593750.0,206.1100
1594375.0,223.7824
1595000.0,45.9810
1595625.0,42.1002
1596250.0,47.9142
1596875.0,46.1069
1597500.0,33.1165
1598125.0,38.5532
1598750.0,39.6548
1599375.0,39.7567
1600000.0,236.1639
1600625.0,232.5343
1601250.0,247.4066
1601875.0,251.5156
1602500.0,245.1494
1603125.0,221.0782
1603750.0,234.3356
1604375.0,237.0984
1605000.0,42.7474
1605625.0,48.1030
1606250.0,52.3415
1606875.0,48.5038
1607500.0,39.7258
1608125.0,37.3384
1608750.0,36.8645
1609375.0,37.7054
1610000.0,215.8220
1610625.0,214.1575
1611250.0,239.2459
1611875.0,240.4389
1612500.0,213.8501
1613125.0,235.8900
1613750.0,224.0217
1614375.0,228.8228
1615000.0,48.0815
1615625.0,49.3367
1616250.0,47.1944
1616875.0,50.3139
1617500.0,37.5724
1618125.0,38.1547
1618750.0,35.4585
1619375.0,40.9935
1620000.0,237.4500
1620625.0,240.2708
1621250.0,213.3450
1621875.0,222.4567
1622500.0,246.3595
1623125.0,235.3279
1623750.0,209.8002
1624375.0,244.0442
1625000.0,45.7221
1625625.0,50.3166
1626250.0,46.7936
1626875.0,47.4811
1627500.0,39.1811
1628125.0,35.3396
1628750.0,35.1632
1629375.0,36.6365
1630000.0,234.3057
1630625.0,210.0276
1631250.0,206.2346
1631875.0,234.2669
1632500.0,218.2165
1633125.0,220.5875
1633750.0,204.1109
1634375.0,217.3615
1635000.0,46.9822
1635625.0,49.1864
1636250.0,45.1876
1636875.0,50.8948
1637500.0,35.7336
1638125.0,35.7363
1638750.0,39.8441
1639375.0,37.3912
1640000.0,225.5965
1640625.0,230.2005
1641250.0,247.6957
1641875.0,249.0080
1642500.0,222.5252
1643125.0,231.5078
1643750.0,233.0458
1644375.0,220.5596
1645000.0,46.8691
1645625.0,47.0125
1646250.0,49.6795
1646875.0,49.8374
1647500.0,36.3910
1648125.0,36.6042
1648750.0,38.2289
1649375.0,35.9174
1650000.0,231.6222
1650625.0,224.0111
1651250.0,214.0943
1651875.0,214.2356
1652500.0,241.2794
1653125.0,223.2403
1653750.0,243.4540
1654375.0,219.2216
1655000.0,47.6843
1655625.0,52.6228
1656250.0,44.5151
1656875.0,42.5401
1657500.0,39.3802
1658125.0,35.4704
1658750.0,36.9617
1659375.0,35.9161
1660000.0,235.1107
1660625.0,220.9738
1661250.0,229.9127
1661875.0,237.2179
1662500.0,220.3036
1663125.0,223.8790
1663750.0,227.9704
1664375.0,215.4257
1665000.0,46.0070
1665625.0,47.2792
1666250.0,46.0611
1666875.0,46.3623
1667500.0,36.9632
1668125.0,35.7869
1668750.0,38.2785
1669375.0,39.6566
1670000.0,219.7757
1670625.0,230.4585
1671250.0,222.3043
1671875.0,229.1117
1672500.0,242.6150
1673125.0,230.7224
1673750.0,205.0491
1674375.0,230.1075
1675000.0,49.8972
1675625.0,46.4792
1676250.0,49.3397
1676875.0,45.3782
1677500.0,34.2518
1678125.0,37.2612
1678750.0,33.7505
1679375.0,36.5564
1680000.0,246.9274
1680625.0,209.8468
1681250.0,217.1578
1681875.0,220.0284
1682500.0,231.2655
1683125.0,227.7577
1683750.0,248.2300
1684375.0,243.0704
1685000.0,48.1639
1685625.0,47.3422
1686250.0,47.9241
1686875.0,44.9743
1687500.0,38.5858
1688125.0,34.9427
1688750.0,38.5454
1689375.0,39.1944
1690000.0,227.3722
1690625.0,223.0176
1691250.0,229.5035
1691875.0,192.8079
1692500.0,228.4004
1693125.0,223.7248
1693750.0,224.4304
1694375.0,232.9485
1695000.0,46.8243
1695625.0,44.3205
1696250.0,46.6677
1696875.0,47.1588
1697500.0,37.2126
1698125.0,37.2996
1698750.0,38.9228
1699375.0,34.9908
1700000.0,234.0381
1700625.0,246.9632
1701250.0,211.8785
1701875.0,234.0839
1702500.0,225.2096
1703125.0,227.6998
1703750.0,221.5042
1704375.0,230.0332
1705000.0,51.3270
1705625.0,44.0286
1706250.0,44.2514
1706875.0,43.9405
1707500.0,40.1957
1708125.0,36.1447
1708750.0,36.9526
1709375.0,36.2549
1710000.0,214.3752
1710625.0,222.3546
1711250.0,252.6552
1711875.0,240.6608
1712500.0,215.4044
1713125.0,232.2852
1713750.0,215.6454
1714375.0,205.0159
1715000.0,49.3959
1715625.0,49.7262
1716250.0,49.4582
1716875.0,45.8958
1717500.0,36.6915
1718125.0,38.3871
1718750.0,37.7243
1719375.0,36.2718
1720000.0,213.2188
1720625.0,233.3210
1721250.0,244.5165
1721875.0,218.1080
1722500.0,239.4096
1723125.0,235.8459
1723750.0,240.7017
1724375.0,242.1149
1725000.0,45.3680
1725625.0,43.2001
1726250.0,45.7462
1726875.0,49.0894
1727500.0,35.9973
1728125.0,35.7160
1728750.0,33.6305
1729375.0,40.2424
1730000.0,234.2893
1730625.0,233.6613
1731250.0,235.8869
1731875.0,231.4880
1732500.0,222.2513
1733125.0,223.1577
1733750.0,220.1899
1734375.0,254.6408
1735000.0,48.3064
1735625.0,45.9101
1736250.0,48.0939
1736875.0,44.6245
1737500.0,39.7833
1738125.0,35.7770
1738750.0,37.9270
1739375.0,38.9721
1740000.0,236.4633
1740625.0,233.0959
1741250.0,232.1253
1741875.0,231.3453
1742500.0,225.3103
1743125.0,226.7860
1743750.0,249.1632
1744375.0,230.7410
1745000.0,45.1534
1745625.0,45.7867
1746250.0,49.5859
1746875.0,48.5877
1747500.0,38.0366
1748125.0,36.5236
1748750.0,38.0607
1749375.0,35.8094
1750000.0,222.0793
1750625.0,235.9103
1751250.0,234.8356
1751875.0,213.9535
1752500.0,215.3753
1753125.0,226.2229
1753750.0,244.4190
1754375.0,203.4499
1755000.0,47.6541
1755625.0,43.7663
1756250.0,45.5093
1756875.0,46.1436
1757500.0,36.2221
1758125.0,36.0125
1758750.0,37.0133
1759375.0,36.0098
1760000.0,215.0355
1760625.0,241.0465
1761250.0,240.7333
1761875.0,241.7808
1762500.0,214.1275
1763125.0,235.4675
1763750.0,239.8414
1764375.0,220.0381
1765000.0,47.0216
1765625.0,46.7268
1766250.0,51.3291
1766875.0,51.5226
1767500.0,33.9209
1768125.0,41.6138
1768750.0,35.3068
1769375.0,38.8142
1770000.0,235.9181
1770625.0,213.7985
1771250.0,230.5493
1771875.0,223.7902
1772500.0,231.2362
1773125.0,227.5951
1773750.0,238.4588
1774375.0,225.8482
1775000.0,46.6055
1775625.0,49.5758
1776250.0,48.3639
1776875.0,48.7198
1777500.0,35.7705
1778125.0,35.0663
1778750.0,35.9497
1779375.0,35.8515
1780000.0,241.1199
1780625.0,243.3214
1781250.0,230.2005
1781875.0,248.5987
1782500.0,247.8742
1783125.0,234.8234
1783750.0,222.4661
1784375.0,250.2744
1785000.0,46.8566
1785625.0,47.2965
1786250.0,46.2019
1786875.0,44.9090
1787500.0,34.2830
1788125.0,38.1708
1788750.0,35.5507
1789375.0,42.6601
1790000.0,212.7817
1790625.0,210.8544
1791250.0,230.7391
1791875.0,242.2048
1792500.0,225.7266
1793125.0,231.4377
1793750.0,204.2601
1794375.0,217.3780
1795000.0,44.4770
1795625.0,42.5466
1796250.0,47.2749
1796875.0,41.7294
1797500.0,34.5539
1798125.0,36.0062
1798750.0,35.4621
1799375.0,37.7334
1800000.0,235.5447
1800625.0,242.3681
1801250.0,240.7277
1801875.0,245.2334
1802500.0,231.9777
1803125.0,235.5202
1803750.0,237.9336
1804375.0,233.6432
1805000.0,46.0666
1805625.0,46.2188
1806250.0,45.0787
1806875.0,47.9908
1807500.0,36.8261
1808125.0,35.7731
1808750.0,35.7748
1809375.0,34.7608
1810000.0,236.0120
1810625.0,225.8844
1811250.0,215.2935
1811875.0,234.0962
1812500.0,218.6950
1813125.0,209.1769
1813750.0,236.4888
1814375.0,218.9577
1815000.0,46.0391
1815625.0,47.0968
1816250.0,49.6851
1816875.0,47.0471
1817500.0,34.7816
1818125.0,38.0062
1818750.0,36.1028
1819375.0,40.4927
1820000.0,231.9870
1820625.0,206.0736
1821250.0,236.1454
1821875.0,254.5573
1822500.0,250.2807
1823125.0,253.2391
1823750.0,220.1708
1824375.0,242.5810
1825000.0,45.3033
1825625.0,47.5271
1826250.0,44.0086
1826875.0,45.4855
1827500.0,35.7489
1828125.0,38.6623
1828750.0,38.4813
1829375.0,37.5121
1830000.0,209.8078
1830625.0,221.4941
1831250.0,216.6062
1831875.0,234.7839
1832500.0,238.2546
1833125.0,236.8843
1833750.0,216.5038
1834375.0,194.1803
1835000.0,42.8476
1835625.0,50.3408
1836250.0,46.0571
1836875.0,45.2358
1837500.0,40.0389
1838125.0,39.3405
1838750.0,37.0452
1839375.0,36.4572
1840000.0,230.4676
1840625.0,234.6351
1841250.0,250.5605
1841875.0,236.9006
1842500.0,240.4219
1843125.0,245.5635
1843750.0,218.4318
1844375.0,240.7564
1845000.0,46.3078
1845625.0,41.0872
1846250.0,41.9988
1846875.0,44.6074
1847500.0,37.9828
1848125.0,37.2105
1848750.0,37.3411
1849375.0,40.6092
1850000.0,210.7227
1850625.0,224.6914
1851250.0,228.4249
1851875.0,216.7169
1852500.0,225.3187
1853125.0,207.0006
1853750.0,240.8614
1854375.0,217.3318
1855000.0,51.7738
1855625.0,46.9237
1856250.0,49.4159
1856875.0,46.8747
1857500.0,36.9431
1858125.0,35.9195
1858750.0,37.2204
1859375.0,37.5883
1860000.0,222.9026
1860625.0,230.5495
1861250.0,224.9229
1861875.0,258.6761
1862500.0,230.9591
1863125.0,249.9247
1863750.0,229.7308
1864375.0,235.0077
1865000.0,43.8948
1865625.0,45.9494
1866250.0,47.4948
1866875.0,50.7271
1867500.0,37.4107
1868125.0,39.5599
1868750.0,38.1853
1869375.0,40.0107
1870000.0,224.3358
1870625.0,251.8900
1871250.0,219.5393
1871875.0,216.3773
1872500.0,211.3869
1873125.0,251.2240
1873750.0,234.2188
1874375.0,221.2411
1875000.0,49.9352
1875625.0,48.6161
1876250.0,51.6204
1876875.0,43.3626
1877500.0,36.5091
1878125.0,36.1443
1878750.0,33.3487
1879375.0,38.9616
1880000.0,228.8634
1880625.0,240.5797
1881250.0,259.3734
1881875.0,227.9024
1882500.0,227.1146
1883125.0,233.3765
1883750.0,243.4521
1884375.0,225.4261
1885000.0,45.5172
1885625.0,49.4844
1886250.0,47.8898
1886875.0,42.1949
1887500.0,34.7330
1888125.0,39.7773
1888750.0,37.7436
1889375.0,35.5899
1890000.0,223.0829
1890625.0,225.1489
1891250.0,233.2770
1891875.0,209.7195
1892500.0,215.5393
1893125.0,228.0708
1893750.0,223.8769
1894375.0,231.4334
1895000.0,44.1107
1895625.0,47.8393
1896250.0,49.5652
1896875.0,48.1440
1897500.0,37.2574
1898125.0,36.8226
1898750.0,35.4555
1899375.0,36.8668
1900000.0,246.6126
1900625.0,230.6193
1901250.0,221.6783
1901875.0,226.2899
1902500.0,234.3299
1903125.0,227.6672
1903750.0,237.6295
1904375.0,238.0650
1905000.0,49.0891
1905625.0,50.3454
1906250.0,49.3403
1906875.0,44.8045
1907500.0,35.3285
1908125.0,36.8598
1908750.0,36.1653
1909375.0,34.8941
1910000.0,220.0310
1910625.0,219.6617
1911250.0,217.4417
1911875.0,221.4474
1912500.0,238.2576
1913125.0,227.2414
1913750.0,252.8079
1914375.0,226.9182
1915000.0,46.3183
1915625.0,47.0097
1916250.0,47.6028
1916875.0,48.0228
1917500.0,40.8419
1918125.0,35.4362
1918750.0,38.5892
1919375.0,37.3843
1920000.0,213.7753
1920625.0,240.9401
1921250.0,246.7044
1921875.0,222.0568
1922500.0,231.8964
1923125.0,211.9859
1923750.0,217.3978
1924375.0,244.1571
1925000.0,45.9039
1925625.0,44.3943
1926250.0,47.5392
1926875.0,45.7723
1927500.0,36.1290
1928125.0,38.3678
1928750.0,34.8508
1929375.0,35.3251
1930000.0,226.7334
1930625.0,235.9059
1931250.0,238.9293
1931875.0,217.5181
1932500.0,235.5455
1933125.0,216.1784
1933750.0,245.5449
1934375.0,212.2451
1935000.0,50.1219
1935625.0,45.4573
1936250.0,51.7311
1936875.0,48.3896
1937500.0,35.1204
1938125.0,36.0339
1938750.0,38.4452
1939375.0,38.9474
1940000.0,231.1797
1940625.0,232.5180
1941250.0,240.7969
1941875.0,233.5289
1942500.0,216.9953
1943125.0,222.5695
1943750.0,234.7274
1944375.0,246.0996
1945000.0,50.7976
1945625.0,48.8319
1946250.0,47.6751
1946875.0,48.7597
1947500.0,35.7665
1948125.0,36.7165
1948750.0,35.4754
1949375.0,34.6898
1950000.0,228.7524
1950625.0,227.0870
1951250.0,232.7361
1951875.0,231.1438
1952500.0,227.7297
1953125.0,231.2619
1953750.0,224.5198
1954375.0,229.6450
1955000.0,45.2936
1955625.0,47.8688
1956250.0,48.5708
1956875.0,45.4262
1957500.0,37.0959
1958125.0,35.8463
1958750.0,36.0260
1959375.0,34.9189
1960000.0,246.6830
1960625.0,244.3619
1961250.0,238.2342
1961875.0,254.8775
1962500.0,229.8047
1963125.0,267.1684
1963750.0,229.3607
1964375.0,234.9602
1965000.0,46.0652
1965625.0,47.8750
1966250.0,48.9637
1966875.0,46.7323
1967500.0,40.2869
1968125.0,37.4424
1968750.0,37.5004
1969375.0,35.3184
1970000.0,229.7081
1970625.0,223.4922
1971250.0,218.1573
1971875.0,216.2647
1972500.0,255.0573
1973125.0,222.0359
1973750.0,208.6089
1974375.0,217.1450
1975000.0,46.8788
1975625.0,48.2847
1976250.0,48.3038
1976875.0,48.5900
1977500.0,35.8070
1978125.0,37.6298
1978750.0,35.3793
1979375.0,35.8537
1980000.0,221.3546
1980625.0,218.2147
1981250.0,244.3448
1981875.0,239.9879
1982500.0,243.3293
1983125.0,232.4560
1983750.0,241.0110
1984375.0,211.5690
1985000.0,49.0283
1985625.0,47.4162
1986250.0,48.4737
1986875.0,47.8931
1987500.0,35.1739
1988125.0,34.2286
1988750.0,35.6827
1989375.0,38.0451
1990000.0,232.7635
1990625.0,209.6106
1991250.0,213.9626
1991875.0,216.8636
1992500.0,220.9803
1993125.0,209.6769
1993750.0,209.0019
1994375.0,215.7544
1995000.0,47.2027
1995625.0,44.2256
1996250.0,46.7279
1996875.0,49.4876
1997500.0,34.5917
1998125.0,36.6181
1998750.0,38.8958
1999375.0,36.2262
2000000.0,225.3454
2000625.0,245.4966
2001250.0,228.4481
2001875.0,244.8121
2002500.0,236.9760
2003125.0,228.0230
2003750.0,237.5644
2004375.0,235.7172
2005000.0,49.3991
2005625.0,45.7114
2006250.0,47.0968
2006875.0,46.8554
2007500.0,38.3027
2008125.0,35.1034
2008750.0,38.8814
2009375.0,37.8627
2010000.0,210.1846
2010625.0,238.5930
2011250.0,250.1335
2011875.0,236.2706
2012500.0,241.0536
2013125.0,225.9604
2013750.0,206.3081
2014375.0,204.2536
2015000.0,47.5994
2015625.0,45.6088
2016250.0,44.8507
2016875.0,46.8525
2017500.0,38.1388
2018125.0,34.3124
2018750.0,36.1696
2019375.0,39.7933
2020000.0,219.5267
2020625.0,242.0892
2021250.0,226.3771
2021875.0,238.3312
2022500.0,244.7290
2023125.0,240.5989
2023750.0,242.5463
2024375.0,218.6415
2025000.0,49.6171
2025625.0,44.9962
2026250.0,47.6099
2026875.0,47.6069
2027500.0,37.8975
2028125.0,37.6234
2028750.0,35.4390
2029375.0,34.5027
2030000.0,234.8139
2030625.0,227.0906
2031250.0,237.9305
2031875.0,224.4968
2032500.0,209.1919
2033125.0,235.8690
2033750.0,220.8333
2034375.0,228.8475
2035000.0,45.4785
2035625.0,50.8641
2036250.0,44.9401
2036875.0,46.2070
2037500.0,37.1988
2038125.0,34.9795
2038750.0,37.6115
2039375.0,39.9820
2040000.0,226.3106
2040625.0,236.5837
2041250.0,200.1065
2041875.0,231.5484
2042500.0,228.3687
2043125.0,222.5054
2043750.0,244.5448
2044375.0,228.2156
2045000.0,46.5829
2045625.0,46.1136
2046250.0,42.4955
2046875.0,44.3398
2047500.0,38.7780
2048125.0,33.0966
2048750.0,35.5823
2049375.0,36.2605
2050000.0,244.6157
2050625.0,233.6468
2051250.0,218.7318
2051875.0,239.6758
2052500.0,216.6692
2053125.0,236.3524
2053750.0,209.7126
2054375.0,237.0742
2055000.0,46.0456
2055625.0,44.5830
2056250.0,46.4897
2056875.0,47.6518
2057500.0,36.0847
2058125.0,38.0248
2058750.0,35.9215
2059375.0,38.1477
2060000.0,237.1298
2060625.0,231.2933
2061250.0,226.8800
2061875.0,233.7579
2062500.0,238.3829
2063125.0,255.9169
2063750.0,242.8973
2064375.0,243.3215
2065000.0,54.2580
2065625.0,48.2125
2066250.0,48.1389
2066875.0,48.6544
2067500.0,35.1334
2068125.0,36.1788
2068750.0,36.0636
2069375.0,38.1981
2070000.0,223.0405
2070625.0,226.5550
2071250.0,237.2339
2071875.0,234.7104
2072500.0,223.1806
2073125.0,217.4626
2073750.0,237.7718
2074375.0,233.7063
2075000.0,43.2253
2075625.0,46.2641
2076250.0,47.3890
2076875.0,48.8302
2077500.0,38.6837
2078125.0,37.5252
2078750.0,38.0827
2079375.0,37.1187
2080000.0,224.1833
2080625.0,228.9693
2081250.0,232.2203
2081875.0,231.5977
2082500.0,210.1274
2083125.0,227.3892
2083750.0,232.6520
2084375.0,228.7361
2085000.0,46.4200
2085625.0,48.1468
2086250.0,44.4645
2086875.0,43.1741
2087500.0,36.3559
2088125.0,38.4136
2088750.0,40.1220
2089375.0,38.4469
2090000.0,208.4820
2090625.0,222.3859
2091250.0,227.8871
2091875.0,226.9979
2092500.0,231.0672
2093125.0,214.6832
2093750.0,225.7306
2094375.0,229.7286
2095000.0,48.9403
2095625.0,45.1066
2096250.0,46.1889
2096875.0,40.6460
2097500.0,35.8503
2098125.0,36.0298
2098750.0,35.1138
2099375.0,37.3064
2100000.0,231.3510
2100625.0,205.7931
2101250.0,234.4999
2101875.0,221.2314
2102500.0,237.6340
2103125.0,217.1305
2103750.0,232.3481
2104375.0,228.7153
2105000.0,47.7123
2105625.0,47.2930
2106250.0,46.4004
2106875.0,43.3898
2107500.0,34.2672
2108125.0,35.9198
2108750.0,36.9847
2109375.0,35.8747
2110000.0,232.0336
2110625.0,221.8588
2111250.0,214.1436
2111875.0,221.8714
2112500.0,227.5409
2113125.0,228.6550
2113750.0,246.1318
2114375.0,217.4748
2115000.0,46.8273
2115625.0,48.0014
2116250.0,46.9450
2116875.0,45.8235
2117500.0,34.1339
2118125.0,36.0550
2118750.0,35.0137
2119375.0,33.8058
2120000.0,222.7701
2120625.0,219.8537
2121250.0,238.7719
2121875.0,238.9727
2122500.0,221.5150
2123125.0,228.9813
2123750.0,210.4444
2124375.0,226.2657
2125000.0,47.9376
2125625.0,48.9386
2126250.0,45.3243
2126875.0,49.4719
2127500.0,34.1960
2128125.0,34.6919
2128750.0,38.3129
2129375.0,40.0916
2130000.0,230.5511
2130625.0,224.5461
2131250.0,200.3042
2131875.0,202.2475
2132500.0,226.4559
2133125.0,220.9718
2133750.0,212.5594
2134375.0,225.7372
2135000.0,47.2706
2135625.0,49.2194
2136250.0,47.3210
2136875.0,49.8867
2137500.0,37.0148
2138125.0,36.7866
2138750.0,38.9690
2139375.0,35.1899
2140000.0,264.6476
2140625.0,236.3530
2141250.0,236.4176
2141875.0,238.0911
2142500.0,253.7748
2143125.0,241.1931
2143750.0,213.3814
2144375.0,248.2803
2145000.0,46.1989
2145625.0,47.2518
2146250.0,43.9938
2146875.0,48.2366
2147500.0,35.7950
2148125.0,37.1853
2148750.0,36.4744
2149375.0,40.5613
2150000.0,247.3004
2150625.0,225.5233
2151250.0,225.7197
2151875.0,220.7988
2152500.0,237.4426
2153125.0,221.2997
2153750.0,220.2600
2154375.0,236.0092
2155000.0,45.7350
2155625.0,46.9113
2156250.0,43.2839
2156875.0,48.6548
2157500.0,40.5906
2158125.0,38.3343
2158750.0,39.7043
2159375.0,35.4347
2160000.0,234.7414
2160625.0,221.0593
2161250.0,229.3579
2161875.0,240.9577
2162500.0,233.1811
2163125.0,215.6134
2163750.0,216.7457
2164375.0,215.9785
2165000.0,48.1549
2165625.0,51.8502
2166250.0,50.2018
2166875.0,42.5444
2167500.0,39.6290
2168125.0,38.7323
2168750.0,34.1412
2169375.0,36.4391
2170000.0,237.3246
2170625.0,231.1924
2171250.0,210.2727
2171875.0,231.8708
2172500.0,200.9531
2173125.0,222.4933
2173750.0,237.8020
2174375.0,225.2069
2175000.0,45.8275
2175625.0,49.0900
2176250.0,49.2907
2176875.0,50.0786
2177500.0,38.6175
2178125.0,39.0005
2178750.0,38.3559
2179375.0,37.4912
2180000.0,233.0383
2180625.0,229.2478
2181250.0,217.9365
2181875.0,220.9184
2182500.0,228.7286
2183125.0,234.8008
2183750.0,248.7134
2184375.0,231.5152
2185000.0,49.3582
2185625.0,49.5364
2186250.0,46.4561
2186875.0,48.3975
2187500.0,36.5495
2188125.0,39.4460
2188750.0,38.1763
2189375.0,34.7976
2190000.0,226.8172
2190625.0,243.5413
2191250.0,222.9612
2191875.0,230.0368
2192500.0,231.1411
2193125.0,213.3380
2193750.0,230.7455
2194375.0,209.3194
2195000.0,45.5298
2195625.0,49.5279
2196250.0,47.8384
2196875.0,46.2845
2197500.0,37.8260
2198125.0,36.8888
2198750.0,37.0233
2199375.0,38.2151
2200000.0,223.5625
2200625.0,232.4679
2201250.0,228.3777
2201875.0,213.6070
2202500.0,221.3227
2203125.0,250.1912
2203750.0,236.4628
2204375.0,216.6464
2205000.0,43.3802
2205625.0,46.7364
2206250.0,50.6688
2206875.0,46.5611
2207500.0,39.4179
2208125.0,37.6511
2208750.0,37.8718
2209375.0,34.5289
2210000.0,235.5471
2210625.0,221.2320
2211250.0,234.7098
2211875.0,215.8406
2212500.0,226.9918
2213125.0,228.9600
2213750.0,223.2671
2214375.0,229.5511
2215000.0,46.3740
2215625.0,45.4747
2216250.0,50.7729
2216875.0,49.4650
2217500.0,35.5924
2218125.0,38.0516
2218750.0,35.6260
2219375.0,34.8083
2220000.0,243.9922
2220625.0,212.2324
2221250.0,242.7515
2221875.0,229.0684
2222500.0,229.5461
2223125.0,236.7531
2223750.0,238.7419
2224375.0,222.4144
2225000.0,48.6867
2225625.0,47.2664
2226250.0,44.0483
2226875.0,46.6008
2227500.0,39.5554
2228125.0,40.1017
2228750.0,38.3271
2229375.0,34.7979
2230000.0,230.5193
2230625.0,234.5722
2231250.0,233.1642
2231875.0,233.8307
2232500.0,229.0867
2233125.0,224.1854
2233750.0,218.1559
2234375.0,203.6482
2235000.0,47.7982
2235625.0,47.4372
2236250.0,48.3103
2236875.0,43.8568
2237500.0,38.1933
2238125.0,40.8009
2238750.0,37.1451
2239375.0,36.8859
2240000.0,235.5844
2240625.0,255.5751
2241250.0,220.1257
2241875.0,234.3572
2242500.0,222.7240
2243125.0,225.6547
2243750.0,231.4248
2244375.0,247.6289
2245000.0,51.2323
2245625.0,48.0531
2246250.0,46.1150
2246875.0,52.8579
2247500.0,36.2090
2248125.0,35.9434
2248750.0,33.7164
2249375.0,39.5828
2250000.0,235.8928
2250625.0,252.2003
2251250.0,209.3679
2251875.0,241.4044
2252500.0,225.7890
2253125.0,234.0686
2253750.0,206.4625
2254375.0,241.5159
2255000.0,48.8483
2255625.0,46.9086
2256250.0,48.5160
2256875.0,45.2011
2257500.0,35.9280
2258125.0,36.1426
2258750.0,33.5725
2259375.0,38.5943
2260000.0,245.8225
2260625.0,223.8644
2261250.0,236.0392
2261875.0,228.9197
2262500.0,235.8080
2263125.0,224.7201
2263750.0,221.7523
2264375.0,244.2041
2265000.0,46.8499
2265625.0,51.7520
2266250.0,47.1088
2266875.0,44.8237
2267500.0,39.2698
2268125.0,38.1670
2268750.0,38.3447
2269375.0,39.2026
2270000.0,217.6560
2270625.0,223.5684
2271250.0,223.0712
2271875.0,210.4791
2272500.0,222.0346
2273125.0,240.0343
2273750.0,227.6701
2274375.0,209.8568
2275000.0,43.3438
2275625.0,50.9122
2276250.0,46.7878
2276875.0,45.4786
2277500.0,36.4931
2278125.0,34.2670
2278750.0,39.6327
2279375.0,36.2729
2280000.0,247.8619
2280625.0,232.5992
2281250.0,248.5826
2281875.0,234.9777
2282500.0,241.8975
2283125.0,240.3415
2283750.0,239.2302
2284375.0,236.0360
2285000.0,46.4528
2285625.0,51.5013
2286250.0,44.8687
2286875.0,47.0101
2287500.0,37.0275
2288125.0,37.7445
2288750.0,36.2055
2289375.0,37.5823
2290000.0,223.1005
2290625.0,207.2030
2291250.0,225.1075
2291875.0,212.6186
2292500.0,205.4882
2293125.0,226.5398
2293750.0,230.4887
2294375.0,230.9254
2295000.0,48.3329
2295625.0,42.4584
2296250.0,43.8016
2296875.0,51.6378
2297500.0,35.0627
2298125.0,38.1301
2298750.0,35.7292
2299375.0,37.1474
2300000.0,224.6543
2300625.0,238.5139
2301250.0,233.5866
2301875.0,226.7998
2302500.0,219.8180
2303125.0,235.1062
2303750.0,217.9325
2304375.0,236.9588
2305000.0,53.1722
2305625.0,50.1729
2306250.0,48.6881
2306875.0,46.7988
2307500.0,33.4133
2308125.0,34.5538
2308750.0,39.3732
2309375.0,35.5390
2310000.0,217.1334
2310625.0,223.1364
2311250.0,213.0520
2311875.0,211.1989
2312500.0,224.4322
2313125.0,214.9703
2313750.0,216.6635
2314375.0,216.2116
2315000.0,48.2275
2315625.0,46.4545
2316250.0,46.5804
2316875.0,48.4028
2317500.0,36.7372
2318125.0,36.4852
2318750.0,37.8703
2319375.0,38.2362
2320000.0,230.2939
2320625.0,232.9351
2321250.0,222.9312
2321875.0,222.0161
2322500.0,240.9221
2323125.0,237.1613
2323750.0,237.2815
2324375.0,235.2579
2325000.0,47.1086
2325625.0,48.6366
2326250.0,49.1975
2326875.0,49.1414
2327500.0,36.8136
2328125.0,39.5659
2328750.0,37.4227
2329375.0,38.1699
2330000.0,228.1735
2330625.0,227.7788
2331250.0,216.7228
2331875.0,232.8902
2332500.0,257.0096
2333125.0,220.7836
2333750.0,225.7987
2334375.0,219.9802
2335000.0,45.8532
2335625.0,50.6295
2336250.0,45.4185
2336875.0,45.8859
2337500.0,34.0631
2338125.0,35.5984
2338750.0,33.8395
2339375.0,38.1688
2340000.0,264.4765
2340625.0,227.7465
2341250.0,212.6656
2341875.0,242.4400
2342500.0,223.5677
2343125.0,247.0724
2343750.0,228.7285
2344375.0,224.6709
2345000.0,46.5818
2345625.0,48.7808
2346250.0,46.4656
2346875.0,45.8327
2347500.0,36.6322
2348125.0,34.6471
2348750.0,37.7345
2349375.0,33.6946
2350000.0,220.0036
2350625.0,233.5431
2351250.0,228.4093
2351875.0,231.6411
2352500.0,224.2682
2353125.0,238.1596
2353750.0,235.4029
2354375.0,230.0191
2355000.0,49.1797
2355625.0,48.7635
2356250.0,45.9673
2356875.0,43.8418
2357500.0,37.7777
2358125.0,38.0103
2358750.0,39.0174
2359375.0,35.2678
2360000.0,221.4854
2360625.0,237.3348
2361250.0,231.1745
2361875.0,210.1252
2362500.0,236.3513
2363125.0,210.5119
2363750.0,221.0350
2364375.0,247.6795
2365000.0,51.2885
2365625.0,44.1432
2366250.0,46.2259
2366875.0,47.1002
2367500.0,40.2953
2368125.0,36.0882
2368750.0,36.1178
2369375.0,39.8651
2370000.0,220.7836
2370625.0,233.1248
2371250.0,208.3821
2371875.0,223.0736
2372500.0,206.3295
2373125.0,213.1264
2373750.0,234.4410
2374375.0,224.4386
2375000.0,46.2501
2375625.0,45.2404
2376250.0,46.4815
2376875.0,47.7076
2377500.0,38.8184
2378125.0,32.1435
2378750.0,35.4612
2379375.0,37.2943
2380000.0,230.8532
2380625.0,236.6792
2381250.0,235.1035
2381875.0,228.4635
2382500.0,225.8885
2383125.0,229.1522
2383750.0,245.3254
2384375.0,223.5087
2385000.0,46.8524
2385625.0,47.4309
2386250.0,50.6668
2386875.0,46.2943
2387500.0,38.7738
2388125.0,39.2792
2388750.0,36.8821
2389375.0,36.6102
2390000.0,221.2981
2390625.0,222.1220
2391250.0,234.6102
2391875.0,227.5989
2392500.0,227.6470
2393125.0,212.3412
2393750.0,214.1157
2394375.0,249.1138
2395000.0,46.5821
2395625.0,45.1793
2396250.0,50.3631
2396875.0,47.6623
2397500.0,38.0696
2398125.0,36.7446
2398750.0,36.4105
2399375.0,36.6863
2400000.0,215.9602
2400625.0,230.9800
2401250.0,235.4340
2401875.0,253.4654
2402500.0,232.9976
2403125.0,204.9235
2403750.0,230.9098
2404375.0,263.7782
2405000.0,49.0360
2405625.0,45.0944
2406250.0,48.3891
2406875.0,45.2563
2407500.0,34.4955
2408125.0,36.3555
2408750.0,37.1693
2409375.0,33.5365
2410000.0,212.0720
2410625.0,225.1163
2411250.0,220.4081
2411875.0,229.4416
2412500.0,211.3350
2413125.0,233.0338
2413750.0,211.6827
2414375.0,243.4808
2415000.0,42.9680
2415625.0,44.4325
2416250.0,47.9808
2416875.0,50.9109
2417500.0,37.5828
2418125.0,38.0413
2418750.0,37.0324
2419375.0,35.1012
2420000.0,226.3144
2420625.0,217.9418
2421250.0,217.1670
2421875.0,236.6603
2422500.0,218.9711
2423125.0,235.7068
2423750.0,216.8989
2424375.0,235.4380
2425000.0,45.8516
2425625.0,50.3055
2426250.0,47.7607
2426875.0,49.9041
2427500.0,35.6021
2428125.0,37.1039
2428750.0,35.1850
2429375.0,36.2348
2430000.0,222.0513
2430625.0,216.8341
2431250.0,211.3256
2431875.0,209.0979
2432500.0,198.6778
2433125.0,213.1161
2433750.0,232.0593
2434375.0,207.0169
2435000.0,43.7849
2435625.0,51.2086
2436250.0,45.5042
2436875.0,47.7545
2437500.0,38.1883
2438125.0,38.2257
2438750.0,34.1837
2439375.0,36.5725
2440000.0,213.2286
2440625.0,260.3773
2441250.0,213.4994
2441875.0,219.8451
2442500.0,219.9290
2443125.0,214.6387
2443750.0,247.6901
2444375.0,260.1004
2445000.0,45.8820
2445625.0,43.8970
2446250.0,41.7432
2446875.0,46.4263
2447500.0,36.4147
2448125.0,35.7951
2448750.0,37.4095
2449375.0,37.7311
2450000.0,228.6347
2450625.0,221.4436
2451250.0,212.6068
2451875.0,232.4906
2452500.0,225.1408
2453125.0,234.9940
2453750.0,233.8883
2454375.0,209.0052
2455000.0,43.6296
2455625.0,45.2245
2456250.0,44.5178
2456875.0,48.7748
2457500.0,37.6499
2458125.0,39.0335
2458750.0,37.7335
2459375.0,37.3860
2460000.0,245.9169
2460625.0,237.4488
2461250.0,232.7900
2461875.0,249.1733
2462500.0,233.3361
2463125.0,228.4696
2463750.0,222.2813
2464375.0,240.1551
2465000.0,49.9071
2465625.0,46.8811
2466250.0,50.0736
2466875.0,42.3705
2467500.0,36.8974
2468125.0,36.9258
2468750.0,35.6551
2469375.0,41.4101
2470000.0,224.2553
2470625.0,220.4130
2471250.0,225.2921
2471875.0,202.4683
2472500.0,216.4515
2473125.0,236.0614
2473750.0,217.9244
2474375.0,215.6752
2475000.0,50.0774
2475625.0,50.1496
2476250.0,48.2149
2476875.0,45.9305
2477500.0,36.5570
2478125.0,35.5123
2478750.0,35.1597
2479375.0,35.0678
2480000.0,224.8306
2480625.0,219.9972
2481250.0,213.8610
2481875.0,234.5451
2482500.0,234.7213
2483125.0,251.7292
2483750.0,224.2473
2484375.0,235.4348
2485000.0,47.7349
2485625.0,46.4035
2486250.0,48.7492
2486875.0,48.8218
2487500.0,37.6057
2488125.0,36.5271
2488750.0,36.3386
2489375.0,34.4697
2490000.0,215.9334
2490625.0,218.0024
2491250.0,212.3553
2491875.0,229.9491
2492500.0,238.4621
2493125.0,214.7843
2493750.0,228.1887
2494375.0,213.3662
2495000.0,46.2834
2495625.0,45.3777
2496250.0,48.4145
2496875.0,45.4048
2497500.0,38.8716
2498125.0,36.5454
2498750.0,35.7982
2499375.0,34.6814
2500000.0,234.9372
2500625.0,242.3845
2501250.0,235.1705
2501875.0,257.9704
2502500.0,248.5855
2503125.0,228.4327
2503750.0,228.3109
2504375.0,237.4485
2505000.0,45.0307
2505625.0,49.7408
2506250.0,47.8498
2506875.0,47.6027
2507500.0,38.2709
2508125.0,40.1872
2508750.0,37.3163
2509375.0,36.7909
2510000.0,241.9731
2510625.0,235.8849
2511250.0,221.3890
2511875.0,225.0583
2512500.0,227.1980
2513125.0,229.0704
2513750.0,209.7383
2514375.0,207.6470
2515000.0,44.9146
2515625.0,44.7329
2516250.0,45.4870
2516875.0,48.4916
2517500.0,36.6875
2518125.0,37.3633
2518750.0,34.7350
2519375.0,36.1460
2520000.0,238.8122
2520625.0,238.9014
2521250.0,223.5949
2521875.0,233.8753
2522500.0,257.5066
2523125.0,231.7959
2523750.0,223.9590
2524375.0,229.9844
2525000.0,47.2166
2525625.0,46.6448
2526250.0,46.9263
2526875.0,43.6079
2527500.0,35.2191
2528125.0,36.7237
2528750.0,36.6943
2529375.0,35.9525
2530000.0,223.0086
2530625.0,225.6864
2531250.0,235.0059
2531875.0,223.8839
2532500.0,229.4899
2533125.0,218.9070
2533750.0,231.4361
2534375.0,229.2270
2535000.0,49.0347
2535625.0,48.6766
2536250.0,48.3835
2536875.0,46.7687
2537500.0,37.4531
2538125.0,38.9675
2538750.0,35.7937
2539375.0,35.8374
2540000.0,234.1046
2540625.0,236.8172
2541250.0,222.4404
2541875.0,231.1328
2542500.0,230.9096
2543125.0,206.3028
2543750.0,229.4527
2544375.0,230.1751
2545000.0,46.6233
2545625.0,50.3274
2546250.0,44.1429
2546875.0,45.0621
2547500.0,32.1674
2548125.0,36.1103
2548750.0,36.2681
2549375.0,36.0565
2550000.0,237.4614
2550625.0,234.6819
2551250.0,225.8759
2551875.0,220.8306
2552500.0,236.5446
2553125.0,224.7777
2553750.0,215.7945
2554375.0,205.6922
2555000.0,45.9629
2555625.0,48.7734
2556250.0,52.3499
2556875.0,47.1448
2557500.0,35.5841
2558125.0,34.8078
2558750.0,38.0211
2559375.0,33.7355
2560000.0,238.3840
2560625.0,241.4855
2561250.0,237.0608
2561875.0,229.4519
2562500.0,238.5533
2563125.0,233.9829
2563750.0,222.9738
2564375.0,253.4648
2565000.0,46.1736
2565625.0,48.8230
2566250.0,41.3163
2566875.0,49.9997
2567500.0,39.7172
2568125.0,37.0552
2568750.0,38.0337
2569375.0,38.0333
2570000.0,217.7687
2570625.0,231.1551
2571250.0,215.9029
2571875.0,218.1515
2572500.0,237.6781
2573125.0,235.9649
2573750.0,217.0533
2574375.0,216.7473
2575000.0,45.4828
2575625.0,48.7217
2576250.0,44.6500
2576875.0,47.8383
2577500.0,38.3817
2578125.0,36.8367
2578750.0,38.8686
2579375.0,36.4370
2580000.0,229.5193
2580625.0,220.6639
2581250.0,243.7993
2581875.0,223.1084
2582500.0,236.0574
2583125.0,231.1727
2583750.0,219.7877
2584375.0,224.9344
2585000.0,50.2497
2585625.0,47.4739
2586250.0,44.6285
2586875.0,47.7175
2587500.0,36.7297
2588125.0,43.3900
2588750.0,37.5275
2589375.0,36.2958
2590000.0,240.9753
2590625.0,204.2883
2591250.0,226.0611
2591875.0,247.4373
2592500.0,223.6928
2593125.0,205.5004
2593750.0,220.5459
2594375.0,241.3633
2595000.0,47.8838
2595625.0,45.0287
2596250.0,45.3897
2596875.0,45.6847
2597500.0,37.6682
2598125.0,39.4757
2598750.0,38.9470
2599375.0,37.8436
2600000.0,216.5529
2600625.0,216.5960
2601250.0,238.1857
2601875.0,216.3925
2602500.0,229.3834
2603125.0,235.5281
2603750.0,218.8039
2604375.0,220.1186
2605000.0,46.7788
2605625.0,48.1836
2606250.0,49.4946
2606875.0,48.4266
2607500.0,37.1363
2608125.0,35.6195
2608750.0,35.0188
2609375.0,36.0549
2610000.0,229.6118
2610625.0,228.7870
2611250.0,201.3761
2611875.0,216.1611
2612500.0,238.5507
2613125.0,225.8912
2613750.0,209.0586
2614375.0,251.5030
2615000.0,46.9320
2615625.0,47.9032
2616250.0,47.9389
2616875.0,46.1362
2617500.0,35.6540
2618125.0,40.9251
2618750.0,38.8559
2619375.0,38.5206
2620000.0,238.6850
2620625.0,220.3615
2621250.0,246.8194
2621875.0,222.2197
2622500.0,235.2861
2623125.0,212.9831
2623750.0,208.3260
2624375.0,235.6922
2625000.0,45.0986
2625625.0,42.3255
2626250.0,48.2704
2626875.0,51.9822
2627500.0,39.5707
2628125.0,36.5240
2628750.0,37.0164
2629375.0,38.6423
2630000.0,237.6239
2630625.0,221.1352
2631250.0,225.3845
2631875.0,228.3819
2632500.0,231.2311
2633125.0,223.5029
2633750.0,223.6490
2634375.0,240.5231
2635000.0,49.8424
2635625.0,48.1219
2636250.0,51.0399
2636875.0,46.0919
2637500.0,40.0025
2638125.0,38.0037
2638750.0,43.0514
2639375.0,34.7939
2640000.0,224.0036
2640625.0,236.8581
2641250.0,236.6079
2641875.0,254.6216
2642500.0,224.2469
2643125.0,242.4971
2643750.0,245.4846
2644375.0,240.1739
2645000.0,44.7417
2645625.0,50.3082
2646250.0,49.8889
2646875.0,48.4090
2647500.0,37.3780
2648125.0,37.4183
2648750.0,36.8543
2649375.0,38.1855
2650000.0,225.3503
2650625.0,215.4541
2651250.0,213.2033
2651875.0,216.5396
2652500.0,227.4990
2653125.0,224.6967
2653750.0,227.4226
2654375.0,230.6341
2655000.0,45.5258
2655625.0,50.4443
2656250.0,46.3709
2656875.0,45.9814
2657500.0,37.8924
2658125.0,33.6025
2658750.0,35.5375
2659375.0,38.8150
2660000.0,211.8459
2660625.0,244.9639
2661250.0,249.5292
2661875.0,227.7143
2662500.0,235.3850
2663125.0,244.9814
2663750.0,226.5852
2664375.0,242.0662
2665000.0,45.4228
2665625.0,45.8776
2666250.0,45.1216
2666875.0,47.8052
2667500.0,39.1422
2668125.0,36.6594
2668750.0,34.6482
2669375.0,34.9970
2670000.0,229.4392
2670625.0,245.7463
2671250.0,229.4294
2671875.0,220.6474
2672500.0,233.6196
2673125.0,222.3056
2673750.0,220.7443
2674375.0,214.2173
2675000.0,50.3099
2675625.0,41.0329
2676250.0,48.8750
2676875.0,45.9102
2677500.0,36.2409
2678125.0,40.1308
2678750.0,35.6789
2679375.0,35.7419
2680000.0,230.4874
2680625.0,236.8006
2681250.0,226.8745
2681875.0,213.7432
2682500.0,221.9579
2683125.0,246.8635
2683750.0,232.8674
2684375.0,237.2326
2685000.0,46.3857
2685625.0,45.4502
2686250.0,50.9423
2686875.0,46.5577
2687500.0,36.1798
2688125.0,39.0279
2688750.0,35.6636
2689375.0,35.8998
2690000.0,225.1153
2690625.0,225.0030
2691250.0,227.9206
2691875.0,248.5313
2692500.0,228.7828
2693125.0,198.2469
2693750.0,228.6709
2694375.0,225.4261
2695000.0,47.1021
2695625.0,47.5780
2696250.0,46.9326
2696875.0,46.8764
2697500.0,38.1341
2698125.0,35.9972
2698750.0,35.2468
2699375.0,42.5940
2700000.0,223.6961
2700625.0,233.1617
2701250.0,214.6503
2701875.0,233.3510
2702500.0,221.1746
2703125.0,226.8673
2703750.0,244.1228
2704375.0,237.4753
2705000.0,48.3358
2705625.0,42.8377
2706250.0,51.3167
2706875.0,44.1991
2707500.0,39.8278
2708125.0,38.8899
2708750.0,38.0681
2709375.0,35.4183
2710000.0,226.7054
2710625.0,219.7021
2711250.0,225.3267
2711875.0,222.1889
2712500.0,202.0656
2713125.0,237.6201
2713750.0,224.0875
2714375.0,219.5460
2715000.0,45.6832
2715625.0,47.8424
2716250.0,44.8997
2716875.0,41.7003
2717500.0,37.7532
2718125.0,37.9603
2718750.0,36.6307
2719375.0,34.8764
2720000.0,233.0317
2720625.0,215.0114
2721250.0,220.0841
2721875.0,223.2919
2722500.0,241.7897
2723125.0,227.7937
2723750.0,226.8047
2724375.0,254.6744
2725000.0,47.8283
2725625.0,47.7966
2726250.0,46.1312
2726875.0,45.5985
2727500.0,32.9551
2728125.0,38.7922
2728750.0,37.8294
2729375.0,36.6685
2730000.0,223.4562
2730625.0,233.2816
2731250.0,207.5095
2731875.0,218.3638
2732500.0,212.2166
2733125.0,244.9295
2733750.0,234.8511
2734375.0,200.2197
2735000.0,43.4427
2735625.0,46.6890
2736250.0,45.8898
2736875.0,43.8877
2737500.0,40.5978
2738125.0,37.5782
2738750.0,37.8784
2739375.0,35.7198
2740000.0,240.3784
2740625.0,227.5870
2741250.0,228.7132
2741875.0,239.0876
2742500.0,213.1036
2743125.0,250.5255
2743750.0,234.1157
2744375.0,246.8590
2745000.0,44.4728
2745625.0,44.8306
2746250.0,44.2695
2746875.0,47.5882
2747500.0,37.1221
2748125.0,36.1408
2748750.0,35.1240
2749375.0,34.6568
2750000.0,224.4546
2750625.0,219.7621
2751250.0,217.2869
2751875.0,242.4048
2752500.0,224.0738
2753125.0,239.2880
2753750.0,219.0009
2754375.0,227.7537
2755000.0,46.8696
2755625.0,43.0106
2756250.0,50.3566
2756875.0,46.6824
2757500.0,38.3809
2758125.0,35.6087
2758750.0,36.6950
2759375.0,35.3963
2760000.0,246.3376
2760625.0,235.6123
2761250.0,236.2578
2761875.0,247.7549
2762500.0,245.4136
2763125.0,240.8780
2763750.0,215.5080
2764375.0,223.9301
2765000.0,44.6409
2765625.0,48.7097
2766250.0,47.4010
2766875.0,43.7323
2767500.0,36.6508
2768125.0,34.2359
2768750.0,36.9017
2769375.0,33.9376
2770000.0,230.9493
2770625.0,229.2521
2771250.0,246.4644
2771875.0,234.5386
2772500.0,220.2422
2773125.0,234.2033
2773750.0,209.2763
2774375.0,214.1722
2775000.0,47.7829
2775625.0,41.9281
2776250.0,46.9127
2776875.0,44.6024
2777500.0,37.1874
2778125.0,35.0062
2778750.0,37.7849
2779375.0,37.0358
2780000.0,248.2442
2780625.0,232.0781
2781250.0,223.0837
2781875.0,229.1361
2782500.0,216.4069
2783125.0,236.7112
2783750.0,238.8423
2784375.0,260.6427
2785000.0,45.5387
2785625.0,46.3707
2786250.0,45.6470
2786875.0,47.4985
2787500.0,37.7061
2788125.0,36.9013
2788750.0,39.0097
2789375.0,35.8586
2790000.0,236.0945
2790625.0,231.0581
2791250.0,224.8647
2791875.0,221.4570
2792500.0,252.3000
2793125.0,215.8087
2793750.0,228.3517
2794375.0,216.5600
2795000.0,51.1962
2795625.0,49.0840
2796250.0,45.4059
2796875.0,48.2046
2797500.0,37.4767
2798125.0,36.0442
2798750.0,38.4026
2799375.0,37.7202
2800000.0,234.5021
2800625.0,231.5137
2801250.0,237.0002
2801875.0,234.6609
2802500.0,232.6855
2803125.0,224.5642
2803750.0,251.6477
2804375.0,219.8151
2805000.0,48.0049
2805625.0,46.2474
2806250.0,51.1349
2806875.0,44.8768
2807500.0,35.6398
2808125.0,35.2058
2808750.0,37.5984
2809375.0,34.4599
2810000.0,219.6166
2810625.0,200.7859
2811250.0,227.7047
2811875.0,219.3726
2812500.0,208.2594
2813125.0,237.2131
2813750.0,210.2887
2814375.0,233.9656
2815000.0,45.3526
2815625.0,50.7637
2816250.0,48.7614
2816875.0,44.6311
2817500.0,35.3034
2818125.0,38.1202
2818750.0,36.5146
2819375.0,36.6867
2820000.0,246.7580
2820625.0,223.3152
2821250.0,233.0590
2821875.0,243.0737
2822500.0,241.3858
2823125.0,230.1485
2823750.0,228.6487
2824375.0,211.8297
2825000.0,44.5178
2825625.0,47.7481
2826250.0,46.6760
2826875.0,47.1761
2827500.0,38.9226
2828125.0,34.8035
2828750.0,36.5631
2829375.0,37.3491
2830000.0,217.0782
2830625.0,241.1041
2831250.0,235.2216
2831875.0,228.2640
2832500.0,245.1851
2833125.0,208.1374
2833750.0,224.9131
2834375.0,229.1213
2835000.0,44.8508
2835625.0,47.7067
2836250.0,44.3995
2836875.0,48.6228
2837500.0,38.9570
2838125.0,37.5038
2838750.0,33.5723
2839375.0,35.2114
2840000.0,238.5506
2840625.0,232.2459
2841250.0,200.7496
2841875.0,246.4168
2842500.0,233.5852
2843125.0,222.4987
2843750.0,243.5415
2844375.0,224.1405
2845000.0,45.3821
2845625.0,47.8421
2846250.0,51.1854
2846875.0,50.8154
2847500.0,37.6655
2848125.0,37.8554
2848750.0,38.4643
2849375.0,34.6746
2850000.0,232.2467
2850625.0,216.7417
2851250.0,228.5829
2851875.0,222.4410
2852500.0,230.6386
2853125.0,226.3287
2853750.0,190.4284
2854375.0,227.0125
2855000.0,48.5091
2855625.0,48.0479
2856250.0,46.7589
2856875.0,50.8591
2857500.0,37.5760
2858125.0,37.8097
2858750.0,38.9323
2859375.0,37.6708
2860000.0,221.5830
2860625.0,203.7153
2861250.0,226.4654
2861875.0,240.8270
2862500.0,227.9041
2863125.0,241.2937
2863750.0,233.7252
2864375.0,246.9416
2865000.0,46.3062
2865625.0,48.0989
2866250.0,48.1888
2866875.0,50.5288
2867500.0,33.8427
2868125.0,36.1519
2868750.0,38.5698
2869375.0,39.8599
2870000.0,227.7008
2870625.0,221.7071
2871250.0,233.5176
2871875.0,234.7729
2872500.0,220.9538
2873125.0,228.7160
2873750.0,238.2809
2874375.0,246.2677
2875000.0,48.7451
2875625.0,47.1037
2876250.0,46.8729
2876875.0,48.3099
2877500.0,36.7860
2878125.0,37.3508
2878750.0,35.0429
2879375.0,39.3996
2880000.0,218.7739
2880625.0,226.9875
2881250.0,233.1321
2881875.0,255.0954
2882500.0,227.0969
2883125.0,224.2742
2883750.0,225.6105
2884375.0,251.2432
2885000.0,40.3910
2885625.0,44.6436
2886250.0,53.4185
2886875.0,48.3886
2887500.0,34.9539
2888125.0,36.9225
2888750.0,37.1248
2889375.0,38.5653
2890000.0,245.6944
2890625.0,229.3712
2891250.0,218.9274
2891875.0,233.8547
2892500.0,217.1447
2893125.0,213.3750
2893750.0,205.2010
2894375.0,207.3923
2895000.0,44.8934
2895625.0,44.2322
2896250.0,47.7361
2896875.0,44.1814
2897500.0,31.1842
2898125.0,35.0688
2898750.0,36.1271
2899375.0,35.8799
2900000.0,249.6265
2900625.0,224.8829
2901250.0,242.2187
2901875.0,231.7798
2902500.0,231.5093
2903125.0,222.3096
2903750.0,231.3181
2904375.0,223.1249
2905000.0,47.3996
2905625.0,46.4448
2906250.0,44.7801
2906875.0,49.3310
2907500.0,37.7897
2908125.0,36.1711
2908750.0,37.2692
2909375.0,36.8449
2910000.0,215.2396
2910625.0,225.7931
2911250.0,218.0136
2911875.0,214.3695
2912500.0,206.7439
2913125.0,220.9657
2913750.0,231.3784
2914375.0,217.1851
2915000.0,52.9237
2915625.0,49.0814
2916250.0,50.0652
2916875.0,48.8688
2917500.0,40.4278
2918125.0,35.5440
2918750.0,32.2626
2919375.0,36.1747
2920000.0,238.4753
2920625.0,233.7576
2921250.0,235.1955
2921875.0,247.3226
2922500.0,236.4319
2923125.0,241.2674
2923750.0,221.1011
2924375.0,219.2934
2925000.0,50.7932
2925625.0,47.2371
2926250.0,45.5354
2926875.0,45.5397
2927500.0,35.7991
2928125.0,35.6884
2928750.0,34.6262
2929375.0,34.2242
2930000.0,222.8062
2930625.0,218.3296
2931250.0,237.4555
2931875.0,228.2971
2932500.0,227.9848
2933125.0,216.6399
2933750.0,223.6384
2934375.0,229.0613
2935000.0,48.6831
2935625.0,46.7794
2936250.0,49.5359
2936875.0,47.0188
2937500.0,38.4668
2938125.0,36.0938
2938750.0,33.6467
2939375.0,37.4965
2940000.0,240.4138
2940625.0,238.6740
2941250.0,236.8974
2941875.0,227.9564
2942500.0,222.6417
2943125.0,238.4000
2943750.0,236.9468
2944375.0,225.4936
2945000.0,49.6071
2945625.0,44.9253
2946250.0,45.6287
2946875.0,50.8456
2947500.0,38.6069
2948125.0,36.3377
2948750.0,37.5317
2949375.0,37.2864
2950000.0,194.1118
2950625.0,214.8022
2951250.0,224.4280
2951875.0,220.9881
2952500.0,227.7799
2953125.0,237.7067
2953750.0,221.3827
2954375.0,213.1014
2955000.0,47.7634
2955625.0,46.2324
2956250.0,46.6333
2956875.0,46.3143
2957500.0,41.1474
2958125.0,32.8547
2958750.0,36.2816
2959375.0,36.9932
2960000.0,222.9387
2960625.0,242.4380
2961250.0,241.4338
2961875.0,231.4460
2962500.0,228.8602
2963125.0,230.7013
2963750.0,230.7845
2964375.0,231.0909
2965000.0,46.5582
2965625.0,47.5933
2966250.0,48.7700
2966875.0,44.1089
2967500.0,35.0563
2968125.0,33.7652
2968750.0,38.6028
2969375.0,37.4631
2970000.0,230.6843
2970625.0,208.9181
2971250.0,245.0807
2971875.0,218.1504
2972500.0,226.8923
2973125.0,234.6118
2973750.0,213.8965
2974375.0,218.8539
2975000.0,47.4211
2975625.0,53.7151
2976250.0,47.7076
2976875.0,50.7749
2977500.0,39.2305
2978125.0,37.6808
2978750.0,35.1700
2979375.0,38.9605
2980000.0,214.6219
2980625.0,250.5702
2981250.0,234.3201
2981875.0,201.2574
2982500.0,228.0501
2983125.0,239.5858
2983750.0,229.2505
2984375.0,240.2941
2985000.0,45.0024
2985625.0,43.9309
2986250.0,46.8321
2986875.0,47.0742
2987500.0,36.3555
2988125.0,39.2705
2988750.0,35.4271
2989375.0,37.5794
2990000.0,225.7647
2990625.0,207.4869
2991250.0,210.1609
2991875.0,225.1340
2992500.0,247.2885
2993125.0,231.5168
2993750.0,205.5866
2994375.0,190.0070
2995000.0,48.7227
2995625.0,46.7739
2996250.0,49.6820
2996875.0,44.9303
2997500.0,37.6479
2998125.0,38.5654
2998750.0,36.1722
2999375.0,36.2117
3000000.0,232.2930
3000625.0,238.2950
3001250.0,231.8337
3001875.0,243.2984
3002500.0,226.6416
3003125.0,216.5906
3003750.0,254.9329
3004375.0,224.9862
3005000.0,45.6642
3005625.0,46.8454
3006250.0,47.1579
3006875.0,46.0913
3007500.0,36.9677
3008125.0,36.9264
3008750.0,37.3234
3009375.0,32.6386
3010000.0,246.1599
3010625.0,223.3430
3011250.0,231.5320
3011875.0,209.4964
3012500.0,219.7012
3013125.0,217.4364
3013750.0,241.5344
3014375.0,218.4096
3015000.0,48.7815
3015625.0,45.4715
3016250.0,45.9363
3016875.0,46.4230
3017500.0,39.3751
3018125.0,33.5038
3018750.0,34.5660
3019375.0,33.3975
3020000.0,219.3850
3020625.0,222.5854
3021250.0,213.2720
3021875.0,223.4839
3022500.0,208.6293
3023125.0,220.1913
3023750.0,245.9249
3024375.0,236.6816
3025000.0,47.4405
3025625.0,44.6435
3026250.0,43.3902
3026875.0,44.3230
3027500.0,36.9201
3028125.0,38.6061
3028750.0,38.6694
3029375.0,38.1666
3030000.0,216.7025
3030625.0,225.2762
3031250.0,221.3849
3031875.0,222.7366
3032500.0,247.9177
3033125.0,205.1775
3033750.0,222.3599
3034375.0,238.6322
3035000.0,43.5552
3035625.0,45.4872
3036250.0,45.7568
3036875.0,46.4753
3037500.0,34.0475
3038125.0,38.1013
3038750.0,38.2326
3039375.0,37.9405
3040000.0,221.9037
3040625.0,233.0035
3041250.0,221.5665
3041875.0,228.1419
3042500.0,256.9802
3043125.0,233.1101
3043750.0,218.2247
3044375.0,234.0919
3045000.0,43.8233
3045625.0,44.1823
3046250.0,44.5534
3046875.0,45.9559
3047500.0,38.7334
3048125.0,38.0700
3048750.0,37.9675
3049375.0,34.9670
3050000.0,218.9102
3050625.0,228.0600
3051250.0,217.9314
3051875.0,221.8684
3052500.0,229.9653
3053125.0,221.0763
3053750.0,227.5432
3054375.0,242.9182
3055000.0,46.5961
3055625.0,49.7714
3056250.0,48.3145
3056875.0,43.5520
3057500.0,34.9610
3058125.0,35.4578
3058750.0,35.4186
3059375.0,36.8330
3060000.0,239.1299
3060625.0,246.5598
3061250.0,235.5748
3061875.0,226.8301
3062500.0,207.8460
3063125.0,232.8188
3063750.0,232.2989
3064375.0,234.1220
3065000.0,51.9497
3065625.0,49.9154
3066250.0,48.8449
3066875.0,44.7391
3067500.0,36.0510
3068125.0,36.8245
3068750.0,35.5655
3069375.0,37.9259
3070000.0,229.0152
3070625.0,212.7565
3071250.0,238.4642
3071875.0,226.1510
3072500.0,205.5479
3073125.0,224.4224
3073750.0,228.1636
3074375.0,235.9439
3075000.0,46.2069
3075625.0,48.9457
3076250.0,47.4398
3076875.0,43.9096
3077500.0,34.3819
3078125.0,39.0767
3078750.0,39.2126
3079375.0,37.5974
3080000.0,249.3502
3080625.0,244.2567
3081250.0,239.9301
3081875.0,221.4288
3082500.0,252.0846
3083125.0,238.2211
3083750.0,227.5243
3084375.0,224.2481
3085000.0,47.6034
3085625.0,43.0730
3086250.0,48.6442
3086875.0,44.7591
3087500.0,37.6856
3088125.0,36.0350
3088750.0,36.5108
3089375.0,35.5997
3090000.0,223.1862
3090625.0,246.2555
3091250.0,240.5819
3091875.0,228.9879
3092500.0,224.7154
3093125.0,234.4973
3093750.0,237.7122
3094375.0,215.6645
3095000.0,46.8180
3095625.0,42.7184
3096250.0,49.6393
3096875.0,51.8528
3097500.0,37.1482
3098125.0,33.0687
3098750.0,38.1264
3099375.0,35.3274
3100000.0,224.3051
3100625.0,239.2683
3101250.0,234.9528
3101875.0,226.3379
3102500.0,224.4646
3103125.0,233.4597
3103750.0,227.2502
3104375.0,219.1328
3105000.0,46.2185
3105625.0,47.7980
3106250.0,46.5815
3106875.0,43.6783
3107500.0,38.8298
3108125.0,31.9332
3108750.0,36.1742
3109375.0,35.8526
3110000.0,226.6670
3110625.0,231.3187
3111250.0,237.6761
3111875.0,216.9854
3112500.0,231.5991
3113125.0,227.2030
3113750.0,205.7452
3114375.0,246.3811
3115000.0,43.6189
3115625.0,47.9858
3116250.0,47.9164
3116875.0,47.6477
3117500.0,36.0850
3118125.0,38.5304
3118750.0,34.1133
3119375.0,36.8782
3120000.0,225.4591
3120625.0,224.1433
3121250.0,236.9735
3121875.0,244.4988
3122500.0,228.0182
3123125.0,241.0559
3123750.0,232.5770
3124375.0,221.6443
3125000.0,46.3938
3125625.0,46.2962
3126250.0,45.3628
3126875.0,48.0069
3127500.0,37.4341
3128125.0,34.0573
3128750.0,33.9447
3129375.0,37.7857
3130000.0,215.8280
3130625.0,228.3980
3131250.0,233.7855
3131875.0,210.7018
3132500.0,209.1202
3133125.0,243.8374
3133750.0,228.9552
3134375.0,220.2835
3135000.0,44.8052
3135625.0,45.8005
3136250.0,44.2022
3136875.0,49.0760
3137500.0,35.5630
3138125.0,39.0230
3138750.0,36.2588
3139375.0,35.0698
3140000.0,227.0549
3140625.0,201.5597
3141250.0,230.5991
3141875.0,230.0266
3142500.0,241.5670
3143125.0,210.1189
3143750.0,245.4776
3144375.0,241.5190
3145000.0,49.9423
3145625.0,46.8761
3146250.0,49.3827
3146875.0,43.5426
3147500.0,38.3191
3148125.0,35.5733
3148750.0,33.9449
3149375.0,34.9203
3150000.0,225.0622
3150625.0,215.7266
3151250.0,229.2308
3151875.0,204.6573
3152500.0,201.0702
3153125.0,240.4394
3153750.0,235.1678
3154375.0,213.1954
3155000.0,46.9930
3155625.0,49.3958
3156250.0,47.9851
3156875.0,47.3483
3157500.0,39.0260
3158125.0,35.6482
3158750.0,37.0577
3159375.0,36.9670
3160000.0,228.8360
3160625.0,227.4783
3161250.0,232.8453
3161875.0,232.3991
3162500.0,219.8382
3163125.0,241.3008
3163750.0,220.6739
3164375.0,229.4685
3165000.0,46.3061
3165625.0,47.8415
3166250.0,42.0201
3166875.0,49.0936
3167500.0,35.7476
3168125.0,39.2569
3168750.0,36.1154
3169375.0,36.9096
3170000.0,246.5301
3170625.0,221.8799
3171250.0,238.9371
3171875.0,225.4393
3172500.0,229.6735
3173125.0,225.7870
3173750.0,234.5383
3174375.0,217.2878
3175000.0,44.6875
3175625.0,45.4993
3176250.0,47.2343
3176875.0,46.4811
3177500.0,38.3140
3178125.0,39.4138
3178750.0,35.1947
3179375.0,35.6422
3180000.0,215.3396
3180625.0,255.5523
3181250.0,235.5342
3181875.0,237.5657
3182500.0,216.4536
3183125.0,231.9864
3183750.0,237.9073
3184375.0,229.0680
3185000.0,49.5279
3185625.0,52.4328
3186250.0,44.7744
3186875.0,44.5981
3187500.0,35.3762
3188125.0,39.9715
3188750.0,38.9284
3189375.0,36.7493
3190000.0,225.4113
3190625.0,215.8139
3191250.0,235.0128
3191875.0,220.7261
3192500.0,222.0741
3193125.0,231.8489
3193750.0,222.8851
3194375.0,222.3566
3195000.0,47.0249
3195625.0,48.8691
3196250.0,50.8693
3196875.0,48.3759
3197500.0,38.4861
3198125.0,36.6303
3198750.0,35.6906
3199375.0,38.2099
3200000.0,233.9864
3200625.0,215.4975
3201250.0,228.1944
3201875.0,231.0384
3202500.0,226.0787
3203125.0,249.1881
3203750.0,237.5661
3204375.0,247.9288
3205000.0,47.6190
3205625.0,47.1913
3206250.0,44.7990
3206875.0,47.0280
3207500.0,37.0241
3208125.0,34.4708
3208750.0,36.0019
3209375.0,36.4019
3210000.0,229.6516
3210625.0,230.1902
3211250.0,218.4602
3211875.0,230.2748
3212500.0,222.9516
3213125.0,192.7168
3213750.0,219.5471
3214375.0,237.1386
3215000.0,43.0478
3215625.0,47.2648
3216250.0,50.7254
3216875.0,45.2126
3217500.0,37.0040
3218125.0,34.5876
3218750.0,40.0104
3219375.0,36.8458
3220000.0,232.5409
3220625.0,247.7099
3221250.0,239.6731
3221875.0,221.8427
3222500.0,224.4916
3223125.0,237.7412
3223750.0,224.7602
3224375.0,207.4400
3225000.0,46.8749
3225625.0,43.5215
3226250.0,50.7983
3226875.0,47.4155
3227500.0,35.3254
3228125.0,35.7075
3228750.0,33.5046
3229375.0,34.9660
3230000.0,236.4336
3230625.0,250.1076
3231250.0,233.1720
3231875.0,223.9645
3232500.0,220.1405
3233125.0,214.2394
3233750.0,248.1724
3234375.0,222.8766
3235000.0,51.9717
3235625.0,50.2748
3236250.0,42.9091
3236875.0,45.4350
3237500.0,35.7623
3238125.0,36.8523
3238750.0,36.8884
3239375.0,42.5430
3240000.0,219.5042
3240625.0,234.6561
3241250.0,239.1515
3241875.0,231.9818
3242500.0,233.2781
3243125.0,219.8802
3243750.0,233.2352
3244375.0,237.9322
3245000.0,47.7699
3245625.0,48.3400
3246250.0,50.3196
3246875.0,49.2019
3247500.0,37.1319
3248125.0,34.8322
3248750.0,35.8900
3249375.0,36.5937
3250000.0,227.8389
3250625.0,219.6188
3251250.0,214.4730
3251875.0,211.6328
3252500.0,206.4243
3253125.0,222.3568
3253750.0,208.4663
3254375.0,213.7441
3255000.0,46.0743
3255625.0,43.8606
3256250.0,47.8924
3256875.0,48.7395
3257500.0,35.9836
3258125.0,36.1915
3258750.0,37.9942
3259375.0,35.6791
3260000.0,222.9203
3260625.0,245.8794
3261250.0,242.2566
3261875.0,238.9780
3262500.0,242.7375
3263125.0,209.0636
3263750.0,247.7045
3264375.0,236.5479
3265000.0,49.3753
3265625.0,47.9098
3266250.0,47.1150
3266875.0,46.3530
3267500.0,37.6792
3268125.0,36.4233
3268750.0,38.6056
3269375.0,34.0651
3270000.0,218.9073
3270625.0,248.0043
3271250.0,217.9566
3271875.0,222.3148
3272500.0,215.0710
3273125.0,228.7783
3273750.0,216.7170
3274375.0,222.9119
3275000.0,48.9948
3275625.0,45.3579
3276250.0,48.8532
3276875.0,48.9322
3277500.0,38.9517
3278125.0,37.2600
3278750.0,42.9963
3279375.0,38.9509
3280000.0,235.7686
3280625.0,221.8393
3281250.0,230.8741
3281875.0,248.5454
3282500.0,251.8306
3283125.0,249.1486
3283750.0,241.1082
3284375.0,217.4343
3285000.0,48.1448
3285625.0,44.0827
3286250.0,43.5044
3286875.0,47.5620
3287500.0,37.9679
3288125.0,38.6712
3288750.0,37.9197
3289375.0,37.9834
3290000.0,213.9227
3290625.0,223.8190
3291250.0,208.0449
3291875.0,202.4621
3292500.0,233.3322
3293125.0,216.5274
3293750.0,234.8156
3294375.0,237.4689
3295000.0,45.5446
3295625.0,48.3872
3296250.0,45.4463
3296875.0,42.6622
3297500.0,37.2281
3298125.0,36.1289
3298750.0,36.1858
3299375.0,40.6544
3300000.0,214.3001
3300625.0,236.4413
3301250.0,220.4602
3301875.0,242.5358
3302500.0,235.4618
3303125.0,236.4004
3303750.0,221.0393
3304375.0,223.1192
3305000.0,49.1790
3305625.0,51.1614
3306250.0,48.1287
3306875.0,44.8911
3307500.0,37.6270
3308125.0,41.4908
3308750.0,37.1895
3309375.0,39.7044
3310000.0,216.6713
3310625.0,224.5265
3311250.0,231.9701
3311875.0,229.4699
3312500.0,216.3781
3313125.0,215.8929
3313750.0,236.1182
3314375.0,238.4049
3315000.0,50.5535
3315625.0,51.2392
3316250.0,47.3164
3316875.0,46.2687
3317500.0,39.4993
3318125.0,38.3192
3318750.0,35.1825
3319375.0,35.0878
3320000.0,237.7064
3320625.0,229.9436
3321250.0,231.6934
3321875.0,244.4414
3322500.0,240.8048
3323125.0,247.4265
3323750.0,209.5942
3324375.0,234.9394
3325000.0,48.6325
3325625.0,43.4125
3326250.0,45.4610
3326875.0,45.0249
3327500.0,37.0401
3328125.0,40.0115
3328750.0,40.7418
3329375.0,35.4936
3330000.0,230.9238
3330625.0,231.2865
3331250.0,229.3608
3331875.0,229.4885
3332500.0,228.4171
3333125.0,243.9852
3333750.0,237.4027
3334375.0,213.0733
3335000.0,48.8699
3335625.0,49.0971
3336250.0,47.7402
3336875.0,49.6588
3337500.0,37.3479
3338125.0,37.3709
3338750.0,37.2243
3339375.0,33.2662
3340000.0,231.0674
3340625.0,224.2483
3341250.0,218.2372
3341875.0,248.6346
3342500.0,237.8488
3343125.0,231.6540
3343750.0,225.4483
3344375.0,235.4356
3345000.0,49.3299
3345625.0,45.0566
3346250.0,46.9887
3346875.0,49.0400
3347500.0,33.4184
3348125.0,36.8935
3348750.0,36.2058
3349375.0,36.7524
3350000.0,219.3567
3350625.0,226.5483
3351250.0,246.6408
3351875.0,221.3559
3352500.0,228.2817
3353125.0,247.4409
3353750.0,218.8123
3354375.0,245.4151
3355000.0,47.0125
3355625.0,51.1875
3356250.0,48.7630
3356875.0,47.7217
3357500.0,36.8786
3358125.0,35.8455
3358750.0,37.1402
3359375.0,38.6601
3360000.0,231.8479
3360625.0,228.3272
3361250.0,229.0909
3361875.0,243.5127
3362500.0,246.2119
3363125.0,224.2611
3363750.0,224.2444
3364375.0,236.4006
3365000.0,50.5897
3365625.0,49.6931
3366250.0,44.0581
3366875.0,46.3794
3367500.0,35.2784
3368125.0,36.5051
3368750.0,39.9682
3369375.0,34.3682
3370000.0,206.7878
3370625.0,215.6788
3371250.0,228.2322
3371875.0,231.9835
3372500.0,229.9213
3373125.0,238.2265
3373750.0,205.1653
3374375.0,238.3688
3375000.0,46.2666
3375625.0,48.7190
3376250.0,43.8900
3376875.0,47.0116
3377500.0,37.4371
3378125.0,39.1381
3378750.0,34.0673
3379375.0,37.0569
3380000.0,219.4113
3380625.0,237.8638
3381250.0,241.0157
3381875.0,246.9312
3382500.0,225.7937
3383125.0,242.7558
3383750.0,247.7865
3384375.0,212.9383
3385000.0,48.4390
3385625.0,49.2525
3386250.0,46.3920
3386875.0,44.1547
3387500.0,38.7445
3388125.0,34.7809
3388750.0,36.6700
3389375.0,36.9258
3390000.0,233.0498
3390625.0,217.9504
3391250.0,217.2984
3391875.0,226.1128
3392500.0,236.3219
3393125.0,250.7338
3393750.0,208.0408
3394375.0,228.5476
3395000.0,44.4466
3395625.0,49.3942
3396250.0,44.7944
3396875.0,45.4146
3397500.0,35.9098
3398125.0,36.8590
3398750.0,37.5979
3399375.0,37.8948
3400000.0,231.9331
3400625.0,216.5733
3401250.0,240.4423
3401875.0,231.3857
3402500.0,245.4761
3403125.0,223.7902
3403750.0,213.4136
3404375.0,231.6053
3405000.0,50.0455
3405625.0,47.3782
3406250.0,46.5308
3406875.0,44.9547
3407500.0,40.2519
3408125.0,35.0952
3408750.0,35.6580
3409375.0,38.0546
3410000.0,204.1198
3410625.0,239.3391
3411250.0,232.0222
3411875.0,235.1163
3412500.0,231.2788
3413125.0,223.1874
3413750.0,213.0396
3414375.0,223.4242
3415000.0,44.7082
3415625.0,48.1425
3416250.0,48.8959
3416875.0,50.4705
3417500.0,37.6878
3418125.0,38.7105
3418750.0,36.4503
3419375.0,36.1152
3420000.0,237.4946
3420625.0,227.5169
3421250.0,235.1226
3421875.0,219.6902
3422500.0,221.7731
3423125.0,239.3707
3423750.0,242.2856
3424375.0,220.5664
3425000.0,48.5759
3425625.0,45.7481
3426250.0,47.0388
3426875.0,50.3298
3427500.0,38.4939
3428125.0,38.4724
3428750.0,40.5313
3429375.0,35.6978
3430000.0,213.9089
3430625.0,216.8761
3431250.0,222.1369
3431875.0,198.5113
3432500.0,222.6664
3433125.0,218.8736
3433750.0,233.8173
3434375.0,228.9647
3435000.0,45.5884
3435625.0,48.3864
3436250.0,48.6997
3436875.0,45.1939
3437500.0,36.0879
3438125.0,32.8831
3438750.0,34.9823
3439375.0,35.6264
3440000.0,232.8603
3440625.0,221.0336
3441250.0,226.0440
3441875.0,217.7862
3442500.0,233.9849
3443125.0,236.9383
3443750.0,236.6674
3444375.0,232.1434
3445000.0,43.3785
3445625.0,45.5431
3446250.0,46.0428
3446875.0,46.0523
3447500.0,37.1387
3448125.0,39.6373
3448750.0,38.5024
3449375.0,35.1731
3450000.0,232.6320
3450625.0,232.2034
3451250.0,215.9317
3451875.0,234.5497
3452500.0,223.1958
3453125.0,209.1380
3453750.0,230.1210
3454375.0,227.4408
3455000.0,46.4650
3455625.0,46.9120
3456250.0,45.3101
3456875.0,48.4338
3457500.0,36.9196
3458125.0,37.3079
3458750.0,37.6607
3459375.0,34.8640
3460000.0,221.6263
3460625.0,206.3646
3461250.0,238.5510
3461875.0,217.9384
3462500.0,233.5378
3463125.0,236.3035
3463750.0,238.9873
3464375.0,218.0334
3465000.0,46.8469
3465625.0,50.9252
3466250.0,51.0286
3466875.0,49.3202
3467500.0,37.6244
3468125.0,35.1406
3468750.0,38.3295
3469375.0,36.7077
3470000.0,231.3059
3470625.0,217.8805
3471250.0,223.0545
3471875.0,226.8467
3472500.0,227.7706
3473125.0,230.5544
3473750.0,218.4841
3474375.0,209.8880
3475000.0,50.8182
3475625.0,52.8497
3476250.0,48.0514
3476875.0,43.8886
3477500.0,35.5696
3478125.0,37.9419
3478750.0,39.4811
3479375.0,34.7562
3480000.0,230.5577
3480625.0,234.2728
3481250.0,242.0291
3481875.0,228.0142
3482500.0,213.8597
3483125.0,239.2059
3483750.0,245.0476
3484375.0,231.0419
3485000.0,47.9523
3485625.0,45.8849
3486250.0,45.0124
3486875.0,49.4121
3487500.0,37.7169
3488125.0,37.9072
3488750.0,39.7789
3489375.0,35.0485
3490000.0,218.7897
3490625.0,226.7768
3491250.0,218.6515
3491875.0,233.8103
3492500.0,222.8918
3493125.0,213.8340
3493750.0,225.7399
3494375.0,226.9163
3495000.0,49.1965
3495625.0,47.9239
3496250.0,48.0837
3496875.0,47.7527
3497500.0,36.6518
3498125.0,35.6750
3498750.0,37.5344
3499375.0,36.3837
3500000.0,251.6019
3500625.0,247.5693
3501250.0,239.3409
3501875.0,236.3902
3502500.0,230.9797
3503125.0,217.3710
3503750.0,229.4924
3504375.0,233.1762
3505000.0,47.5392
3505625.0,48.1034
3506250.0,49.1651
3506875.0,45.3734
3507500.0,35.7363
3508125.0,39.6841
3508750.0,38.4263
3509375.0,36.2771
3510000.0,223.7939
3510625.0,223.8445
3511250.0,225.3552
3511875.0,230.3177
3512500.0,253.5187
3513125.0,227.1348
3513750.0,232.4542
3514375.0,206.0271
3515000.0,45.8605
3515625.0,49.8877
3516250.0,47.9454
3516875.0,36.6856
3517500.0,38.2469
3518125.0,40.5486
3518750.0,33.3076
3519375.0,39.8109
3520000.0,199.8453
3520625.0,242.8808
3521250.0,231.8997
3521875.0,204.7403
3522500.0,237.1752
3523125.0,245.3497
3523750.0,236.2211
3524375.0,238.7840
3525000.0,46.0326
3525625.0,42.6257
3526250.0,48.6259
3526875.0,51.1119
3527500.0,39.0897
3528125.0,33.3224
3528750.0,34.1974
3529375.0,35.4350
3530000.0,207.0790
3530625.0,225.4971
3531250.0,229.4259
3531875.0,208.9097
3532500.0,233.7427
3533125.0,231.7624
3533750.0,218.8332
3534375.0,223.0591
3535000.0,42.4180
3535625.0,46.2192
3536250.0,47.0174
3536875.0,47.3966
3537500.0,37.7009
3538125.0,37.4518
3538750.0,36.5110
3539375.0,37.5295
3540000.0,243.6236
3540625.0,230.8922
3541250.0,235.6841
3541875.0,229.8404
3542500.0,224.4976
3543125.0,238.0654
3543750.0,225.5594
3544375.0,236.4793
3545000.0,47.0664
3545625.0,46.2858
3546250.0,46.2289
3546875.0,45.8059
3547500.0,33.9553
3548125.0,37.7084
3548750.0,37.4284
3549375.0,38.5719
3550000.0,219.0211
3550625.0,246.3231
3551250.0,220.7280
3551875.0,215.1550
3552500.0,213.8210
3553125.0,205.4934
3553750.0,242.2421
3554375.0,240.4245
3555000.0,48.4118
3555625.0,44.8942
3556250.0,51.2565
3556875.0,46.1735
3557500.0,36.5023
3558125.0,39.6589
3558750.0,38.2190
3559375.0,41.0720
3560000.0,234.8852
3560625.0,227.3944
3561250.0,224.9031
3561875.0,210.5748
3562500.0,228.7683
3563125.0,245.2773
3563750.0,238.9465
3564375.0,232.2356
3565000.0,44.6619
3565625.0,47.5332
3566250.0,49.3801
3566875.0,48.0122
3567500.0,37.3085
3568125.0,35.5256
3568750.0,38.6043
3569375.0,31.2060
3570000.0,229.3070
3570625.0,253.9161
3571250.0,208.0308
3571875.0,222.2846
3572500.0,224.9110
3573125.0,219.7959
3573750.0,236.6592
3574375.0,230.3151
3575000.0,47.3579
3575625.0,48.8736
3576250.0,47.0394
3576875.0,54.4727
3577500.0,37.2800
3578125.0,37.3613
3578750.0,33.8356
3579375.0,35.9946
3580000.0,245.3096
3580625.0,216.5087
3581250.0,206.9723
3581875.0,232.3749
3582500.0,247.9006
3583125.0,232.4916
3583750.0,228.1010
3584375.0,210.4415
3585000.0,48.0628
3585625.0,48.5540
3586250.0,42.8129
3586875.0,49.6662
3587500.0,38.4165
3588125.0,39.0948
3588750.0,38.0795
3589375.0,38.2093
3590000.0,230.8581
3590625.0,234.7703
3591250.0,204.5390
3591875.0,208.1131
3592500.0,216.7199
3593125.0,223.5395
3593750.0,229.3665
3594375.0,228.6527
3595000.0,49.6252
3595625.0,49.6990
3596250.0,44.9499
3596875.0,47.5607
3597500.0,35.4315
3598125.0,36.6517
3598750.0,37.5953
3599375.0,30.6939
3600000.0,259.9704
3600625.0,238.5703
3601250.0,225.0898
3601875.0,254.3575
3602500.0,227.9698
3603125.0,233.5372
3603750.0,226.3495
3604375.0,251.1631
3605000.0,46.7533
3605625.0,47.3513
3606250.0,49.8289
3606875.0,48.3751
3607500.0,36.8995
3608125.0,39.0542
3608750.0,41.6962
3609375.0,37.5872
3610000.0,226.3136
3610625.0,226.9196
3611250.0,239.7423
3611875.0,218.2590
3612500.0,221.8689
3613125.0,207.7038
3613750.0,211.6815
3614375.0,219.1747
3615000.0,46.8685
3615625.0,51.1573
3616250.0,48.2596
3616875.0,44.8566
3617500.0,35.6532
3618125.0,39.5433
3618750.0,39.0842
3619375.0,37.0521
3620000.0,226.8667
3620625.0,245.0492
3621250.0,220.4774
3621875.0,236.5476
3622500.0,258.3628
3623125.0,234.3821
3623750.0,223.0029
3624375.0,236.7603
3625000.0,45.8955
3625625.0,43.7238
3626250.0,48.6474
3626875.0,49.6269
3627500.0,36.4248
3628125.0,36.3021
3628750.0,35.2211
3629375.0,36.7226
3630000.0,218.6734
3630625.0,213.6259
3631250.0,246.2869
3631875.0,230.2480
3632500.0,231.4394
3633125.0,234.9382
3633750.0,233.6742
3634375.0,220.3525
3635000.0,47.6405
3635625.0,46.3678
3636250.0,48.0304
3636875.0,47.8030
3637500.0,36.2921
3638125.0,34.5408
3638750.0,37.2705
3639375.0,36.6221
3640000.0,210.0717
3640625.0,237.8889
3641250.0,243.1980
3641875.0,261.3289
3642500.0,227.4621
3643125.0,225.7509
3643750.0,219.1307
3644375.0,234.4202
3645000.0,47.4754
3645625.0,45.0935
3646250.0,46.5889
3646875.0,42.3501
3647500.0,38.7138
3648125.0,35.5742
3648750.0,36.9359
3649375.0,34.3606
3650000.0,218.4485
3650625.0,221.8546
3651250.0,224.8730
3651875.0,230.3970
3652500.0,241.1896
3653125.0,233.2430
3653750.0,235.8244
3654375.0,241.2687
3655000.0,48.3388
3655625.0,46.9137
3656250.0,49.3714
3656875.0,49.5216
3657500.0,38.1998
3658125.0,34.3089
3658750.0,35.4433
3659375.0,36.4915
3660000.0,241.0436
3660625.0,231.7524
3661250.0,245.1877
3661875.0,247.2567
3662500.0,245.9104
3663125.0,245.9843
3663750.0,219.9709
3664375.0,237.5986
3665000.0,45.5723
3665625.0,43.1247
3666250.0,46.3244
3666875.0,50.1131
3667500.0,37.8524
3668125.0,40.7329
3668750.0,37.3279
3669375.0,41.5284
3670000.0,226.9971
3670625.0,225.2529
3671250.0,210.6069
3671875.0,237.4938
3672500.0,219.3511
3673125.0,217.7207
3673750.0,239.4138
3674375.0,238.0300
3675000.0,49.6603
3675625.0,46.1489
3676250.0,46.8802
3676875.0,46.8593
3677500.0,38.4477
3678125.0,39.8741
3678750.0,37.6811
3679375.0,40.6535
3680000.0,242.4075
3680625.0,229.2763
3681250.0,241.6131
3681875.0,251.7889
3682500.0,255.1802
3683125.0,245.7679
3683750.0,232.2978
3684375.0,229.4864
3685000.0,48.3538
3685625.0,50.9338
3686250.0,48.0194
3686875.0,48.0681
3687500.0,37.0951
3688125.0,36.3934
3688750.0,36.7001
3689375.0,37.2505
3690000.0,244.3286
3690625.0,222.3032
3691250.0,225.5919
3691875.0,215.2645
3692500.0,233.0621
3693125.0,240.3751
3693750.0,243.2756
3694375.0,227.2879
3695000.0,48.3497
3695625.0,46.6392
3696250.0,48.2408
3696875.0,47.7378
3697500.0,37.1078
3698125.0,37.2548
3698750.0,37.8361
3699375.0,36.4558
3700000.0,229.1870
3700625.0,251.8054
3701250.0,263.4423
3701875.0,218.0293
3702500.0,217.3901
3703125.0,220.8970
3703750.0,230.8019
3704375.0,242.3911
3705000.0,48.3894
3705625.0,47.4043
3706250.0,48.2430
3706875.0,45.3736
3707500.0,36.5484
3708125.0,36.9628
3708750.0,34.0692
3709375.0,34.8516
3710000.0,212.3824
3710625.0,233.5962
3711250.0,227.7602
3711875.0,231.8744
3712500.0,204.3039
3713125.0,208.3099
3713750.0,232.4612
3714375.0,193.7400
3715000.0,49.8779
3715625.0,42.7152
3716250.0,48.9819
3716875.0,44.9118
3717500.0,38.9405
3718125.0,42.9351
3718750.0,32.7946
3719375.0,38.2864
3720000.0,211.0253
3720625.0,236.9505
3721250.0,229.6014
3721875.0,233.5055
3722500.0,221.4244
3723125.0,241.0543
3723750.0,215.1990
3724375.0,246.4030
3725000.0,46.0383
3725625.0,43.7037
3726250.0,50.7481
3726875.0,46.8417
3727500.0,40.5291
3728125.0,39.2595
3728750.0,35.5234
3729375.0,36.8428
3730000.0,226.3617
3730625.0,242.1709
3731250.0,229.9221
3731875.0,226.9833
3732500.0,222.7514
3733125.0,224.4312
3733750.0,239.6767
3734375.0,225.0417
3735000.0,46.0718
3735625.0,45.6734
3736250.0,45.6987
3736875.0,43.7051
3737500.0,35.6118
3738125.0,39.7721
3738750.0,36.6178
3739375.0,38.3032
3740000.0,203.2464
3740625.0,238.5924
3741250.0,230.1283
3741875.0,226.4153
3742500.0,234.0991
3743125.0,226.2484
3743750.0,207.3631
3744375.0,242.6981
3745000.0,47.5711
3745625.0,46.2622
3746250.0,44.7295
3746875.0,43.5458
3747500.0,37.4142
3748125.0,39.9849
3748750.0,37.3759
3749375.0,34.4419
3750000.0,227.5326
3750625.0,224.3999
3751250.0,234.7205
3751875.0,231.8257
3752500.0,191.4095
3753125.0,231.1340
3753750.0,213.7109
3754375.0,209.0056
3755000.0,46.5571
3755625.0,47.9658
3756250.0,43.1443
3756875.0,48.6558
3757500.0,38.4122
3758125.0,37.0869
3758750.0,35.3949
3759375.0,35.1882
3760000.0,243.9008
3760625.0,214.4698
3761250.0,244.3479
3761875.0,230.0837
3762500.0,230.8883
3763125.0,212.1862
3763750.0,230.2981
3764375.0,239.1176
3765000.0,43.8594
3765625.0,48.1718
3766250.0,47.2092
3766875.0,45.4872
3767500.0,38.5811
3768125.0,32.9258
3768750.0,37.6414
3769375.0,39.9960
3770000.0,241.1994
3770625.0,229.3853
3771250.0,221.6061
3771875.0,217.8472
3772500.0,221.5921
3773125.0,231.1178
3773750.0,215.9185
3774375.0,233.5210
3775000.0,52.0129
3775625.0,46.8546
3776250.0,43.8407
3776875.0,43.8398
3777500.0,38.4366
3778125.0,36.8895
3778750.0,38.6221
3779375.0,36.0128
3780000.0,241.6352
3780625.0,230.1637
3781250.0,223.5030
3781875.0,227.3484
3782500.0,218.1142
3783125.0,255.0766
3783750.0,230.8820
3784375.0,239.4764
3785000.0,45.7384
3785625.0,44.5280
3786250.0,46.4504
3786875.0,49.5878
3787500.0,36.0366
3788125.0,35.3895
3788750.0,37.2876
3789375.0,37.9232
3790000.0,243.4820
3790625.0,228.9797
3791250.0,232.2449
3791875.0,233.0918
3792500.0,212.0286
3793125.0,214.1625
3793750.0,212.8062
3794375.0,210.0134
3795000.0,48.8693
3795625.0,47.6816
3796250.0,47.1868
3796875.0,40.9071
3797500.0,40.8026
3798125.0,35.3456
3798750.0,40.7959
3799375.0,34.3189
3800000.0,222.5761
3800625.0,206.4469
3801250.0,236.2006
3801875.0,219.2254
3802500.0,219.5532
3803125.0,216.0788
3803750.0,241.0173
3804375.0,240.2530
3805000.0,51.2583
3805625.0,45.3886
3806250.0,47.5142
3806875.0,43.9701
3807500.0,36.3802
3808125.0,36.0401
3808750.0,37.8592
3809375.0,38.8815
3810000.0,236.1495
3810625.0,215.5184
3811250.0,236.2328
3811875.0,224.5040
3812500.0,221.3483
3813125.0,217.0292
3813750.0,218.7007
3814375.0,244.6010
3815000.0,47.7224
3815625.0,47.4103
3816250.0,46.3837
3816875.0,52.7480
3817500.0,39.4143
3818125.0,35.6660
3818750.0,36.4938
3819375.0,36.6036
3820000.0,233.6921
3820625.0,223.8658
3821250.0,237.0903
3821875.0,248.8442
3822500.0,216.7619
3823125.0,218.9135
3823750.0,226.3954
3824375.0,226.9332
3825000.0,51.6964
3825625.0,49.3540
3826250.0,49.2192
3826875.0,46.3787
3827500.0,36.4703
3828125.0,34.3143
3828750.0,38.4462
3829375.0,37.9085
3830000.0,239.4675
3830625.0,222.6282
3831250.0,223.4050
3831875.0,226.9130
3832500.0,235.0338
3833125.0,208.4601
3833750.0,233.2806
3834375.0,224.7694
3835000.0,44.5122
3835625.0,42.1012
3836250.0,46.6793
3836875.0,50.4021
3837500.0,40.0982
3838125.0,37.6574
3838750.0,40.6297
3839375.0,36.9206
3840000.0,243.0583
3840625.0,226.7657
3841250.0,226.0307
3841875.0,224.1409
3842500.0,208.0979
3843125.0,246.9303
3843750.0,224.5571
3844375.0,222.7033
3845000.0,44.2271
3845625.0,46.5198
3846250.0,51.1442
3846875.0,51.9204
3847500.0,33.9274
3848125.0,36.3443
3848750.0,35.0864
3849375.0,38.8284
3850000.0,228.2242
3850625.0,217.8386
3851250.0,225.8164
3851875.0,219.6290
3852500.0,243.1603
3853125.0,231.1533
3853750.0,232.5355
3854375.0,194.9972
3855000.0,46.8430
3855625.0,51.8955
3856250.0,50.1164
3856875.0,42.6593
3857500.0,36.4202
3858125.0,34.7772
3858750.0,40.1655
3859375.0,37.4519
3860000.0,223.0936
3860625.0,232.3962
3861250.0,201.7546
3861875.0,219.4144
3862500.0,232.4227
3863125.0,241.8098
3863750.0,209.4808
3864375.0,227.5786
3865000.0,49.3728
3865625.0,43.5891
3866250.0,47.5386
3866875.0,47.1550
3867500.0,40.1716
3868125.0,36.5742
3868750.0,36.6825
3869375.0,38.5817
3870000.0,210.0786
3870625.0,222.5151
3871250.0,219.8731
3871875.0,223.4372
3872500.0,234.5446
3873125.0,231.2343
3873750.0,216.5773
3874375.0,226.5379
3875000.0,50.5025
3875625.0,45.0463
3876250.0,47.3411
3876875.0,46.5461
3877500.0,36.8834
3878125.0,33.9833
3878750.0,39.6099
3879375.0,35.5674
3880000.0,243.9024
3880625.0,224.7920
3881250.0,224.7441
3881875.0,246.0722
3882500.0,243.5291
3883125.0,234.4205
3883750.0,240.8293
3884375.0,228.6528
3885000.0,46.9803
3885625.0,45.4452
3886250.0,49.1246
3886875.0,45.3705
3887500.0,39.7475
3888125.0,36.4157
3888750.0,37.0379
3889375.0,38.4036
3890000.0,225.2685
3890625.0,221.6485
3891250.0,224.6622
3891875.0,235.0555
3892500.0,217.5429
3893125.0,223.5798
3893750.0,225.1157
3894375.0,234.7266
3895000.0,46.7654
3895625.0,51.2495
3896250.0,46.6321
3896875.0,46.4414
3897500.0,36.6836
3898125.0,34.5642
3898750.0,35.0821
3899375.0,36.0183
3900000.0,245.1756
3900625.0,231.6157
3901250.0,226.3781
3901875.0,246.2278
3902500.0,249.9937
3903125.0,246.5624
3903750.0,222.1042
3904375.0,226.2551
3905000.0,51.2623
3905625.0,47.5667
3906250.0,46.3711
3906875.0,48.6881
3907500.0,38.8635
3908125.0,35.9428
3908750.0,37.4060
3909375.0,38.7141
3910000.0,211.9468
3910625.0,225.1389
3911250.0,212.4631
3911875.0,213.9347
3912500.0,218.6651
3913125.0,230.3676
3913750.0,221.3772
3914375.0,217.7053
3915000.0,47.1212
3915625.0,44.3046
3916250.0,48.0077
3916875.0,49.6588
3917500.0,36.8535
3918125.0,36.6251
3918750.0,37.6909
3919375.0,33.2473
3920000.0,238.2271
3920625.0,267.9819
3921250.0,230.5770
3921875.0,230.6181
3922500.0,240.6258
3923125.0,251.0859
3923750.0,243.3096
3924375.0,206.9950
3925000.0,48.3240
3925625.0,53.0440
3926250.0,48.4627
3926875.0,44.2867
3927500.0,37.5214
3928125.0,34.6307
3928750.0,39.2807
3929375.0,35.2316
3930000.0,225.8352
3930625.0,215.3500
3931250.0,218.8525
3931875.0,241.7192
3932500.0,226.1639
3933125.0,218.7090
3933750.0,212.1162
3934375.0,203.9434
3935000.0,44.0595
3935625.0,47.2631
3936250.0,49.3035
3936875.0,45.6832
3937500.0,39.9055
3938125.0,35.6726
3938750.0,36.5597
3939375.0,35.0028
3940000.0,243.4928
3940625.0,256.3311
3941250.0,211.5629
3941875.0,227.9845
3942500.0,246.6714
3943125.0,215.2154
3943750.0,238.5735
3944375.0,246.1691
3945000.0,47.1838
3945625.0,48.2931
3946250.0,51.1381
3946875.0,51.5788
3947500.0,36.8854
3948125.0,36.0151
3948750.0,35.2980
3949375.0,38.8074
3950000.0,209.5675
3950625.0,222.1585
3951250.0,226.1553
3951875.0,219.3412
3952500.0,228.1480
3953125.0,253.8508
3953750.0,223.6320
3954375.0,220.1017
3955000.0,49.3860
3955625.0,47.5630
3956250.0,50.3824
3956875.0,47.3870
3957500.0,36.5404
3958125.0,33.7001
3958750.0,34.0035
3959375.0,33.6040
3960000.0,236.4003
3960625.0,216.1979
3961250.0,246.5647
3961875.0,232.3509
3962500.0,229.1674
3963125.0,222.2113
3963750.0,239.2182
3964375.0,222.6678
3965000.0,44.6844
3965625.0,49.7926
3966250.0,47.8334
3966875.0,46.4479
3967500.0,38.1867
3968125.0,37.0165
3968750.0,37.7086
3969375.0,35.4888
3970000.0,248.2920
3970625.0,218.4793
3971250.0,242.5052
3971875.0,222.8752
3972500.0,234.0798
3973125.0,233.2600
3973750.0,237.9021
3974375.0,215.5430
3975000.0,49.5277
3975625.0,51.3391
3976250.0,46.3921
3976875.0,47.0816
3977500.0,36.0316
3978125.0,36.3591
3978750.0,40.1661
3979375.0,35.1422
3980000.0,221.0714
3980625.0,250.6865
3981250.0,239.2448
3981875.0,256.5963
3982500.0,226.7749
3983125.0,233.4649
3983750.0,224.3361
3984375.0,233.6623
3985000.0,42.8309
3985625.0,48.6096
3986250.0,47.7602
3986875.0,46.8647
3987500.0,36.2778
3988125.0,35.3447
3988750.0,38.3463
3989375.0,34.8335
3990000.0,230.7588
3990625.0,248.3376
3991250.0,241.7121
3991875.0,208.0673
3992500.0,218.9617
3993125.0,229.7413
3993750.0,224.2093
3994375.0,209.2567
3995000.0,47.9055
3995625.0,46.9765
3996250.0,51.4987
3996875.0,46.4049
3997500.0,39.1608
3998125.0,34.6559
3998750.0,35.0982
3999375.0,38.3351
4000000.0,244.5713
4000625.0,220.8942
4001250.0,232.2793
4001875.0,215.9737
4002500.0,229.8979
4003125.0,241.7083
4003750.0,226.9545
4004375.0,229.1112
4005000.0,44.3450
4005625.0,45.4764
4006250.0,51.1316
4006875.0,47.1714
4007500.0,35.1457
4008125.0,36.4177
4008750.0,34.0448
4009375.0,35.1238
4010000.0,240.3038
4010625.0,223.3971
4011250.0,246.2707
4011875.0,223.9273
4012500.0,224.5952
4013125.0,232.2101
4013750.0,194.9334
4014375.0,227.3056
4015000.0,46.8849
4015625.0,50.4922
4016250.0,49.2670
4016875.0,44.3358
4017500.0,39.2980
4018125.0,36.5147
4018750.0,35.3268
4019375.0,37.3646
4020000.0,229.6479
4020625.0,249.8462
4021250.0,235.9512
4021875.0,234.3856
4022500.0,242.4475
4023125.0,244.6773
4023750.0,241.0898
4024375.0,248.4658
4025000.0,48.4304
4025625.0,47.3940
4026250.0,49.9121
4026875.0,46.7864
4027500.0,37.0615
4028125.0,40.1849
4028750.0,40.0006
4029375.0,36.9849
4030000.0,219.8975
4030625.0,241.4607
4031250.0,234.0047
4031875.0,228.5503
4032500.0,221.3789
4033125.0,228.7316
4033750.0,224.7558
4034375.0,217.5262
4035000.0,47.3032
4035625.0,47.6237
4036250.0,46.1178
4036875.0,49.1240
4037500.0,39.3843
4038125.0,38.7943
4038750.0,36.4889
4039375.0,38.3983
4040000.0,232.9044
4040625.0,217.6653
4041250.0,239.8037
4041875.0,233.6951
4042500.0,262.0852
4043125.0,248.9043
4043750.0,240.2493
4044375.0,234.8904
4045000.0,47.3847
4045625.0,44.6413
4046250.0,42.9134
4046875.0,44.9495
4047500.0,36.9117
4048125.0,33.1048
4048750.0,35.9930
4049375.0,36.5419
4050000.0,222.5765
4050625.0,217.5556
4051250.0,221.1580
4051875.0,244.3938
4052500.0,232.4491
4053125.0,218.6966
4053750.0,224.2311
4054375.0,224.6815
4055000.0,45.1953
4055625.0,45.1925
4056250.0,49.3747
4056875.0,46.0135
4057500.0,34.9748
4058125.0,36.9202
4058750.0,37.2183
4059375.0,33.3505
4060000.0,231.5273
4060625.0,242.0686
4061250.0,237.2343
4061875.0,257.8656
4062500.0,246.5129
4063125.0,248.8076
4063750.0,264.4810
4064375.0,240.7946
4065000.0,47.3832
4065625.0,49.2883
4066250.0,45.6858
4066875.0,47.2531
4067500.0,35.8017
4068125.0,37.7363
4068750.0,35.7940
4069375.0,35.7292
4070000.0,229.6516
4070625.0,223.4507
4071250.0,203.3154
4071875.0,208.6250
4072500.0,212.0933
4073125.0,215.0666
4073750.0,229.6623
4074375.0,227.4631
4075000.0,49.5034
4075625.0,48.7691
4076250.0,49.5190
4076875.0,48.4297
4077500.0,37.3879
4078125.0,39.0338
4078750.0,38.7009
4079375.0,37.6958
4080000.0,246.7444
4080625.0,204.7889
4081250.0,228.6306
4081875.0,228.4528
4082500.0,245.3711
4083125.0,250.2282
4083750.0,215.1779
4084375.0,248.3695
4085000.0,44.2471
4085625.0,44.3181
4086250.0,46.4494
4086875.0,46.2522
4087500.0,34.1169
4088125.0,38.2023
4088750.0,38.2569
4089375.0,38.9500
4090000.0,220.1236
4090625.0,224.5547
4091250.0,224.6577
4091875.0,243.9899
4092500.0,193.1147
4093125.0,214.2344
4093750.0,225.0623
4094375.0,212.7873
4095000.0,46.3929
4095625.0,46.7037
4096250.0,45.4544
4096875.0,47.1515
4097500.0,38.1621
4098125.0,36.5629
4098750.0,36.1616
4099375.0,36.6933
4100000.0,231.9137
4100625.0,211.8123
4101250.0,237.3540
4101875.0,226.7684
4102500.0,246.6338
4103125.0,238.8562
4103750.0,245.5728
4104375.0,220.2724
4105000.0,46.1272
4105625.0,44.0802
4106250.0,45.3428
4106875.0,49.9424
4107500.0,39.7519
4108125.0,34.8760
4108750.0,36.1522
4109375.0,36.8590
4110000.0,231.5881
4110625.0,205.2021
4111250.0,206.9662
4111875.0,230.5083
4112500.0,203.0733
4113125.0,219.9735
4113750.0,226.8235
4114375.0,229.6762
4115000.0,46.6670
4115625.0,46.1405
4116250.0,48.9847
4116875.0,47.6702
4117500.0,35.8030
4118125.0,37.0698
4118750.0,37.7089
4119375.0,40.1787
4120000.0,241.1214
4120625.0,246.0889
4121250.0,224.9170
4121875.0,225.9195
4122500.0,229.2696
4123125.0,230.3346
4123750.0,220.3069
4124375.0,246.6848
4125000.0,49.0759
4125625.0,46.2817
4126250.0,48.5080
4126875.0,47.5238
4127500.0,38.3317
4128125.0,34.5130
4128750.0,36.7305
4129375.0,36.8926
4130000.0,232.0160
4130625.0,217.9301
4131250.0,196.8758
4131875.0,212.8309
4132500.0,224.3132
4133125.0,225.7187
4133750.0,243.9422
4134375.0,231.5559
4135000.0,47.1916
4135625.0,46.9239
4136250.0,49.5948
4136875.0,45.6132
4137500.0,36.7405
4138125.0,34.9849
4138750.0,39.6250
4139375.0,37.7261
4140000.0,223.7927
4140625.0,230.6723
4141250.0,237.9119
4141875.0,229.0917
4142500.0,225.8001
4143125.0,224.4104
4143750.0,235.9320
4144375.0,227.8466
4145000.0,45.9337
4145625.0,43.8603
4146250.0,47.1825
4146875.0,46.5741
4147500.0,36.4050
4148125.0,37.3677
4148750.0,38.3838
4149375.0,38.2979
4150000.0,231.2182
4150625.0,222.2925
4151250.0,218.6213
4151875.0,213.2559
4152500.0,218.3270
4153125.0,225.2211
4153750.0,216.1543
4154375.0,226.0806
4155000.0,44.7312
4155625.0,43.0967
4156250.0,48.9256
4156875.0,45.8851
4157500.0,35.4515
4158125.0,34.9764
4158750.0,37.7826
4159375.0,39.5436
4160000.0,227.3243
4160625.0,229.4995
4161250.0,244.4309
4161875.0,210.9988
4162500.0,254.8157
4163125.0,260.3516
4163750.0,200.6065
4164375.0,230.8690
4165000.0,45.3105
4165625.0,46.3778
4166250.0,46.0168
4166875.0,48.9076
4167500.0,36.7917
4168125.0,35.3148
4168750.0,36.6815
4169375.0,37.9524
4170000.0,211.6831
4170625.0,206.4799
4171250.0,247.4184
4171875.0,217.7727
4172500.0,223.4548
4173125.0,220.5248
4173750.0,231.1660
4174375.0,244.9439
4175000.0,48.3628
4175625.0,43.4318
4176250.0,43.7473
4176875.0,46.0624
4177500.0,36.5038
4178125.0,33.8144
4178750.0,38.5158
4179375.0,34.9903
4180000.0,249.3223
4180625.0,253.1193
4181250.0,229.1203
4181875.0,237.0921
4182500.0,217.7094
4183125.0,239.2346
4183750.0,226.2210
4184375.0,219.3881
4185000.0,46.3201
4185625.0,45.9055
4186250.0,46.2359
4186875.0,49.2317
4187500.0,35.5472
4188125.0,40.2098
4188750.0,34.5486
4189375.0,39.9885
4190000.0,213.5643
4190625.0,224.9886
4191250.0,219.4853
4191875.0,221.1331
4192500.0,234.0153
4193125.0,241.8731
4193750.0,238.3934
4194375.0,220.4454
4195000.0,47.4330
4195625.0,45.1621
4196250.0,44.6699
4196875.0,44.3062
4197500.0,36.1905
4198125.0,37.4618
4198750.0,33.4631
4199375.0,36.9142
4200000.0,249.5859
4200625.0,245.0142
4201250.0,225.2119
4201875.0,215.7963
4202500.0,237.3340
4203125.0,205.1178
4203750.0,244.8778
4204375.0,229.5224
4205000.0,51.3036
4205625.0,42.9416
4206250.0,49.1576
4206875.0,46.7638
4207500.0,36.3876
4208125.0,34.4658
4208750.0,38.1021
4209375.0,38.2509
4210000.0,245.0827
4210625.0,236.3406
4211250.0,218.3187
4211875.0,213.7065
4212500.0,209.6045
4213125.0,241.5738
4213750.0,216.2455
4214375.0,241.6526
4215000.0,48.2339
4215625.0,47.7753
4216250.0,46.2789
4216875.0,48.5526
4217500.0,36.9714
4218125.0,36.3170
4218750.0,38.2876
4219375.0,36.7337
4220000.0,222.7393
4220625.0,238.9580
4221250.0,231.2578
4221875.0,237.6714
4222500.0,226.7352
4223125.0,217.9742
4223750.0,252.1269
4224375.0,249.9407
4225000.0,49.0769
4225625.0,46.0886
4226250.0,46.2943
4226875.0,50.2485
4227500.0,36.3454
4228125.0,35.8298
4228750.0,40.4636
4229375.0,36.9118
4230000.0,244.8948
4230625.0,209.2681
4231250.0,230.8296
4231875.0,248.2997
4232500.0,225.3347
4233125.0,222.0299
4233750.0,211.8628
4234375.0,237.1764
4235000.0,45.1902
4235625.0,46.7772
4236250.0,44.0989
4236875.0,50.6587
4237500.0,39.1365
4238125.0,36.9416
4238750.0,34.8648
4239375.0,39.8414
4240000.0,227.7552
4240625.0,219.1796
4241250.0,211.5594
4241875.0,224.5068
4242500.0,215.1262
4243125.0,224.7753
4243750.0,240.6351
4244375.0,227.6454
4245000.0,47.8359
4245625.0,45.3002
4246250.0,47.1531
4246875.0,51.5141
4247500.0,36.3553
4248125.0,37.7112
4248750.0,34.1038
4249375.0,39.8122
4250000.0,219.6314
4250625.0,236.8185
4251250.0,223.6142
4251875.0,231.8803
4252500.0,232.5489
4253125.0,219.9100
4253750.0,237.2839
4254375.0,216.4614
4255000.0,48.8281
4255625.0,46.0830
4256250.0,47.8215
4256875.0,45.9143
4257500.0,37.0925
4258125.0,35.0118
4258750.0,37.4580
4259375.0,37.0817
4260000.0,225.7342
4260625.0,231.3617
4261250.0,233.5545
4261875.0,224.8503
4262500.0,230.5064
4263125.0,220.3356
4263750.0,259.2105
4264375.0,244.2858
4265000.0,47.6418
4265625.0,49.7545
4266250.0,42.3488
4266875.0,40.9895
4267500.0,36.2613
4268125.0,34.4497
4268750.0,36.5623
4269375.0,37.3805
4270000.0,235.3547
4270625.0,212.1945
4271250.0,229.4958
4271875.0,225.1619
4272500.0,228.9095
4273125.0,219.1526
4273750.0,240.5603
4274375.0,223.8355
4275000.0,51.1693
4275625.0,45.1426
4276250.0,48.7456
4276875.0,46.8598
4277500.0,36.3937
4278125.0,38.1698
4278750.0,36.4465
4279375.0,32.0754
4280000.0,196.4707
4280625.0,246.7601
4281250.0,246.2710
4281875.0,253.8932
4282500.0,231.7967
4283125.0,217.0054
4283750.0,227.1328
4284375.0,232.1325
4285000.0,44.6335
4285625.0,50.8742
4286250.0,52.2628
4286875.0,48.1240
4287500.0,36.9799
4288125.0,34.6043
4288750.0,39.8609
4289375.0,37.1412
4290000.0,221.7469
4290625.0,230.4132
4291250.0,218.4107
4291875.0,226.6523
4292500.0,208.7722
4293125.0,237.2297
4293750.0,223.8254
4294375.0,238.0365
4295000.0,46.5273
4295625.0,46.6799
4296250.0,44.1511
4296875.0,48.7854
4297500.0,35.3797
4298125.0,36.1001
4298750.0,37.0019
4299375.0,37.2243
4300000.0,212.2093
4300625.0,229.3227
4301250.0,241.2247
4301875.0,227.6113
4302500.0,229.3931
4303125.0,233.8839
4303750.0,230.5389
4304375.0,220.0460
4305000.0,46.9146
4305625.0,49.3361
4306250.0,44.5297
4306875.0,46.1200
4307500.0,34.4440
4308125.0,38.7416
4308750.0,36.8291
4309375.0,35.4271
4310000.0,226.0380
4310625.0,211.4595
4311250.0,213.3732
4311875.0,208.5735
4312500.0,212.9987
4313125.0,240.2700
4313750.0,216.7524
4314375.0,230.2450
4315000.0,45.0347
4315625.0,48.7849
4316250.0,44.5887
4316875.0,47.0922
4317500.0,37.0978
4318125.0,41.3064
4318750.0,38.1663
4319375.0,35.9031
4320000.0,239.9466
4320625.0,256.8028
4321250.0,213.0962
4321875.0,222.2272
4322500.0,229.2520
4323125.0,227.1618
4323750.0,228.1400
4324375.0,216.8709
4325000.0,50.2993
4325625.0,43.6569
4326250.0,46.5295
4326875.0,49.4577
4327500.0,36.9442
4328125.0,35.1881
4328750.0,34.5050
4329375.0,36.5745
4330000.0,216.4834
4330625.0,227.3088
4331250.0,209.2337
4331875.0,234.1467
4332500.0,226.2999
4333125.0,227.1357
4333750.0,241.2121
4334375.0,220.0748
4335000.0,45.2943
4335625.0,45.7128
4336250.0,46.5476
4336875.0,46.7862
4337500.0,35.4632
4338125.0,33.2573
4338750.0,35.9623
4339375.0,37.6657
4340000.0,233.5806
4340625.0,245.9148
4341250.0,254.6836
4341875.0,240.8083
4342500.0,248.0372
4343125.0,240.8946
4343750.0,251.8348
4344375.0,253.4699
4345000.0,49.2352
4345625.0,48.6600
4346250.0,46.5177
4346875.0,46.9029
4347500.0,36.3750
4348125.0,38.1493
4348750.0,35.6674
4349375.0,36.6465
4350000.0,198.5043
4350625.0,244.3848
4351250.0,222.5197
4351875.0,230.1253
4352500.0,241.4001
4353125.0,228.3783
4353750.0,241.2489
4354375.0,211.0304
4355000.0,52.6338
4355625.0,49.5547
4356250.0,47.4916
4356875.0,50.3489
4357500.0,34.8380
4358125.0,36.4661
4358750.0,39.6719
4359375.0,33.5459
4360000.0,238.5013
4360625.0,238.1732
4361250.0,254.8430
4361875.0,213.6377
4362500.0,250.6717
4363125.0,225.5101
4363750.0,226.8147
4364375.0,217.8247
4365000.0,44.4435
4365625.0,47.9483
4366250.0,44.3860
4366875.0,48.7397
4367500.0,35.7735
4368125.0,34.7559
4368750.0,36.0236
4369375.0,37.6229
4370000.0,221.8798
4370625.0,225.3849
4371250.0,232.8323
4371875.0,237.1772
4372500.0,221.5114
4373125.0,213.2525
4373750.0,225.8561
4374375.0,230.2948
4375000.0,43.5673
4375625.0,44.9071
4376250.0,45.3099
4376875.0,46.5116
4377500.0,35.5921
4378125.0,38.3080
4378750.0,34.0305
4379375.0,34.0775
4380000.0,228.1269
4380625.0,229.9624
4381250.0,215.1261
4381875.0,224.9617
4382500.0,227.3479
4383125.0,227.4377
4383750.0,233.7618
4384375.0,224.3257
4385000.0,50.4729
4385625.0,48.1473
4386250.0,45.1033
4386875.0,47.2221
4387500.0,37.2294
4388125.0,39.2472
4388750.0,35.8893
4389375.0,38.4196
4390000.0,225.4709
4390625.0,241.7801
4391250.0,239.5225
4391875.0,227.2160
4392500.0,222.0493
4393125.0,230.6993
4393750.0,222.9699
4394375.0,243.9035
4395000.0,47.1844
4395625.0,46.0467
4396250.0,45.9199
4396875.0,44.1494
4397500.0,38.0296
4398125.0,35.4830
4398750.0,39.0316
4399375.0,34.6081
4400000.0,233.4760
4400625.0,245.3426
4401250.0,207.0339
4401875.0,255.4119
4402500.0,227.0667
4403125.0,233.6367
4403750.0,238.6288
4404375.0,240.4231
4405000.0,47.6436
4405625.0,49.3439
4406250.0,48.2198
4406875.0,51.1381
4407500.0,37.9663
4408125.0,40.6346
4408750.0,38.6670
4409375.0,33.6594
4410000.0,254.3749
4410625.0,218.5386
4411250.0,241.8249
4411875.0,225.3014
4412500.0,236.9373
4413125.0,217.2546
4413750.0,232.0396
4414375.0,222.1516
4415000.0,50.7107
4415625.0,48.0309
4416250.0,49.1995
4416875.0,41.9144
4417500.0,36.8417
4418125.0,37.7595
4418750.0,37.4137
4419375.0,38.7781
4420000.0,227.7555
4420625.0,232.5659
4421250.0,245.7022
4421875.0,205.5672
4422500.0,238.8365
4423125.0,228.1269
4423750.0,221.4171
4424375.0,235.9039
4425000.0,49.8845
4425625.0,49.4420
4426250.0,46.6825
4426875.0,49.0580
4427500.0,38.6059
4428125.0,36.8384
4428750.0,35.7178
4429375.0,35.8248
4430000.0,234.4259
4430625.0,224.5258
4431250.0,213.2305
4431875.0,206.0453
4432500.0,234.3581
4433125.0,218.8487
4433750.0,228.7169
4434375.0,238.9467
4435000.0,43.9240
4435625.0,46.8939
4436250.0,46.5989
4436875.0,47.8924
4437500.0,39.2924
4438125.0,34.5405
4438750.0,38.0541
4439375.0,38.9083
4440000.0,229.8380
4440625.0,230.4056
4441250.0,236.8540
4441875.0,235.9999
4442500.0,238.7553
4443125.0,238.5109
4443750.0,220.6091
4444375.0,243.4871
4445000.0,49.7419
4445625.0,47.4373
4446250.0,43.4887
4446875.0,46.7303
4447500.0,37.3597
4448125.0,34.8825
4448750.0,36.3337
4449375.0,34.3927
4450000.0,231.8320
4450625.0,226.8670
4451250.0,206.4849
4451875.0,228.9540
4452500.0,224.3643
4453125.0,230.8097
4453750.0,220.5953
4454375.0,215.9834
4455000.0,45.1885
4455625.0,45.7353
4456250.0,47.0442
4456875.0,47.3477
4457500.0,36.6472
4458125.0,36.2169
4458750.0,36.3499
4459375.0,41.6393
4460000.0,223.0596
4460625.0,225.5275
4461250.0,270.2087
4461875.0,236.8838
4462500.0,215.9922
4463125.0,241.7752
4463750.0,221.4435
4464375.0,242.5451
4465000.0,46.5042
4465625.0,45.9665
4466250.0,50.7815
4466875.0,48.3310
4467500.0,38.8000
4468125.0,37.8046
4468750.0,36.1778
4469375.0,38.1310
4470000.0,238.6037
4470625.0,226.5158
4471250.0,245.2685
4471875.0,234.5680
4472500.0,227.3848
4473125.0,227.8292
4473750.0,226.5439
4474375.0,210.9236
4475000.0,46.7883
4475625.0,47.5198
4476250.0,46.0222
4476875.0,47.7935
4477500.0,37.0394
4478125.0,38.4313
4478750.0,38.2268
4479375.0,37.3092
4480000.0,216.1403
4480625.0,252.7724
4481250.0,230.3541
4481875.0,231.0617
4482500.0,228.0268
4483125.0,226.3344
4483750.0,249.9111
4484375.0,248.0781
4485000.0,48.0443
4485625.0,46.7474
4486250.0,48.4549
4486875.0,47.1734
4487500.0,36.6481
4488125.0,37.6255
4488750.0,36.1839
4489375.0,37.4667
4490000.0,227.2975
4490625.0,231.7830
4491250.0,218.0347
4491875.0,232.9890
4492500.0,214.8040
4493125.0,218.5586
4493750.0,219.0496
4494375.0,212.9394
4495000.0,49.3868
4495625.0,44.7227
4496250.0,45.3575
4496875.0,49.9502
4497500.0,35.9444
4498125.0,36.6519
4498750.0,35.1277
4499375.0,38.5410
4500000.0,241.8221
4500625.0,240.5718
4501250.0,238.2353
4501875.0,232.8536
4502500.0,225.9172
4503125.0,222.5464
4503750.0,246.9629
4504375.0,240.8717
4505000.0,45.3707
4505625.0,47.0936
4506250.0,46.2947
4506875.0,44.3487
4507500.0,37.3287
4508125.0,36.2313
4508750.0,35.2378
4509375.0,34.2636
4510000.0,207.4072
4510625.0,220.8215
4511250.0,224.0427
4511875.0,215.1529
4512500.0,232.3208
4513125.0,224.2626
4513750.0,231.4900
4514375.0,222.9423
4515000.0,45.1503
4515625.0,47.2682
4516250.0,44.0327
4516875.0,48.2677
4517500.0,35.2663
4518125.0,38.6987
4518750.0,36.3739
4519375.0,38.9657
4520000.0,218.9776
4520625.0,224.1379
4521250.0,236.4188
4521875.0,245.5778
4522500.0,251.3327
4523125.0,232.4798
4523750.0,253.3178
4524375.0,228.6399
4525000.0,49.5821
4525625.0,44.7859
4526250.0,47.9875
4526875.0,41.4970
4527500.0,34.9251
4528125.0,37.8634
4528750.0,34.5720
4529375.0,37.7899
4530000.0,235.1977
4530625.0,219.3601
4531250.0,214.0993
4531875.0,219.6654
4532500.0,214.1346
4533125.0,223.8613
4533750.0,226.1485
4534375.0,221.5574
4535000.0,50.9347
4535625.0,45.3094
4536250.0,50.2699
4536875.0,44.5531
4537500.0,37.1346
4538125.0,39.1887
4538750.0,39.0930
4539375.0,36.2225
4540000.0,238.4388
4540625.0,236.8857
4541250.0,225.7367
4541875.0,239.1450
4542500.0,253.6049
4543125.0,237.4717
4543750.0,238.5697
4544375.0,239.7970
4545000.0,43.5667
4545625.0,48.0815
4546250.0,44.6106
4546875.0,45.6138
4547500.0,40.9996
4548125.0,36.5315
4548750.0,35.6307
4549375.0,39.1323
4550000.0,214.3386
4550625.0,219.9665
4551250.0,239.0518
4551875.0,225.4811
4552500.0,207.4320
4553125.0,231.1199
4553750.0,220.5398
4554375.0,242.3233
4555000.0,45.5755
4555625.0,49.4704
4556250.0,51.1729
4556875.0,45.0003
4557500.0,36.6426
4558125.0,37.7190
4558750.0,35.4139
4559375.0,37.5000
4560000.0,229.3909
4560625.0,229.1572
4561250.0,232.5677
4561875.0,232.8267
4562500.0,233.9010
4563125.0,225.0536
4563750.0,225.5600
4564375.0,230.6244
4565000.0,46.8948
4565625.0,45.9687
4566250.0,47.7613
4566875.0,42.7353
4567500.0,35.6486
4568125.0,36.4821
4568750.0,35.4162
4569375.0,40.0140
4570000.0,225.2122
4570625.0,226.9887
4571250.0,219.5637
4571875.0,224.8225
4572500.0,211.3284
4573125.0,223.0896
4573750.0,214.4587
4574375.0,221.8792
4575000.0,40.9842
4575625.0,44.3492
4576250.0,50.4402
4576875.0,48.9514
4577500.0,39.4402
4578125.0,39.5673
4578750.0,38.2450
4579375.0,36.1622
4580000.0,219.9679
4580625.0,245.3022
4581250.0,232.7490
4581875.0,260.9307
4582500.0,227.7649
4583125.0,254.8856
4583750.0,230.1812
4584375.0,247.4982
4585000.0,50.9872
4585625.0,44.5961
4586250.0,45.8603
4586875.0,44.5725
4587500.0,34.7246
4588125.0,38.2341
4588750.0,36.6362
4589375.0,37.0969
4590000.0,231.2577
4590625.0,204.1044
4591250.0,239.4761
4591875.0,221.0727
4592500.0,230.9895
4593125.0,231.9830
4593750.0,240.4215
4594375.0,223.8204
4595000.0,42.0095
4595625.0,47.1342
4596250.0,47.4717
4596875.0,44.5695
4597500.0,37.2729
4598125.0,36.3321
4598750.0,34.5159
4599375.0,38.2422
4600000.0,225.4608
4600625.0,227.2860
4601250.0,226.6341
4601875.0,246.3316
4602500.0,231.5254
4603125.0,232.9176
4603750.0,226.8886
4604375.0,237.3693
4605000.0,50.1709
4605625.0,48.5225
4606250.0,48.6141
4606875.0,48.4246
4607500.0,34.4466
4608125.0,35.3792
4608750.0,36.6208
4609375.0,35.6572
4610000.0,213.0240
4610625.0,203.9380
4611250.0,209.8515
4611875.0,222.1141
4612500.0,224.2190
4613125.0,216.0781
4613750.0,225.8879
4614375.0,220.1194
4615000.0,49.5628
4615625.0,46.6202
4616250.0,48.6364
4616875.0,47.4776
4617500.0,34.4062
4618125.0,36.8323
4618750.0,34.7141
4619375.0,36.8000
4620000.0,223.3565
4620625.0,236.4308
4621250.0,216.4287
4621875.0,232.1705
4622500.0,238.6400
4623125.0,242.5281
4623750.0,223.1357
4624375.0,232.2059
4625000.0,47.4327
4625625.0,50.6357
4626250.0,43.5189
4626875.0,44.8589
4627500.0,42.1883
4628125.0,36.4948
4628750.0,33.5017
4629375.0,35.9223
4630000.0,193.8502
4630625.0,227.7104
4631250.0,234.1101
4631875.0,214.7438
4632500.0,219.7044
4633125.0,235.3911
4633750.0,205.3101
4634375.0,210.1323
4635000.0,46.4639
4635625.0,45.2320
4636250.0,46.3094
4636875.0,44.0302
4637500.0,37.3965
4638125.0,36.7239
4638750.0,38.0160
4639375.0,37.3707
4640000.0,234.3976
4640625.0,215.2228
4641250.0,237.7141
4641875.0,228.1619
4642500.0,230.0675
4643125.0,244.1599
4643750.0,223.6545
4644375.0,247.6737
4645000.0,50.3945
4645625.0,48.7690
4646250.0,44.6955
4646875.0,41.8622
4647500.0,38.9958
4648125.0,37.2061
4648750.0,35.6214
4649375.0,39.1711
4650000.0,215.3075
4650625.0,220.2283
4651250.0,230.9050
4651875.0,212.4720
4652500.0,223.7683
4653125.0,237.2528
4653750.0,227.3750
4654375.0,239.0335
4655000.0,49.6640
4655625.0,47.0182
4656250.0,41.5087
4656875.0,44.4014
4657500.0,38.4122
4658125.0,34.1320
4658750.0,36.3956
4659375.0,37.6262
4660000.0,249.0470
4660625.0,225.3298
4661250.0,224.5355
4661875.0,231.3916
4662500.0,236.0706
4663125.0,230.2107
4663750.0,244.1715
4664375.0,222.7299
4665000.0,47.2824
4665625.0,48.0462
4666250.0,46.0595
4666875.0,48.9733
4667500.0,37.2756
4668125.0,38.4594
4668750.0,37.3591
4669375.0,37.6963
4670000.0,217.8856
4670625.0,217.9038
4671250.0,238.7745
4671875.0,232.1495
4672500.0,213.4916
4673125.0,227.0347
4673750.0,198.2950
4674375.0,218.5432
4675000.0,49.2584
4675625.0,46.7059
4676250.0,47.2771
4676875.0,39.9115
4677500.0,36.2743
4678125.0,37.6258
4678750.0,37.8608
4679375.0,38.7804
4680000.0,229.5610
4680625.0,230.0784
4681250.0,216.5474
4681875.0,229.6276
4682500.0,217.3657
4683125.0,210.5647
4683750.0,219.4119
4684375.0,249.5007
4685000.0,46.3642
4685625.0,47.5167
4686250.0,45.7933
4686875.0,42.7922
4687500.0,38.7318
4688125.0,32.9814
4688750.0,35.9736
4689375.0,36.8990
4690000.0,227.5930
4690625.0,216.8272
4691250.0,204.3229
4691875.0,215.9877
4692500.0,216.5765
4693125.0,216.3027
4693750.0,235.9132
4694375.0,211.3470
4695000.0,47.7073
4695625.0,47.3720
4696250.0,49.2571
4696875.0,46.6871
4697500.0,38.4636
4698125.0,36.6814
4698750.0,37.8036
4699375.0,34.2196
4700000.0,201.3960
4700625.0,236.3795
4701250.0,237.0017
4701875.0,237.5158
4702500.0,225.9108
4703125.0,249.2808
4703750.0,226.6654
4704375.0,236.8822
4705000.0,48.3974
4705625.0,51.0390
4706250.0,46.2550
4706875.0,45.4650
4707500.0,34.2284
4708125.0,39.8719
4708750.0,37.7796
4709375.0,37.8382
4710000.0,260.0629
4710625.0,228.6568
4711250.0,210.3489
4711875.0,222.7961
4712500.0,214.0337
4713125.0,220.5465
4713750.0,220.4709
4714375.0,218.3960
4715000.0,43.7258
4715625.0,50.7424
4716250.0,47.7023
4716875.0,46.4701
4717500.0,38.4016
4718125.0,37.8715
4718750.0,37.5100
4719375.0,38.2672
4720000.0,233.5536
4720625.0,239.7746
4721250.0,240.7361
4721875.0,233.8875
4722500.0,229.4434
4723125.0,249.7526
4723750.0,226.4563
4724375.0,236.5392
4725000.0,47.9727
4725625.0,45.5675
4726250.0,45.1016
4726875.0,46.1684
4727500.0,36.0894
4728125.0,34.3025
4728750.0,35.7947
4729375.0,37.4925
4730000.0,239.2419
4730625.0,231.2369
4731250.0,195.7552
4731875.0,232.2147
4732500.0,218.7208
4733125.0,230.0972
4733750.0,224.8410
4734375.0,222.8323
4735000.0,46.7597
4735625.0,46.9473
4736250.0,50.1594
4736875.0,46.9538
4737500.0,39.0082
4738125.0,38.7388
4738750.0,38.2340
4739375.0,33.6948
4740000.0,244.9529
4740625.0,226.6883
4741250.0,240.3024
4741875.0,220.7186
4742500.0,218.2531
4743125.0,254.9261
4743750.0,220.8990
4744375.0,245.2948
4745000.0,47.2783
4745625.0,46.0127
4746250.0,46.8947
4746875.0,43.9424
4747500.0,36.9746
4748125.0,34.9969
4748750.0,36.2684
4749375.0,38.7118
4750000.0,227.8596
4750625.0,208.3256
4751250.0,234.5792
4751875.0,224.9201
4752500.0,218.9004
4753125.0,233.4001
4753750.0,223.1189
4754375.0,211.8863
4755000.0,51.3424
4755625.0,46.9594
4756250.0,46.8087
4756875.0,46.0480
4757500.0,39.1829
4758125.0,36.0290
4758750.0,34.1418
4759375.0,35.7444
4760000.0,247.3906
4760625.0,241.6527
4761250.0,229.0418
4761875.0,247.9298
4762500.0,240.6761
4763125.0,228.9076
4763750.0,230.0754
4764375.0,235.8201
4765000.0,45.0451
4765625.0,47.0106
4766250.0,47.7250
4766875.0,43.0356
4767500.0,36.6498
4768125.0,36.4393
4768750.0,38.9019
4769375.0,33.5877
4770000.0,220.7081
4770625.0,219.5803
4771250.0,235.8008
4771875.0,224.5101
4772500.0,245.2061
4773125.0,232.4499
4773750.0,220.3850
4774375.0,227.6962
4775000.0,46.1679
4775625.0,49.0196
4776250.0,43.8693
4776875.0,45.0643
4777500.0,37.8430
4778125.0,39.2676
4778750.0,32.9264
4779375.0,39.5428
4780000.0,230.3744
4780625.0,210.1471
4781250.0,197.1800
4781875.0,214.2591
4782500.0,231.7714
4783125.0,231.2356
4783750.0,239.3451
4784375.0,225.6259
4785000.0,44.3961
4785625.0,46.0292
4786250.0,47.0790
4786875.0,47.5423
4787500.0,35.5400
4788125.0,38.6677
4788750.0,35.8504
4789375.0,35.3910
4790000.0,218.8981
4790625.0,237.0920
4791250.0,223.5060
4791875.0,217.1867
4792500.0,235.4187
4793125.0,249.1059
4793750.0,227.3589
4794375.0,238.8807
4795000.0,49.4348
4795625.0,45.5767
4796250.0,47.0626
4796875.0,43.9860
4797500.0,36.6209
4798125.0,35.8415
4798750.0,36.2547
4799375.0,35.6127
4800000.0,228.6697
4800625.0,238.1739
4801250.0,230.6139
4801875.0,210.3733
4802500.0,223.3450
4803125.0,214.3750
4803750.0,234.8311
4804375.0,237.8385
4805000.0,47.6029
4805625.0,45.1496
4806250.0,47.5801
4806875.0,45.8952
4807500.0,34.8943
4808125.0,38.3726
4808750.0,38.5134
4809375.0,38.7555
4810000.0,218.1561
4810625.0,238.2678
4811250.0,219.4472
4811875.0,232.3519
4812500.0,219.2522
4813125.0,222.4802
4813750.0,197.7617
4814375.0,221.6035
4815000.0,47.2141
4815625.0,46.0364
4816250.0,51.1270
4816875.0,44.2682
4817500.0,35.9574
4818125.0,35.3260
4818750.0,35.9570
4819375.0,38.9081
4820000.0,249.1452
4820625.0,223.8708
4821250.0,223.6131
4821875.0,218.5773
4822500.0,247.1529
4823125.0,245.0037
4823750.0,230.7706
4824375.0,215.8052
4825000.0,43.9293
4825625.0,47.4010
4826250.0,48.2909
4826875.0,42.1446
4827500.0,36.4056
4828125.0,39.9938
4828750.0,36.5976
4829375.0,39.7558
4830000.0,232.3018
4830625.0,212.8019
4831250.0,221.7074
4831875.0,223.5522
4832500.0,214.2842
4833125.0,214.0890
4833750.0,241.9511
4834375.0,214.0047
4835000.0,49.5343
4835625.0,45.9743
4836250.0,46.9397
4836875.0,48.3203
4837500.0,35.8927
4838125.0,38.0506
4838750.0,33.2141
4839375.0,37.8135
4840000.0,203.3651
4840625.0,229.3686
4841250.0,241.9092
4841875.0,239.2186
4842500.0,216.9384
4843125.0,218.4319
4843750.0,224.0114
4844375.0,234.1601
4845000.0,42.2250
4845625.0,46.9689
4846250.0,47.7319
4846875.0,46.3349
4847500.0,37.9718
4848125.0,37.4139
4848750.0,35.9979
4849375.0,33.4180
4850000.0,226.5009
4850625.0,214.2779
4851250.0,218.4936
4851875.0,230.3901
4852500.0,240.9450
4853125.0,224.5718
4853750.0,231.2332
4854375.0,208.7496
4855000.0,47.5770
4855625.0,46.8592
4856250.0,49.8887
4856875.0,45.7299
4857500.0,36.5530
4858125.0,38.9588
4858750.0,36.8297
4859375.0,34.9486
4860000.0,261.5989
4860625.0,219.4883
4861250.0,231.2495
4861875.0,236.0216
4862500.0,235.1044
4863125.0,229.7990
4863750.0,229.8568
4864375.0,229.2748
4865000.0,44.3776
4865625.0,52.0530
4866250.0,46.4830
4866875.0,48.4028
4867500.0,36.3809
4868125.0,36.3437
4868750.0,36.1574
4869375.0,34.1328
4870000.0,223.1930
4870625.0,220.4212
4871250.0,238.1797
4871875.0,211.5371
4872500.0,218.5071
4873125.0,214.8925
4873750.0,241.2285
4874375.0,215.2192
4875000.0,48.3214
4875625.0,49.2799
4876250.0,46.6566
4876875.0,43.7645
4877500.0,34.4763
4878125.0,38.5906
4878750.0,34.6679
4879375.0,37.7252
4880000.0,233.3264
4880625.0,236.3747
4881250.0,237.4704
4881875.0,221.1694
4882500.0,220.6839
4883125.0,240.2932
4883750.0,224.6996
4884375.0,200.0983
4885000.0,48.5246
4885625.0,44.5648
4886250.0,48.0978
4886875.0,50.2731
4887500.0,37.0310
4888125.0,38.8422
4888750.0,37.2845
4889375.0,39.9367
4890000.0,213.0513
4890625.0,224.9076
4891250.0,232.5731
4891875.0,222.8579
4892500.0,237.9625
4893125.0,220.1396
4893750.0,248.2804
4894375.0,248.8747
4895000.0,47.6629
4895625.0,48.2986
4896250.0,49.8004
4896875.0,44.2101
4897500.0,34.5728
4898125.0,39.3244
4898750.0,37.5069
4899375.0,36.5810
4900000.0,232.1290
4900625.0,204.3219
4901250.0,229.7895
4901875.0,223.2647
4902500.0,242.6496
4903125.0,243.5424
4903750.0,238.6895
4904375.0,236.5873
4905000.0,43.4812
4905625.0,48.3880
4906250.0,48.4791
4906875.0,49.9262
4907500.0,40.9187
4908125.0,33.8688
4908750.0,36.2813
4909375.0,35.6268
4910000.0,226.9407
4910625.0,225.1508
4911250.0,222.3666
4911875.0,236.5605
4912500.0,212.6091
4913125.0,213.2874
4913750.0,213.4775
4914375.0,220.9463
4915000.0,44.1128
4915625.0,46.8859
4916250.0,46.6111
4916875.0,45.1517
4917500.0,38.6165
4918125.0,36.8899
4918750.0,38.9659
4919375.0,36.6392
4920000.0,231.7193
4920625.0,225.4717
4921250.0,231.9183
4921875.0,240.2619
4922500.0,227.2285
4923125.0,238.0136
4923750.0,222.5721
4924375.0,240.8050
4925000.0,45.6372
4925625.0,49.0014
4926250.0,47.1433
4926875.0,50.5742
4927500.0,34.8650
4928125.0,34.2691
4928750.0,35.8600
4929375.0,34.4385
4930000.0,209.4442
4930625.0,231.9924
4931250.0,224.9530
4931875.0,219.6036
4932500.0,220.6467
4933125.0,218.2811
4933750.0,243.5667
4934375.0,216.7256
4935000.0,43.8930
4935625.0,48.8707
4936250.0,46.4930
4936875.0,51.7911
4937500.0,36.0265
4938125.0,38.5651
4938750.0,39.0021
4939375.0,36.0355
4940000.0,223.3821
4940625.0,240.5999
4941250.0,238.6687
4941875.0,215.6369
4942500.0,218.9101
4943125.0,202.5774
4943750.0,238.9065
4944375.0,228.9628
4945000.0,46.6189
4945625.0,43.0251
4946250.0,44.4195
4946875.0,45.8768
4947500.0,35.7562
4948125.0,37.2180
4948750.0,38.0794
4949375.0,41.1988
4950000.0,224.7748
4950625.0,237.5483
4951250.0,215.6628
4951875.0,206.1569
4952500.0,221.0366
4953125.0,207.0256
4953750.0,225.1651
4954375.0,216.2199
4955000.0,42.4075
4955625.0,51.0797
4956250.0,45.7367
4956875.0,43.1516
4957500.0,38.6616
4958125.0,35.6521
4958750.0,39.0168
4959375.0,35.6432
4960000.0,225.7256
4960625.0,236.0000
4961250.0,238.8813
4961875.0,240.9144
4962500.0,230.9590
4963125.0,238.1320
4963750.0,240.6493
4964375.0,234.3266
4965000.0,46.6648
4965625.0,43.6036
4966250.0,48.4081
4966875.0,47.0991
4967500.0,36.2348
4968125.0,39.3639
4968750.0,34.3585
4969375.0,40.0415
4970000.0,224.7494
4970625.0,228.5721
4971250.0,220.5558
4971875.0,206.2454
4972500.0,223.4294
4973125.0,228.7659
4973750.0,232.6075
4974375.0,222.7721
4975000.0,41.8475
4975625.0,43.3771
4976250.0,51.8222
4976875.0,44.4325
4977500.0,39.6400
4978125.0,35.2719
4978750.0,36.6625
4979375.0,38.1566
4980000.0,222.4857
4980625.0,250.4697
4981250.0,232.8784
4981875.0,237.3459
4982500.0,228.8958
4983125.0,239.6412
4983750.0,250.3140
4984375.0,230.4771
4985000.0,51.0648
4985625.0,45.5627
4986250.0,48.7956
4986875.0,48.1494
4987500.0,35.0231
4988125.0,37.3955
4988750.0,37.0136
4989375.0,35.4216
4990000.0,229.0275
4990625.0,226.6458
4991250.0,224.1834
4991875.0,224.2285
4992500.0,223.9874
4993125.0,220.8634
4993750.0,226.5731
4994375.0,217.7560
4995000.0,53.2435
4995625.0,43.6881
4996250.0,45.6259
4996875.0,45.8115
4997500.0,40.7749
4998125.0,34.5578
4998750.0,37.7880
4999375.0,37.4595
5000000.0,235.8698
5000625.0,246.3416
5001250.0,246.1036
5001875.0,226.7689
5002500.0,234.2506
5003125.0,210.3764
5003750.0,233.1495
5004375.0,222.7897
5005000.0,46.5620
5005625.0,43.0394
5006250.0,47.9514
5006875.0,43.0131
5007500.0,37.2743
5008125.0,34.7310
5008750.0,35.4282
5009375.0,39.1363
5010000.0,231.6141
5010625.0,237.9285
5011250.0,242.5469
5011875.0,216.3056
5012500.0,241.8634
5013125.0,208.5131
5013750.0,233.3936
5014375.0,219.4500
5015000.0,44.8138
5015625.0,48.4440
5016250.0,49.2206
5016875.0,49.1509
5017500.0,37.3975
5018125.0,37.2441
5018750.0,37.9747
5019375.0,37.5620
5020000.0,238.2797
5020625.0,234.3664
5021250.0,241.7763
5021875.0,213.1244
5022500.0,230.4772
5023125.0,215.9474
5023750.0,235.2097
5024375.0,251.0464
5025000.0,45.8859
5025625.0,47.2990
5026250.0,48.7777
5026875.0,42.1409
5027500.0,36.0341
5028125.0,37.6744
5028750.0,31.6406
5029375.0,35.1929
5030000.0,237.3847
5030625.0,236.2837
5031250.0,229.2111
5031875.0,234.9247
5032500.0,227.4199
5033125.0,231.2482
5033750.0,221.4489
5034375.0,226.3029
5035000.0,45.5139
5035625.0,49.9692
5036250.0,50.5757
5036875.0,50.2428
5037500.0,36.2450
5038125.0,35.2355
5038750.0,39.3624
5039375.0,38.0062
5040000.0,235.8116
5040625.0,224.6499
5041250.0,236.9377
5041875.0,219.4108
5042500.0,239.3551
5043125.0,247.9951
5043750.0,250.9201
5044375.0,240.2189
5045000.0,43.7522
5045625.0,47.4637
5046250.0,52.0283
5046875.0,44.9588
5047500.0,36.8905
5048125.0,39.6150
5048750.0,38.1417
5049375.0,41.5883
5050000.0,216.7552
5050625.0,213.8652
5051250.0,238.7714
5051875.0,211.5464
5052500.0,222.7864
5053125.0,224.2615
5053750.0,236.6549
5054375.0,231.9105
5055000.0,48.0741
5055625.0,46.0543
5056250.0,49.8553
5056875.0,56.4607
5057500.0,38.2789
5058125.0,37.1844
5058750.0,34.5990
5059375.0,35.8207
5060000.0,229.5210
5060625.0,225.7986
5061250.0,231.8135
5061875.0,252.6250
5062500.0,246.4671
5063125.0,230.1575
5063750.0,217.9840
5064375.0,247.5135
5065000.0,46.8847
5065625.0,42.9427
5066250.0,48.6742
5066875.0,49.4104
5067500.0,32.5121
5068125.0,35.4746
5068750.0,36.7957
5069375.0,38.3588
5070000.0,219.1979
5070625.0,215.6384
5071250.0,233.1807
5071875.0,219.7314
5072500.0,231.0981
5073125.0,212.4954
5073750.0,209.7863
5074375.0,233.4968
5075000.0,47.5934
5075625.0,49.1678
5076250.0,45.7484
5076875.0,45.1315
5077500.0,39.5173
5078125.0,34.1825
5078750.0,39.3152
5079375.0,39.4429
5080000.0,241.9770
5080625.0,224.0214
5081250.0,222.5283
5081875.0,229.5634
5082500.0,216.9775
5083125.0,220.8443
5083750.0,239.4789
5084375.0,239.5324
5085000.0,44.5335
5085625.0,48.5889
5086250.0,48.0676
5086875.0,50.5482
5087500.0,38.0529
5088125.0,38.9584
5088750.0,37.8826
5089375.0,38.8129
5090000.0,210.5199
5090625.0,223.6304
5091250.0,224.5614
5091875.0,222.2578
5092500.0,229.9937
5093125.0,232.1368
5093750.0,229.4129
5094375.0,223.0094
5095000.0,45.2710
5095625.0,49.5784
5096250.0,47.8219
5096875.0,44.6063
5097500.0,36.6417
5098125.0,33.7749
5098750.0,37.0654
5099375.0,36.6330
5100000.0,225.3362
5100625.0,250.3814
5101250.0,218.5886
5101875.0,240.1942
5102500.0,257.3658
5103125.0,244.4963
5103750.0,231.6342
5104375.0,218.8448
5105000.0,43.7992
5105625.0,46.0329
5106250.0,45.3855
5106875.0,45.3091
5107500.0,36.3963
5108125.0,36.8108
5108750.0,37.8976
5109375.0,34.7101
5110000.0,217.3248
5110625.0,223.2037
5111250.0,222.8008
5111875.0,245.6598
5112500.0,227.6128
5113125.0,206.8471
5113750.0,229.7045
5114375.0,231.1387
5115000.0,46.7059
5115625.0,44.1485
5116250.0,51.1314
5116875.0,44.4858
5117500.0,38.2224
5118125.0,37.3701
5118750.0,38.1115
5119375.0,40.1577
5120000.0,238.5150
5120625.0,225.5195
5121250.0,244.8295
5121875.0,224.6792
5122500.0,233.8973
5123125.0,217.0002
5123750.0,220.0139
5124375.0,232.5961
5125000.0,47.8650
5125625.0,42.9994
5126250.0,48.1686
5126875.0,45.0743
5127500.0,39.3674
5128125.0,36.3489
5128750.0,34.9213
5129375.0,37.1402
5130000.0,214.6924
5130625.0,239.2756
5131250.0,225.0060
5131875.0,223.2936
5132500.0,231.6578
5133125.0,213.6943
5133750.0,210.4970
5134375.0,229.5940
5135000.0,44.4158
5135625.0,44.4150
5136250.0,48.9664
5136875.0,48.2339
5137500.0,34.6804
5138125.0,35.8546
5138750.0,35.3281
5139375.0,40.2862
5140000.0,242.5097
5140625.0,227.1182
5141250.0,238.6839
5141875.0,216.2682
5142500.0,224.1973
5143125.0,233.2164
5143750.0,237.2459
5144375.0,230.8695
5145000.0,47.5828
5145625.0,47.1841
5146250.0,46.6156
5146875.0,46.3041
5147500.0,36.2114
5148125.0,37.4291
5148750.0,37.7600
5149375.0,37.3670
5150000.0,211.7408
5150625.0,213.7621
5151250.0,229.4874
5151875.0,241.5563
5152500.0,226.7147
5153125.0,220.3687
5153750.0,227.5238
5154375.0,212.2108
5155000.0,50.0760
5155625.0,47.4385
5156250.0,45.4268
5156875.0,46.6080
5157500.0,36.0250
5158125.0,39.4266
5158750.0,36.6259
5159375.0,37.2874
5160000.0,238.6552
5160625.0,223.4071
5161250.0,234.2470
5161875.0,235.1835
5162500.0,213.9727
5163125.0,234.9313
5163750.0,231.4692
5164375.0,233.5076
5165000.0,47.0837
5165625.0,47.6090
5166250.0,50.1428
5166875.0,44.2282
5167500.0,36.3670
5168125.0,38.2332
5168750.0,37.8897
5169375.0,37.8499
5170000.0,255.9777
5170625.0,231.9090
5171250.0,237.7231
5171875.0,221.5454
5172500.0,213.8297
5173125.0,221.4639
5173750.0,233.0096
5174375.0,229.5768
5175000.0,47.9476
5175625.0,46.4963
5176250.0,46.1216
5176875.0,46.5773
5177500.0,38.3403
5178125.0,38.5553
5178750.0,35.1385
5179375.0,38.4103
5180000.0,224.4516
5180625.0,237.4395
5181250.0,229.7732
5181875.0,250.1631
5182500.0,227.1503
5183125.0,234.0719
5183750.0,239.0365
5184375.0,221.8621
5185000.0,46.8288
5185625.0,46.3735
5186250.0,45.7925
5186875.0,45.9667
5187500.0,39.0572
5188125.0,35.8927
5188750.0,38.0479
5189375.0,37.5820
5190000.0,209.2840
5190625.0,230.8407
5191250.0,209.0980
5191875.0,232.0660
5192500.0,219.2941
5193125.0,225.0941
5193750.0,210.4394
5194375.0,226.3768
5195000.0,49.1783
5195625.0,45.1036
5196250.0,45.5732
5196875.0,48.0684
5197500.0,37.8873
5198125.0,32.4968
5198750.0,40.7285
5199375.0,37.9778
5200000.0,240.0843
5200625.0,230.3349
5201250.0,210.4779
5201875.0,239.8268
5202500.0,225.4438
5203125.0,238.3096
5203750.0,229.4619
5204375.0,234.7613
5205000.0,45.1788
5205625.0,49.0313
5206250.0,44.2073
5206875.0,52.2771
5207500.0,41.1402
5208125.0,40.0205
5208750.0,39.3596
5209375.0,36.8436
5210000.0,238.1237
5210625.0,223.9180
5211250.0,207.5229
5211875.0,241.9110
5212500.0,237.6993
5213125.0,224.6474
5213750.0,211.2167
5214375.0,218.4052
5215000.0,42.7203
5215625.0,49.2209
5216250.0,43.2322
5216875.0,47.6741
5217500.0,35.4392
5218125.0,34.3606
5218750.0,37.4410
5219375.0,36.3825
5220000.0,241.7230
5220625.0,217.2958
5221250.0,223.2152
5221875.0,204.3034
5222500.0,206.6616
5223125.0,252.8590
5223750.0,256.1697
5224375.0,233.0756
5225000.0,45.0640
5225625.0,46.2986
5226250.0,49.0529
5226875.0,45.7912
5227500.0,37.4396
5228125.0,36.9764
5228750.0,35.9477
5229375.0,36.0265
5230000.0,228.2999
5230625.0,214.0100
5231250.0,230.0820
5231875.0,219.6947
5232500.0,226.4329
5233125.0,240.5696
5233750.0,223.1078
5234375.0,235.3478
5235000.0,42.7887
5235625.0,45.8946
5236250.0,47.0651
5236875.0,51.5198
5237500.0,33.3741
5238125.0,36.8220
5238750.0,39.6949
5239375.0,35.5477
5240000.0,229.5311
5240625.0,235.8482
5241250.0,234.1403
5241875.0,250.1629
5242500.0,237.2023
5243125.0,247.4022
5243750.0,227.8239
5244375.0,223.4099
5245000.0,46.4696
5245625.0,44.2761
5246250.0,48.1363
5246875.0,46.0932
5247500.0,35.7572
5248125.0,37.9225
5248750.0,34.8841
5249375.0,38.4254
5250000.0,219.6187
5250625.0,238.0398
5251250.0,220.5817
5251875.0,232.1090
5252500.0,227.0201
5253125.0,233.3689
5253750.0,226.2369
5254375.0,206.2868
5255000.0,49.3707
5255625.0,46.7939
5256250.0,48.8554
5256875.0,48.6221
5257500.0,35.5694
5258125.0,35.3076
5258750.0,38.2124
5259375.0,36.4390
5260000.0,242.8626
5260625.0,229.9329
5261250.0,243.8716
5261875.0,236.9103
5262500.0,235.3405
5263125.0,227.6615
5263750.0,234.6962
5264375.0,245.8371
5265000.0,46.8726
5265625.0,48.2483
5266250.0,47.1089
5266875.0,47.2928
5267500.0,40.1883
5268125.0,39.2232
5268750.0,37.1469
5269375.0,37.3967
5270000.0,217.1040
5270625.0,223.0541
5271250.0,228.4807
5271875.0,234.5694
5272500.0,233.4287
5273125.0,212.5208
5273750.0,235.9911
5274375.0,224.0013
5275000.0,44.6806
5275625.0,50.1405
5276250.0,50.4387
5276875.0,47.6198
5277500.0,38.3113
5278125.0,38.4198
5278750.0,39.5822
5279375.0,38.3469
5280000.0,216.5988
5280625.0,255.3138
5281250.0,244.3616
5281875.0,226.0895
5282500.0,220.0563
5283125.0,237.8558
5283750.0,228.7722
5284375.0,235.8279
5285000.0,48.7470
5285625.0,45.6689
5286250.0,44.3771
5286875.0,47.9067
5287500.0,36.0132
5288125.0,37.2703
5288750.0,34.5148
5289375.0,36.5335
5290000.0,233.0432
5290625.0,231.8167
5291250.0,216.1310
5291875.0,211.8570
5292500.0,225.1773
5293125.0,231.3116
5293750.0,229.5582
5294375.0,219.2382
5295000.0,47.6999
5295625.0,50.5305
5296250.0,47.4821
5296875.0,43.1621
5297500.0,37.3759
5298125.0,40.7813
5298750.0,34.6183
5299375.0,37.0550
5300000.0,229.3745
5300625.0,233.1122
5301250.0,234.2533
5301875.0,245.2237
5302500.0,232.9835
5303125.0,246.8162
5303750.0,230.6352
5304375.0,227.9384
5305000.0,45.4274
5305625.0,42.7298
5306250.0,47.6481
5306875.0,51.8269
5307500.0,37.8477
5308125.0,38.2705
5308750.0,36.2359
5309375.0,36.5480
5310000.0,236.0772
5310625.0,247.5978
5311250.0,241.7394
5311875.0,234.0590
5312500.0,225.3954
5313125.0,227.3593
5313750.0,216.5230
5314375.0,208.7081
5315000.0,44.3520
5315625.0,47.1170
5316250.0,46.3138
5316875.0,43.5468
5317500.0,36.9310
5318125.0,36.4109
5318750.0,34.8302
5319375.0,36.3152
5320000.0,228.2769
5320625.0,224.8470
5321250.0,242.7494
5321875.0,209.9263
5322500.0,208.9647
5323125.0,232.0381
5323750.0,233.1151
5324375.0,236.6889
5325000.0,45.7334
5325625.0,44.8429
5326250.0,46.9828
5326875.0,45.9623
5327500.0,39.8695
5328125.0,36.4002
5328750.0,36.9016
5329375.0,41.5795
5330000.0,222.8089
5330625.0,231.2568
5331250.0,232.2710
5331875.0,233.2283
5332500.0,228.2567
5333125.0,227.1807
5333750.0,226.1288
5334375.0,218.5201
5335000.0,47.7650
5335625.0,51.7673
5336250.0,49.8451
5336875.0,47.7142
5337500.0,38.5833
5338125.0,35.3920
5338750.0,36.5181
5339375.0,38.7535
5340000.0,249.2511
5340625.0,223.0580
5341250.0,226.3904
5341875.0,257.3040
5342500.0,233.1166
5343125.0,253.1510
5343750.0,234.3995
5344375.0,234.8557
5345000.0,46.2821
5345625.0,49.2150
5346250.0,50.1908
5346875.0,44.5677
5347500.0,36.3480
5348125.0,38.6929
5348750.0,36.7603
5349375.0,36.0872
5350000.0,236.3573
5350625.0,237.4138
5351250.0,219.9415
5351875.0,227.3891
5352500.0,211.4047
5353125.0,214.9258
5353750.0,226.3969
5354375.0,225.3533
5355000.0,44.7278
5355625.0,45.3175
5356250.0,44.4971
5356875.0,48.0694
5357500.0,33.3599
5358125.0,35.1286
5358750.0,33.5536
5359375.0,37.7752
5360000.0,211.0883
5360625.0,232.3681
5361250.0,251.0185
5361875.0,251.4118
5362500.0,211.0515
5363125.0,235.4616
5363750.0,220.5279
5364375.0,218.1596
5365000.0,46.7333
5365625.0,49.8865
5366250.0,48.4092
5366875.0,45.3194
5367500.0,38.3043
5368125.0,32.8491
5368750.0,35.6071
5369375.0,35.4758
5370000.0,225.8811
5370625.0,222.7182
5371250.0,223.4085
5371875.0,223.0344
5372500.0,225.2521
5373125.0,231.0765
5373750.0,226.6800
5374375.0,221.8010
5375000.0,47.9441
5375625.0,48.9414
5376250.0,45.6933
5376875.0,46.8604
5377500.0,39.1495
5378125.0,34.9599
5378750.0,40.3387
5379375.0,34.5226
5380000.0,227.9938
5380625.0,220.9778
5381250.0,257.3800
5381875.0,226.1611
5382500.0,226.1902
5383125.0,227.6993
5383750.0,233.1090
5384375.0,228.1901
5385000.0,46.6877
5385625.0,38.7064
5386250.0,47.1343
5386875.0,47.0418
5387500.0,38.9214
5388125.0,39.4218
5388750.0,36.6527
5389375.0,38.5100
5390000.0,212.6074
5390625.0,233.6326
5391250.0,218.5596
5391875.0,211.6722
5392500.0,222.9121
5393125.0,240.7553
5393750.0,227.0363
5394375.0,241.8355
5395000.0,45.2405
5395625.0,49.4625
5396250.0,45.4674
5396875.0,47.5295
5397500.0,37.4009
5398125.0,38.2238
5398750.0,37.4639
5399375.0,35.6325
5400000.0,242.2116
5400625.0,252.0872
5401250.0,225.2279
5401875.0,210.7113
5402500.0,237.7921
5403125.0,228.1583
5403750.0,230.4792
5404375.0,238.4517
5405000.0,45.9275
5405625.0,46.3682
5406250.0,46.7647
5406875.0,50.4539
5407500.0,37.0556
5408125.0,34.7140
5408750.0,34.7876
5409375.0,37.2576
5410000.0,212.2939
5410625.0,207.4241
5411250.0,232.1498
5411875.0,232.7006
5412500.0,220.8585
5413125.0,228.3037
5413750.0,227.1164
5414375.0,231.7772
5415000.0,48.4212
5415625.0,40.8764
5416250.0,46.4348
5416875.0,48.2171
5417500.0,36.2407
5418125.0,37.0670
5418750.0,38.3888
5419375.0,37.1497
5420000.0,249.4919
5420625.0,245.0730
5421250.0,230.6247
5421875.0,229.7027
5422500.0,198.9362
5423125.0,228.2126
5423750.0,216.3021
5424375.0,234.5663
5425000.0,47.3592
5425625.0,48.6353
5426250.0,50.2822
5426875.0,46.9383
5427500.0,41.2188
5428125.0,37.4300
5428750.0,34.5761
5429375.0,35.9602
5430000.0,220.8066
5430625.0,231.6614
5431250.0,214.3434
5431875.0,221.6478
5432500.0,223.1883
5433125.0,219.9586
5433750.0,234.1284
5434375.0,232.2149
5435000.0,49.7414
5435625.0,46.2221
5436250.0,49.8259
5436875.0,43.7946
5437500.0,34.4315
5438125.0,34.7545
5438750.0,37.0170
5439375.0,39.2244
5440000.0,225.0152
5440625.0,226.4704
5441250.0,229.4942
5441875.0,238.6448
5442500.0,226.4595
5443125.0,225.8124
5443750.0,216.3934
5444375.0,225.3680
5445000.0,49.7670
5445625.0,47.2137
5446250.0,45.2613
5446875.0,49.9049
5447500.0,35.9174
5448125.0,39.6269
5448750.0,39.5967
5449375.0,37.1036
5450000.0,208.1413
5450625.0,250.7569
5451250.0,229.3569
5451875.0,221.3563
5452500.0,235.7564
5453125.0,232.9009
5453750.0,239.7481
5454375.0,217.5486
5455000.0,47.7484
5455625.0,44.2132
5456250.0,48.5659
5456875.0,46.9461
5457500.0,37.5199
5458125.0,36.7293
5458750.0,36.5357
5459375.0,35.3938
5460000.0,241.1690
5460625.0,249.2806
5461250.0,225.5426
5461875.0,238.4211
5462500.0,237.0133
5463125.0,232.0939
5463750.0,214.2915
5464375.0,216.9015
5465000.0,45.1647
5465625.0,41.9733
5466250.0,50.3089
5466875.0,47.8641
5467500.0,36.9446
5468125.0,32.9481
5468750.0,33.6258
5469375.0,36.9957
5470000.0,247.1680
5470625.0,217.1403
5471250.0,234.7177
5471875.0,219.6011
5472500.0,225.6214
5473125.0,238.6652
5473750.0,221.1080
5474375.0,217.2363
5475000.0,50.3325
5475625.0,47.1071
5476250.0,49.5643
5476875.0,45.3897
5477500.0,39.6023
5478125.0,37.5062
5478750.0,37.8044
5479375.0,37.2435
5480000.0,226.1365
5480625.0,231.9805
5481250.0,226.8660
5481875.0,243.1307
5482500.0,229.6445
5483125.0,214.6405
5483750.0,212.5187
5484375.0,211.9701
5485000.0,48.4522
5485625.0,44.2940
5486250.0,47.7052
5486875.0,47.3210
5487500.0,36.8803
5488125.0,37.8110
5488750.0,37.2929
5489375.0,31.9870
5490000.0,221.3592
5490625.0,229.7824
5491250.0,243.4532
5491875.0,243.9726
5492500.0,209.6646
5493125.0,221.0656
5493750.0,207.3812
5494375.0,242.0987
5495000.0,49.3802
5495625.0,47.8239
5496250.0,47.3903
5496875.0,50.2445
5497500.0,39.2410
5498125.0,39.1424
5498750.0,37.8449
5499375.0,36.3539
5500000.0,240.8986
5500625.0,241.4661
5501250.0,229.7886
5501875.0,227.9255
5502500.0,245.1464
5503125.0,251.3037
5503750.0,223.3070
5504375.0,228.9448
5505000.0,47.8247
5505625.0,48.1435
5506250.0,45.7724
5506875.0,51.4263
5507500.0,37.7809
5508125.0,37.9831
5508750.0,40.2539
5509375.0,36.1692
5510000.0,224.0051
5510625.0,210.9001
5511250.0,223.0611
5511875.0,208.2496
5512500.0,233.4133
5513125.0,229.7250
5513750.0,221.8830
5514375.0,223.8702
5515000.0,48.7894
5515625.0,44.3309
5516250.0,47.4798
5516875.0,48.6438
5517500.0,33.7028
5518125.0,38.2671
5518750.0,33.9030
5519375.0,36.7825
5520000.0,218.5047
5520625.0,248.6025
5521250.0,218.5774
5521875.0,212.8578
5522500.0,233.5469
5523125.0,227.2010
5523750.0,214.5466
5524375.0,238.0995
5525000.0,42.3200
5525625.0,44.5648
5526250.0,45.6482
5526875.0,48.8852
5527500.0,39.3966
5528125.0,39.0401
5528750.0,36.7164
5529375.0,32.5095
5530000.0,229.3971
5530625.0,241.5440
5531250.0,238.8801
5531875.0,230.2082
5532500.0,211.6181
5533125.0,219.0903
5533750.0,246.7554
5534375.0,209.0618
5535000.0,44.3026
5535625.0,49.2150
5536250.0,45.9868
5536875.0,44.2229
5537500.0,39.8267
5538125.0,37.8530
5538750.0,36.2937
5539375.0,34.8803
5540000.0,255.7499
5540625.0,231.7164
5541250.0,248.2090
5541875.0,242.3661
5542500.0,225.9575
5543125.0,226.0499
5543750.0,248.7773
5544375.0,248.9652
5545000.0,42.5892
5545625.0,48.2920
5546250.0,46.7151
5546875.0,44.5717
5547500.0,37.4842
5548125.0,34.5032
5548750.0,36.1371
5549375.0,35.5228
5550000.0,219.3773
5550625.0,224.1959
5551250.0,213.5749
5551875.0,242.6983
5552500.0,230.5494
5553125.0,245.1888
5553750.0,223.1991
5554375.0,218.8261
5555000.0,51.1323
5555625.0,45.6416
5556250.0,46.5810
5556875.0,48.6921
5557500.0,34.7102
5558125.0,38.3159
5558750.0,38.0792
5559375.0,39.3483
5560000.0,242.3245
5560625.0,247.0797
5561250.0,230.7191
5561875.0,221.9930
5562500.0,256.4758
5563125.0,214.2903
5563750.0,215.4524
5564375.0,238.5555
5565000.0,50.8187
5565625.0,47.4454
5566250.0,49.3484
5566875.0,42.3099
5567500.0,36.0758
5568125.0,33.5332
5568750.0,38.4438
5569375.0,34.1376
5570000.0,210.6245
5570625.0,230.7828
5571250.0,236.9455
5571875.0,223.2116
5572500.0,231.4144
5573125.0,231.0501
5573750.0,222.5764
5574375.0,212.6846
5575000.0,48.3275
5575625.0,48.4408
5576250.0,49.1010
5576875.0,47.7334
5577500.0,34.8383
5578125.0,38.2771
5578750.0,36.9974
5579375.0,36.1069
5580000.0,228.5822
5580625.0,223.9930
5581250.0,242.3106
5581875.0,215.5499
5582500.0,220.4756
5583125.0,228.1862
5583750.0,250.7195
5584375.0,244.2297
5585000.0,43.1440
5585625.0,50.1757
5586250.0,50.1711
5586875.0,44.2411
5587500.0,32.3353
5588125.0,36.8664
5588750.0,39.0765
5589375.0,39.9438
5590000.0,215.2032
5590625.0,244.7098
5591250.0,199.9358
5591875.0,220.8594
5592500.0,220.3064
5593125.0,237.9638
5593750.0,239.6059
5594375.0,235.7350
5595000.0,43.8262
5595625.0,49.0272
5596250.0,48.1962
5596875.0,43.0726
5597500.0,33.1760
5598125.0,38.9203
5598750.0,36.6668
5599375.0,34.6224
5600000.0,229.5852
5600625.0,236.2229
5601250.0,231.0389
5601875.0,213.9970
5602500.0,253.8725
5603125.0,243.6489
5603750.0,228.1096
5604375.0,228.5769
5605000.0,47.8448
5605625.0,44.3454
5606250.0,47.7583
5606875.0,43.8728
5607500.0,36.8695
5608125.0,34.8381
5608750.0,34.9315
5609375.0,40.0446
5610000.0,225.6663
5610625.0,227.3333
5611250.0,202.3720
5611875.0,218.2837
5612500.0,230.1886
5613125.0,227.1840
5613750.0,200.7672
5614375.0,227.3303
5615000.0,47.8614
5615625.0,50.0168
5616250.0,45.4602
5616875.0,41.7311
5617500.0,35.1560
5618125.0,34.9704
5618750.0,38.3629
5619375.0,31.9740
5620000.0,226.7991
5620625.0,248.5392
5621250.0,232.0837
5621875.0,242.3973
5622500.0,212.9551
5623125.0,213.4169
5623750.0,248.6720
5624375.0,233.1741
5625000.0,47.2427
5625625.0,44.3723
5626250.0,47.2368
5626875.0,44.3070
5627500.0,39.1957
5628125.0,42.0465
5628750.0,37.8953
5629375.0,35.8253
5630000.0,196.4963
5630625.0,206.0498
5631250.0,242.4922
5631875.0,213.4216
5632500.0,220.8281
5633125.0,232.3724
5633750.0,241.6758
5634375.0,222.7546
5635000.0,46.0490
5635625.0,47.1683
5636250.0,45.5251
5636875.0,45.6515
5637500.0,37.7620
5638125.0,37.3428
5638750.0,40.9435
5639375.0,37.8119
5640000.0,245.3533
5640625.0,219.5731
5641250.0,238.0918
5641875.0,223.6134
5642500.0,236.5873
5643125.0,239.9868
5643750.0,232.5785
5644375.0,259.9250
5645000.0,50.3558
5645625.0,49.7665
5646250.0,48.7961
5646875.0,51.1439
5647500.0,34.3416
5648125.0,39.5350
5648750.0,35.1662
5649375.0,35.9560
5650000.0,231.3157
5650625.0,238.8737
5651250.0,212.0223
5651875.0,219.2339
5652500.0,226.0972
5653125.0,222.9034
5653750.0,234.6079
5654375.0,263.6542
5655000.0,47.9854
5655625.0,45.2723
5656250.0,43.9532
5656875.0,46.2357
5657500.0,35.2605
5658125.0,37.8650
5658750.0,37.8362
5659375.0,36.1431
5660000.0,255.0255
5660625.0,223.4688
5661250.0,230.6146
5661875.0,239.4143
5662500.0,242.3478
5663125.0,246.8199
5663750.0,236.9706
5664375.0,244.1906
5665000.0,45.4370
5665625.0,49.1575
5666250.0,49.1261
5666875.0,50.5553
5667500.0,33.9134
5668125.0,35.3217
5668750.0,38.5228
5669375.0,32.0950
5670000.0,230.5351
5670625.0,236.9228
5671250.0,218.5158
5671875.0,220.1604
5672500.0,212.9160
5673125.0,219.1326
5673750.0,219.4586
5674375.0,217.3180
5675000.0,45.2665
5675625.0,46.3631
5676250.0,46.3347
5676875.0,51.4042
5677500.0,36.2708
5678125.0,37.6367
5678750.0,35.9328
5679375.0,35.9092
5680000.0,212.2293
5680625.0,213.7722
5681250.0,217.9988
5681875.0,234.1309
5682500.0,244.4836
5683125.0,211.2747
5683750.0,225.6307
5684375.0,216.1441
5685000.0,46.3789
5685625.0,49.5281
5686250.0,45.9498
5686875.0,46.8883
5687500.0,39.6922
5688125.0,37.8471
5688750.0,35.5938
5689375.0,37.2940
5690000.0,215.6901
5690625.0,229.7304
5691250.0,230.7976
5691875.0,209.6195
5692500.0,226.9704
5693125.0,223.6773
5693750.0,231.1276
5694375.0,234.3527
5695000.0,48.1220
5695625.0,46.2875
5696250.0,49.1933
5696875.0,44.9483
5697500.0,34.5570
5698125.0,31.0887
5698750.0,36.8702
5699375.0,35.4801
5700000.0,236.6140
5700625.0,209.1338
5701250.0,224.4927
5701875.0,237.4551
5702500.0,220.0539
5703125.0,236.7474
5703750.0,225.5385
5704375.0,231.6194
5705000.0,48.3986
5705625.0,49.2391
5706250.0,47.2174
5706875.0,45.0871
5707500.0,36.1526
5708125.0,38.1784
5708750.0,35.1107
5709375.0,36.6706
5710000.0,220.6588
5710625.0,223.8372
5711250.0,213.6456
5711875.0,204.1656
5712500.0,230.8584
5713125.0,235.8465
5713750.0,204.8380
5714375.0,229.1504
5715000.0,49.5455
5715625.0,48.4004
5716250.0,46.0208
5716875.0,44.7828
5717500.0,37.1498
5718125.0,37.4584
5718750.0,37.1772
5719375.0,36.6668
5720000.0,219.4412
5720625.0,236.9032
5721250.0,237.4619
5721875.0,234.3295
5722500.0,233.2875
5723125.0,251.4793
5723750.0,224.7572
5724375.0,246.8646
5725000.0,45.2750
5725625.0,49.6060
5726250.0,49.8984
5726875.0,46.3113
5727500.0,40.0728
5728125.0,37.8677
5728750.0,35.3770
5729375.0,36.3078
5730000.0,237.7436
5730625.0,235.3845
5731250.0,213.0970
5731875.0,223.4334
5732500.0,227.2896
5733125.0,219.2894
5733750.0,251.5252
5734375.0,227.6287
5735000.0,46.8547
5735625.0,49.7985
5736250.0,46.1417
5736875.0,49.3675
5737500.0,33.9147
5738125.0,36.1607
5738750.0,38.9408
5739375.0,39.9049
5740000.0,223.0298
5740625.0,221.6781
5741250.0,238.5824
5741875.0,224.7728
5742500.0,228.8845
5743125.0,242.1663
5743750.0,225.6884
5744375.0,209.2011
5745000.0,43.9425
5745625.0,47.0234
5746250.0,42.6210
5746875.0,46.3017
5747500.0,34.4246
5748125.0,40.0339
5748750.0,41.0055
5749375.0,35.0423
5750000.0,227.8885
5750625.0,214.1955
5751250.0,221.5202
5751875.0,245.2890
5752500.0,219.7498
5753125.0,221.7821
5753750.0,214.3965
5754375.0,237.8946
5755000.0,39.3313
5755625.0,45.9594
5756250.0,46.8922
5756875.0,45.4465
5757500.0,38.5976
5758125.0,39.2238
5758750.0,34.3877
5759375.0,40.8730
5760000.0,215.4902
5760625.0,246.9481
5761250.0,233.7380
5761875.0,226.1571
5762500.0,227.2513
5763125.0,231.6113
5763750.0,234.4176
5764375.0,221.3262
5765000.0,46.4502
5765625.0,45.1889
5766250.0,44.1446
5766875.0,45.0793
5767500.0,34.8725
5768125.0,36.2227
5768750.0,37.8001
5769375.0,37.2233
5770000.0,247.2114
5770625.0,200.1324
5771250.0,230.2801
5771875.0,225.0722
5772500.0,234.1763
5773125.0,233.0602
5773750.0,223.1438
5774375.0,226.9423
5775000.0,45.2514
5775625.0,48.4421
5776250.0,42.5846
5776875.0,48.8255
5777500.0,36.9571
5778125.0,36.0989
5778750.0,36.5698
5779375.0,36.7055
5780000.0,247.0487
5780625.0,269.5085
5781250.0,246.1505
5781875.0,225.4422
5782500.0,239.3055
5783125.0,239.8106
5783750.0,221.2681
5784375.0,217.3747
5785000.0,46.8513
5785625.0,48.8981
5786250.0,43.2123
5786875.0,45.3059
5787500.0,38.0594
5788125.0,37.0772
5788750.0,39.6201
5789375.0,34.3890
5790000.0,251.4619
5790625.0,207.6976
5791250.0,202.1719
5791875.0,224.3372
5792500.0,212.2373
5793125.0,224.5640
5793750.0,224.1706
5794375.0,222.7975
5795000.0,45.0203
5795625.0,48.0167
5796250.0,46.2543
5796875.0,49.5936
5797500.0,36.6663
5798125.0,35.2154
5798750.0,33.8777
5799375.0,36.6816
5800000.0,217.2772
5800625.0,216.3404
5801250.0,238.1185
5801875.0,211.3790
5802500.0,248.3814
5803125.0,233.8527
5803750.0,231.4914
5804375.0,219.9967
5805000.0,48.7963
5805625.0,46.9932
5806250.0,45.3877
5806875.0,47.4696
5807500.0,33.8868
5808125.0,33.9746
5808750.0,34.9277
5809375.0,37.6466
5810000.0,224.9633
5810625.0,236.8010
5811250.0,214.6501
5811875.0,231.4650
5812500.0,223.7190
5813125.0,214.3907
5813750.0,229.3347
5814375.0,224.2574
5815000.0,45.5216
5815625.0,47.0987
5816250.0,46.6956
5816875.0,46.6388
5817500.0,36.2367
5818125.0,34.5858
5818750.0,37.1383
5819375.0,35.5150
5820000.0,220.1642
5820625.0,229.2079
5821250.0,240.5147
5821875.0,234.1531
5822500.0,225.8388
5823125.0,225.3724
5823750.0,239.3754
5824375.0,204.1979
5825000.0,48.8738
5825625.0,42.5961
5826250.0,43.6738
5826875.0,45.7915
5827500.0,41.0147
5828125.0,40.1032
5828750.0,38.3070
5829375.0,37.6596
5830000.0,204.0494
5830625.0,226.7635
5831250.0,218.8213
5831875.0,215.8125
5832500.0,226.7415
5833125.0,219.7000
5833750.0,234.7796
5834375.0,203.2205
5835000.0,47.1763
5835625.0,44.9341
5836250.0,46.0374
5836875.0,47.7159
5837500.0,34.9330
5838125.0,37.3038
5838750.0,36.6072
5839375.0,35.7779
5840000.0,226.5414
5840625.0,230.2072
5841250.0,223.0931
5841875.0,232.0823
5842500.0,228.7732
5843125.0,224.9091
5843750.0,250.4422
5844375.0,236.8168
5845000.0,46.1006
5845625.0,47.3428
5846250.0,44.5870
5846875.0,45.9736
5847500.0,36.4079
5848125.0,34.6934
5848750.0,37.7166
5849375.0,36.0646
5850000.0,221.0010
5850625.0,218.6019
5851250.0,258.2898
5851875.0,217.5456
5852500.0,201.7274
5853125.0,207.0008
5853750.0,233.5422
5854375.0,240.0351
5855000.0,45.3978
5855625.0,50.0055
5856250.0,48.7427
5856875.0,46.5547
5857500.0,36.5182
5858125.0,37.3346
5858750.0,38.6233
5859375.0,37.7350
5860000.0,224.1490
5860625.0,229.9792
5861250.0,254.9827
5861875.0,234.9141
5862500.0,242.0842
5863125.0,238.2627
5863750.0,235.1709
5864375.0,233.2609
5865000.0,49.1089
5865625.0,48.6888
5866250.0,47.6201
5866875.0,45.3697
5867500.0,37.7133
5868125.0,36.8760
5868750.0,36.4297
5869375.0,41.9557
5870000.0,207.6857
5870625.0,235.7833
5871250.0,215.2950
5871875.0,226.4759
5872500.0,253.8966
5873125.0,214.1733
5873750.0,216.8564
5874375.0,224.8030
5875000.0,45.0090
5875625.0,49.0775
5876250.0,45.7439
5876875.0,48.5369
5877500.0,34.5410
5878125.0,33.6574
5878750.0,36.5764
5879375.0,34.0983
5880000.0,249.6119
5880625.0,214.2543
5881250.0,219.9628
5881875.0,236.7980
5882500.0,225.1982
5883125.0,214.3867
5883750.0,255.6636
5884375.0,220.3810
5885000.0,46.5388
5885625.0,46.5084
5886250.0,48.6692
5886875.0,48.0865
5887500.0,35.4704
5888125.0,36.3972
5888750.0,36.5802
5889375.0,38.3856
5890000.0,211.8564
5890625.0,247.7037
5891250.0,216.4592
5891875.0,224.9016
5892500.0,211.9501
5893125.0,210.3957
5893750.0,215.1627
5894375.0,214.0816
5895000.0,46.0265
5895625.0,44.6994
5896250.0,48.6345
5896875.0,45.1600
5897500.0,35.3464
5898125.0,36.2730
5898750.0,38.8368
5899375.0,37.3975
5900000.0,230.8436
5900625.0,215.3767
5901250.0,218.7446
5901875.0,217.1704
5902500.0,247.1595
5903125.0,238.1545
5903750.0,222.0052
5904375.0,225.4533
5905000.0,45.0606
5905625.0,44.9182
5906250.0,48.0817
5906875.0,46.3243
5907500.0,40.8502
5908125.0,39.3132
5908750.0,39.4225
5909375.0,38.2420
5910000.0,220.2451
5910625.0,231.7251
5911250.0,221.0756
5911875.0,243.3406
5912500.0,229.5481
5913125.0,227.9516
5913750.0,226.4296
5914375.0,244.5780
5915000.0,43.6307
5915625.0,51.3200
5916250.0,46.5625
5916875.0,43.6955
5917500.0,35.6084
5918125.0,33.9460
5918750.0,38.2093
5919375.0,35.0792
5920000.0,233.9565
5920625.0,245.1569
5921250.0,224.2046
5921875.0,228.8900
5922500.0,216.8809
5923125.0,227.4951
5923750.0,261.8587
5924375.0,241.0240
5925000.0,46.3779
5925625.0,45.5625
5926250.0,46.8998
5926875.0,47.3056
5927500.0,36.2247
5928125.0,37.9806
5928750.0,35.2361
5929375.0,35.2270
5930000.0,229.1647
5930625.0,211.8528
5931250.0,233.2014
5931875.0,224.8393
5932500.0,204.4360
5933125.0,226.2319
5933750.0,206.0421
5934375.0,232.8003
5935000.0,46.4155
5935625.0,51.3500
5936250.0,49.5176
5936875.0,44.5074
5937500.0,33.2616
5938125.0,35.6031
5938750.0,34.7407
5939375.0,40.3776
5940000.0,231.8803
5940625.0,242.8277
5941250.0,228.6936
5941875.0,229.9159
5942500.0,231.6215
5943125.0,244.8359
5943750.0,235.6148
5944375.0,219.7349
5945000.0,50.8129
5945625.0,46.3119
5946250.0,45.9295
5946875.0,40.3507
5947500.0,38.1736
5948125.0,37.1869
5948750.0,37.1849
5949375.0,36.2548
5950000.0,218.5288
5950625.0,220.8422
5951250.0,230.2106
5951875.0,232.1901
5952500.0,222.4009
5953125.0,235.6755
5953750.0,224.1115
5954375.0,219.3275
5955000.0,47.4663
5955625.0,43.8054
5956250.0,47.5469
5956875.0,43.3759
5957500.0,35.0987
5958125.0,33.2654
5958750.0,36.6760
5959375.0,39.9778
5960000.0,230.6419
5960625.0,239.4656
5961250.0,259.2868
5961875.0,236.6870
5962500.0,223.1235
5963125.0,224.7202
5963750.0,232.0076
5964375.0,224.6584
5965000.0,45.6885
5965625.0,49.3153
5966250.0,49.4115
5966875.0,43.1298
5967500.0,35.4864
5968125.0,36.1416
5968750.0,38.1083
5969375.0,39.1147
5970000.0,255.3971
5970625.0,219.7612
5971250.0,220.3231
5971875.0,231.6214
5972500.0,217.3251
5973125.0,223.4142
5973750.0,220.3308
5974375.0,195.5064
5975000.0,47.2896
5975625.0,46.5715
5976250.0,49.9874
5976875.0,47.0129
5977500.0,34.6787
5978125.0,36.5225
5978750.0,33.1315
5979375.0,34.7598
5980000.0,239.3719
5980625.0,229.1309
5981250.0,242.7011
5981875.0,209.1840
5982500.0,229.1874
5983125.0,226.4841
5983750.0,243.0878
5984375.0,239.8040
5985000.0,48.5093
5985625.0,50.6223
5986250.0,46.1350
5986875.0,50.1374
5987500.0,35.0682
5988125.0,35.0004
5988750.0,38.3926
5989375.0,34.2162
5990000.0,231.4436
5990625.0,226.1398
5991250.0,237.0583
5991875.0,224.3313
5992500.0,225.6306
5993125.0,230.7292
5993750.0,217.5452
5994375.0,217.0552
5995000.0,48.1149
5995625.0,46.9312
5996250.0,46.0428
5996875.0,46.8055
5997500.0,39.9499
5998125.0,36.1804
5998750.0,36.1268
5999375.0,33.8412
6000000.0,231.5087
6000625.0,239.6198
6001250.0,241.6999
6001875.0,233.2553
6002500.0,243.0877
6003125.0,240.4823
6003750.0,244.9102
6004375.0,243.4179
6005000.0,50.6894
6005625.0,46.6012
6006250.0,43.8814
6006875.0,48.5597
6007500.0,38.4440
6008125.0,39.9045
6008750.0,39.3704
6009375.0,40.5991
6010000.0,231.9734
6010625.0,227.5741
6011250.0,209.4189
6011875.0,228.4661
6012500.0,218.7843
6013125.0,227.3795
6013750.0,225.6133
6014375.0,230.3070
6015000.0,46.7713
6015625.0,49.1973
6016250.0,40.6006
6016875.0,47.4465
6017500.0,39.2246
6018125.0,40.4596
6018750.0,38.3541
6019375.0,40.1170
6020000.0,233.9597
6020625.0,232.0332
6021250.0,238.1412
6021875.0,231.9629
6022500.0,222.9247
6023125.0,226.0232
6023750.0,219.0990
6024375.0,238.1292
6025000.0,47.0268
6025625.0,46.1533
6026250.0,45.6683
6026875.0,48.1869
6027500.0,38.4438
6028125.0,34.9085
6028750.0,34.6178
6029375.0,38.7658
6030000.0,209.5298
6030625.0,231.1592
6031250.0,243.1902
6031875.0,243.2164
6032500.0,233.3011
6033125.0,232.9741
6033750.0,250.3340
6034375.0,198.7380
6035000.0,45.9088
6035625.0,48.9940
6036250.0,46.2074
6036875.0,49.9135
6037500.0,36.9272
6038125.0,37.2437
6038750.0,36.4919
6039375.0,36.0334
6040000.0,225.6535
6040625.0,235.1455
6041250.0,223.0150
6041875.0,243.0572
6042500.0,239.5774
6043125.0,244.7532
6043750.0,218.9045
6044375.0,212.2861
6045000.0,46.9902
6045625.0,53.8122
6046250.0,49.9756
6046875.0,45.6971
6047500.0,37.7853
6048125.0,38.3460
6048750.0,34.4685
6049375.0,39.5338
6050000.0,223.1165
6050625.0,223.9798
6051250.0,225.2676
6051875.0,237.8761
6052500.0,216.5042
6053125.0,205.7966
6053750.0,228.6332
6054375.0,202.0088
6055000.0,46.2924
6055625.0,49.7892
6056250.0,48.3609
6056875.0,49.4495
6057500.0,38.1477
6058125.0,41.4591
6058750.0,35.9118
6059375.0,37.7365
6060000.0,226.9178
6060625.0,243.0989
6061250.0,231.2857
6061875.0,251.9386
6062500.0,225.8425
6063125.0,248.3227
6063750.0,238.8804
6064375.0,231.6235
6065000.0,48.2747
6065625.0,47.6140
6066250.0,47.8365
6066875.0,46.5139
6067500.0,35.7021
6068125.0,36.3801
6068750.0,33.8862
6069375.0,38.5576
6070000.0,211.1044
6070625.0,222.5515
6071250.0,232.2905
6071875.0,234.4432
6072500.0,205.0352
6073125.0,223.9667
6073750.0,230.1721
6074375.0,225.5852
6075000.0,50.1586
6075625.0,45.0688
6076250.0,42.1848
6076875.0,48.9043
6077500.0,36.0064
6078125.0,33.7467
6078750.0,36.7068
6079375.0,39.2765
6080000.0,217.3463
6080625.0,259.0976
6081250.0,222.2806
6081875.0,233.0093
6082500.0,217.8581
6083125.0,232.4827
6083750.0,230.4485
6084375.0,214.7219
6085000.0,53.6407
6085625.0,45.8360
6086250.0,45.8380
6086875.0,49.2772
6087500.0,40.3564
6088125.0,39.0839
6088750.0,34.7778
6089375.0,37.3957
6090000.0,203.8346
6090625.0,235.1442
6091250.0,206.6041
6091875.0,215.9640
6092500.0,224.9640
6093125.0,230.0063
6093750.0,222.0645
6094375.0,242.0897
6095000.0,48.6996
6095625.0,48.5151
6096250.0,44.1109
6096875.0,50.9935
6097500.0,35.5143
6098125.0,40.2145
6098750.0,40.7411
6099375.0,37.9484
6100000.0,243.9714
6100625.0,196.2381
6101250.0,229.7380
6101875.0,244.7851
6102500.0,242.7243
6103125.0,217.8512
6103750.0,228.5928
6104375.0,202.5782
6105000.0,47.9705
6105625.0,42.5742
6106250.0,49.6566
6106875.0,49.7794
6107500.0,36.1224
6108125.0,37.9644
6108750.0,36.5984
6109375.0,37.4475
6110000.0,212.0933
6110625.0,232.0030
6111250.0,206.5367
6111875.0,204.4133
6112500.0,223.6283
6113125.0,222.6235
6113750.0,228.0634
6114375.0,217.6930
6115000.0,51.4314
6115625.0,47.3774
6116250.0,47.5473
6116875.0,47.4635
6117500.0,38.8554
6118125.0,38.0656
6118750.0,37.8177
6119375.0,38.3616
6120000.0,210.8345
6120625.0,211.2726
6121250.0,231.1177
6121875.0,229.7070
6122500.0,238.7258
6123125.0,232.2322
6123750.0,238.7496
6124375.0,217.5511
6125000.0,46.9748
6125625.0,43.8485
6126250.0,47.9091
6126875.0,42.5860
6127500.0,37.6444
6128125.0,34.2824
6128750.0,36.2905
6129375.0,38.6556
6130000.0,227.5580
6130625.0,206.4863
6131250.0,217.4356
6131875.0,208.1095
6132500.0,205.9340
6133125.0,226.3237
6133750.0,231.3034
6134375.0,229.9568
6135000.0,48.4162
6135625.0,46.9720
6136250.0,46.3575
6136875.0,44.4783
6137500.0,36.1859
6138125.0,34.5555
6138750.0,35.4364
6139375.0,37.1645
6140000.0,230.6334
6140625.0,267.5508
6141250.0,216.3888
6141875.0,230.5489
6142500.0,215.4847
6143125.0,227.5017
6143750.0,227.9737
6144375.0,241.8006
6145000.0,45.9433
6145625.0,46.5504
6146250.0,45.9888
6146875.0,43.7075
6147500.0,35.7936
6148125.0,36.2934
6148750.0,37.1366
6149375.0,38.0341
6150000.0,222.3608
6150625.0,222.1630
6151250.0,205.6409
6151875.0,231.0720
6152500.0,217.1711
6153125.0,233.4051
6153750.0,239.8099
6154375.0,222.8860
6155000.0,44.5952
6155625.0,46.9608
6156250.0,47.8194
6156875.0,46.2585
6157500.0,35.9565
6158125.0,38.0425
6158750.0,37.9205
6159375.0,36.3594
6160000.0,212.8128
6160625.0,237.2940
6161250.0,223.0990
6161875.0,234.4864
6162500.0,233.7534
6163125.0,210.0882
6163750.0,232.9405
6164375.0,237.9686
6165000.0,48.4973
6165625.0,47.2758
6166250.0,42.3536
6166875.0,50.0011
6167500.0,37.7604
6168125.0,34.7739
6168750.0,35.5426
6169375.0,37.4278
6170000.0,232.6476
6170625.0,219.5104
6171250.0,234.2872
6171875.0,204.8314
6172500.0,213.2723
6173125.0,201.7759
6173750.0,214.9042
6174375.0,241.9659
6175000.0,51.8358
6175625.0,47.5513
6176250.0,45.4997
6176875.0,46.4791
6177500.0,37.8757
6178125.0,34.1085
6178750.0,35.9409
6179375.0,39.6546
6180000.0,219.8698
6180625.0,223.3113
6181250.0,232.1530
6181875.0,235.2845
6182500.0,224.7500
6183125.0,232.8928
6183750.0,239.0521
6184375.0,254.7528
6185000.0,46.7033
6185625.0,46.9030
6186250.0,50.5895
6186875.0,45.7095
6187500.0,34.5499
6188125.0,37.4630
6188750.0,38.9909
6189375.0,37.6679
6190000.0,223.9086
6190625.0,208.7056
6191250.0,224.3433
6191875.0,238.8730
6192500.0,211.1162
6193125.0,222.2466
6193750.0,220.6408
6194375.0,217.1508
6195000.0,47.5826
6195625.0,48.0418
6196250.0,48.0171
6196875.0,44.7045
6197500.0,33.9549
6198125.0,37.4854
6198750.0,36.0640
6199375.0,40.4009
6200000.0,253.8603
6200625.0,255.0920
6201250.0,221.0947
6201875.0,238.6047
6202500.0,242.1030
6203125.0,240.7969
6203750.0,227.8890
6204375.0,246.8383
6205000.0,47.0011
6205625.0,47.3010
6206250.0,43.3861
6206875.0,48.5152
6207500.0,36.5182
6208125.0,37.8598
6208750.0,37.4350
6209375.0,37.3347
6210000.0,224.4857
6210625.0,233.8492
6211250.0,222.7625
6211875.0,208.6290
6212500.0,231.4008
6213125.0,215.8987
6213750.0,210.1021
6214375.0,213.4998
6215000.0,47.6658
6215625.0,46.7732
6216250.0,41.9882
6216875.0,46.0984
6217500.0,39.1631
6218125.0,36.1651
6218750.0,36.6939
6219375.0,38.9295
6220000.0,241.2277
6220625.0,243.8523
6221250.0,199.8384
6221875.0,252.1089
6222500.0,239.3822
6223125.0,260.5531
6223750.0,222.9250
6224375.0,211.5440
6225000.0,47.0170
6225625.0,46.3529
6226250.0,48.5361
6226875.0,49.5261
6227500.0,36.8385
6228125.0,36.5547
6228750.0,37.9670
6229375.0,36.5258
6230000.0,221.1752
6230625.0,236.6678
6231250.0,239.1725
6231875.0,237.1946
6232500.0,223.1074
6233125.0,200.9274
6233750.0,223.3327
6234375.0,216.4727
6235000.0,46.6951
6235625.0,45.4229
6236250.0,46.9513
6236875.0,44.5577
6237500.0,34.6307
6238125.0,39.2620
6238750.0,35.2061
6239375.0,37.0006
6240000.0,243.0724
6240625.0,242.6059
6241250.0,241.2202
6241875.0,235.5133
6242500.0,240.3984
6243125.0,247.9278
6243750.0,236.9303
6244375.0,210.6885
6245000.0,45.7579
6245625.0,48.6365
6246250.0,45.5263
6246875.0,50.8072
6247500.0,36.8831
6248125.0,37.1577
6248750.0,39.0808
6249375.0,36.6617
6250000.0,226.9831
6250625.0,235.1151
6251250.0,208.4370
6251875.0,221.7904
6252500.0,234.3280
6253125.0,225.7380
6253750.0,241.5075
6254375.0,207.2709
6255000.0,43.0285
6255625.0,48.8088
6256250.0,49.0346
6256875.0,46.5459
6257500.0,37.7407
6258125.0,38.3786
6258750.0,35.4944
6259375.0,35.6923
6260000.0,234.2008
6260625.0,242.4874
6261250.0,218.4749
6261875.0,229.7038
6262500.0,229.1669
6263125.0,236.8483
6263750.0,231.8991
6264375.0,225.6678
6265000.0,49.9341
6265625.0,45.7327
6266250.0,46.3136
6266875.0,43.2600
6267500.0,35.6798
6268125.0,37.9547
6268750.0,37.5931
6269375.0,38.1091
6270000.0,231.1986
6270625.0,248.4868
6271250.0,216.5866
6271875.0,206.7815
6272500.0,213.1813
6273125.0,217.0839
6273750.0,214.0388
6274375.0,226.0537
6275000.0,49.9437
6275625.0,50.6182
6276250.0,48.1851
6276875.0,52.0320
6277500.0,36.3407
6278125.0,33.9798
6278750.0,38.9484
6279375.0,33.5986
6280000.0,223.2420
6280625.0,238.0333
6281250.0,230.8124
6281875.0,229.7849
6282500.0,218.3028
6283125.0,231.8747
6283750.0,243.6425
6284375.0,232.2316
6285000.0,45.0490
6285625.0,44.0683
6286250.0,45.0975
6286875.0,47.9220
6287500.0,37.6357
6288125.0,35.5191
6288750.0,32.9101
6289375.0,37.7770
6290000.0,214.9008
6290625.0,232.7520
6291250.0,216.4938
6291875.0,213.8861
6292500.0,226.7232
6293125.0,251.5241
6293750.0,233.4266
6294375.0,226.5325
6295000.0,47.8433
6295625.0,42.8849
6296250.0,44.3625
6296875.0,41.0993
6297500.0,40.2003
6298125.0,39.8257
6298750.0,37.7267
6299375.0,37.2500
6300000.0,214.0016
6300625.0,229.4561
6301250.0,252.7917
6301875.0,233.5244
6302500.0,225.4501
6303125.0,211.6064
6303750.0,248.0115
6304375.0,231.1870
6305000.0,42.8717
6305625.0,44.8280
6306250.0,43.9978
6306875.0,46.6904
6307500.0,37.3836
6308125.0,36.0690
6308750.0,38.4375
6309375.0,37.1458
6310000.0,236.9510
6310625.0,220.9816
6311250.0,259.2599
6311875.0,218.6495
6312500.0,214.8375
6313125.0,213.4541
6313750.0,222.6269
6314375.0,205.6552
6315000.0,47.6922
6315625.0,42.5225
6316250.0,47.3799
6316875.0,43.8246
6317500.0,36.2946
6318125.0,38.1184
6318750.0,41.2625
6319375.0,35.0057
6320000.0,230.2563
6320625.0,223.6044
6321250.0,221.9095
6321875.0,223.7063
6322500.0,241.5592
6323125.0,226.3386
6323750.0,258.0920
6324375.0,236.8254
6325000.0,44.6265
6325625.0,46.1382
6326250.0,45.1157
6326875.0,48.8802
6327500.0,33.9683
6328125.0,34.5192
6328750.0,35.9056
6329375.0,38.2635
6330000.0,238.8719
6330625.0,240.5311
6331250.0,230.9603
6331875.0,224.0675
6332500.0,233.9395
6333125.0,212.1244
6333750.0,204.2476
6334375.0,229.9122
6335000.0,44.6367
6335625.0,46.8465
6336250.0,47.2811
6336875.0,47.5831
6337500.0,38.7349
6338125.0,38.5393
6338750.0,37.3608
6339375.0,36.1823
6340000.0,233.2500
6340625.0,225.0840
6341250.0,229.7214
6341875.0,262.3708
6342500.0,234.1134
6343125.0,237.2228
6343750.0,223.8164
6344375.0,243.8329
6345000.0,48.7866
6345625.0,48.8033
6346250.0,47.5050
6346875.0,49.4303
6347500.0,39.3526
6348125.0,37.5237
6348750.0,36.7880
6349375.0,38.6550
6350000.0,214.8286
6350625.0,216.9229
6351250.0,224.4004
6351875.0,205.4097
6352500.0,234.3104
6353125.0,214.1672
6353750.0,219.6957
6354375.0,222.6006
6355000.0,47.0923
6355625.0,46.1924
6356250.0,46.8417
6356875.0,46.8599
6357500.0,36.1730
6358125.0,35.5696
6358750.0,39.0007
6359375.0,33.1068
6360000.0,229.6137
6360625.0,226.5608
6361250.0,236.8580
6361875.0,215.1302
6362500.0,226.2025
6363125.0,230.8126
6363750.0,244.4129
6364375.0,235.8533
6365000.0,44.2188
6365625.0,45.8544
6366250.0,49.0822
6366875.0,44.1782
6367500.0,36.8545
6368125.0,36.9831
6368750.0,36.2863
6369375.0,41.9871
6370000.0,220.3568
6370625.0,230.0599
6371250.0,216.3791
6371875.0,230.9372
6372500.0,234.7964
6373125.0,218.3854
6373750.0,224.3846
6374375.0,214.9281
6375000.0,44.3107
6375625.0,49.4365
6376250.0,45.6981
6376875.0,41.3280
6377500.0,40.2659
6378125.0,35.5161
6378750.0,36.5442
6379375.0,40.0357
6380000.0,230.3558
6380625.0,230.1053
6381250.0,217.7532
6381875.0,213.0359
6382500.0,230.0699
6383125.0,236.2086
6383750.0,235.5441
6384375.0,226.4174
6385000.0,47.0476
6385625.0,42.6826
6386250.0,48.0814
6386875.0,47.3793
6387500.0,40.6513
6388125.0,37.0138
6388750.0,35.2561
6389375.0,36.9062
6390000.0,221.3123
6390625.0,229.8905
6391250.0,225.3025
6391875.0,210.8256
6392500.0,206.5979
6393125.0,227.9577
6393750.0,240.5600
6394375.0,225.8927
6395000.0,48.9112
6395625.0,49.3801
6396250.0,47.6270
6396875.0,45.0859
6397500.0,37.3613
6398125.0,39.2331
6398750.0,37.9803
6399375.0,38.3843
6400000.0,226.6345
6400625.0,229.6527
6401250.0,230.6228
6401875.0,231.4045
6402500.0,245.5483
6403125.0,204.7728
6403750.0,232.3542
6404375.0,231.0778
6405000.0,43.7770
6405625.0,48.5787
6406250.0,45.2974
6406875.0,46.1610
6407500.0,40.4202
6408125.0,38.8685
6408750.0,38.0628
6409375.0,37.7044
6410000.0,223.1473
6410625.0,247.4930
6411250.0,234.0244
6411875.0,216.5676
6412500.0,209.2488
6413125.0,231.3769
6413750.0,224.3715
6414375.0,208.9244
6415000.0,48.0072
6415625.0,46.3678
6416250.0,48.2471
6416875.0,48.0381
6417500.0,35.8747
6418125.0,38.1708
6418750.0,36.0789
6419375.0,36.1992
6420000.0,225.8257
6420625.0,245.1193
6421250.0,228.7454
6421875.0,247.9203
6422500.0,252.6884
6423125.0,223.4309
6423750.0,198.1165
6424375.0,244.1163
6425000.0,46.1964
6425625.0,44.9645
6426250.0,45.6165
6426875.0,46.0252
6427500.0,39.3998
6428125.0,37.2958
6428750.0,39.3747
6429375.0,37.9143
6430000.0,221.5212
6430625.0,220.6085
6431250.0,231.3181
6431875.0,234.2298
6432500.0,236.2139
6433125.0,222.0577
6433750.0,226.9711
6434375.0,231.5705
6435000.0,46.0977
6435625.0,44.3329
6436250.0,45.1053
6436875.0,46.4336
6437500.0,38.2251
6438125.0,39.3291
6438750.0,34.4913
6439375.0,35.8949
6440000.0,227.8488
6440625.0,241.2187
6441250.0,225.8739
6441875.0,227.0151
6442500.0,215.6209
6443125.0,237.6075
6443750.0,230.1278
6444375.0,224.4131
6445000.0,46.3901
6445625.0,49.6484
6446250.0,44.6385
6446875.0,45.0221
6447500.0,39.3167
6448125.0,37.1402
6448750.0,38.2390
6449375.0,37.7432
6450000.0,224.6025
6450625.0,221.0816
6451250.0,234.3550
6451875.0,238.0763
6452500.0,237.1971
6453125.0,211.6634
6453750.0,239.6802
6454375.0,220.9732
6455000.0,45.2257
6455625.0,46.6021
6456250.0,48.9532
6456875.0,48.2701
6457500.0,36.5275
6458125.0,38.5497
6458750.0,37.2587
6459375.0,35.9400
6460000.0,223.7868
6460625.0,236.7587
6461250.0,231.0428
6461875.0,216.0441
6462500.0,241.8271
6463125.0,226.4288
6463750.0,250.4686
6464375.0,215.7253
6465000.0,46.5753
6465625.0,45.3551
6466250.0,44.7078
6466875.0,45.8560
6467500.0,40.2756
6468125.0,37.2652
6468750.0,35.5353
6469375.0,33.6170
6470000.0,205.6347
6470625.0,218.9648
6471250.0,217.8710
6471875.0,222.4794
6472500.0,199.4379
6473125.0,223.9686
6473750.0,236.5620
6474375.0,243.2570
6475000.0,42.5481
6475625.0,45.1167
6476250.0,44.9926
6476875.0,47.3424
6477500.0,34.7434
6478125.0,40.1122
6478750.0,37.0805
6479375.0,36.7722
6480000.0,250.4755
6480625.0,231.8138
6481250.0,236.6435
6481875.0,223.2907
6482500.0,216.1022
6483125.0,224.9198
6483750.0,257.3689
6484375.0,239.3430
6485000.0,47.6452
6485625.0,44.7055
6486250.0,49.1414
6486875.0,43.8094
6487500.0,34.1009
6488125.0,35.9661
6488750.0,40.6158
6489375.0,40.5111
6490000.0,219.9236
6490625.0,217.4153
6491250.0,206.5459
6491875.0,225.8778
6492500.0,226.8226
6493125.0,233.8825
6493750.0,235.2455
6494375.0,222.7790
6495000.0,48.3067
6495625.0,45.3535
6496250.0,48.2620
6496875.0,45.8080
6497500.0,37.8500
6498125.0,37.7002
6498750.0,37.1273
6499375.0,38.4699
6500000.0,213.7834
6500625.0,219.6470
6501250.0,228.8673
6501875.0,215.2581
6502500.0,227.2804
6503125.0,227.6543
6503750.0,247.1923
6504375.0,233.6534
6505000.0,49.4192
6505625.0,47.7089
6506250.0,45.7412
6506875.0,47.3142
6507500.0,38.3494
6508125.0,39.2078
6508750.0,36.7552
6509375.0,33.9521
6510000.0,205.6747
6510625.0,221.3279
6511250.0,198.6986
6511875.0,245.1949
6512500.0,231.7155
6513125.0,217.8487
6513750.0,212.5165
6514375.0,236.5663
6515000.0,44.3830
6515625.0,44.6072
6516250.0,45.2000
6516875.0,47.2681
6517500.0,38.1485
6518125.0,39.2064
6518750.0,38.9332
6519375.0,37.0014
6520000.0,243.8381
6520625.0,224.2164
6521250.0,210.8780
6521875.0,224.2149
6522500.0,222.6474
6523125.0,224.6689
6523750.0,220.8713
6524375.0,226.6511
6525000.0,48.4570
6525625.0,51.0309
6526250.0,42.9454
6526875.0,43.9738
6527500.0,35.5358
6528125.0,38.4166
6528750.0,36.6208
6529375.0,35.6604
6530000.0,233.0632
6530625.0,235.7594
6531250.0,224.7890
6531875.0,215.8175
6532500.0,228.0406
6533125.0,222.3757
6533750.0,222.2886
6534375.0,219.2355
6535000.0,49.1737
6535625.0,47.5872
6536250.0,49.4339
6536875.0,50.1404
6537500.0,37.8491
6538125.0,36.0630
6538750.0,38.9246
6539375.0,37.8615
6540000.0,262.1991
6540625.0,235.5972
6541250.0,240.0932
6541875.0,235.3689
6542500.0,230.8505
6543125.0,228.9980
6543750.0,235.4132
6544375.0,238.0456
6545000.0,49.7128
6545625.0,47.7258
6546250.0,45.9122
6546875.0,46.2319
6547500.0,34.5526
6548125.0,40.0732
6548750.0,35.9988
6549375.0,38.7898
6550000.0,228.1112
6550625.0,228.4170
6551250.0,223.6787
6551875.0,216.1373
6552500.0,214.1040
6553125.0,244.4452
6553750.0,226.2821
6554375.0,237.6593
6555000.0,50.2545
6555625.0,46.0345
6556250.0,47.9952
6556875.0,47.1058
6557500.0,34.8592
6558125.0,36.6569
6558750.0,38.0869
6559375.0,36.0768
6560000.0,228.2318
6560625.0,229.9889
6561250.0,256.4937
6561875.0,210.7250
6562500.0,237.8191
6563125.0,229.0613
6563750.0,224.5684
6564375.0,228.7766
6565000.0,48.5683
6565625.0,48.7026
6566250.0,47.4371
6566875.0,49.5679
6567500.0,39.3473
6568125.0,38.5103
6568750.0,35.9895
6569375.0,37.9147
6570000.0,230.6160
6570625.0,215.8241
6571250.0,207.3438
6571875.0,202.2438
6572500.0,225.7859
6573125.0,228.3529
6573750.0,211.7050
6574375.0,236.7679
6575000.0,47.3577
6575625.0,50.1712
6576250.0,47.8708
6576875.0,44.4941
6577500.0,37.8478
6578125.0,38.2397
6578750.0,35.9869
6579375.0,34.3321
6580000.0,233.1634
6580625.0,220.3902
6581250.0,245.0023
6581875.0,227.2768
6582500.0,252.0054
6583125.0,207.3598
6583750.0,233.5636
6584375.0,248.5810
6585000.0,44.9078
6585625.0,46.6259
6586250.0,46.0529
6586875.0,45.3931
6587500.0,37.4526
6588125.0,34.6035
6588750.0,36.7947
6589375.0,37.9546
6590000.0,222.5802
6590625.0,213.7477
6591250.0,236.5896
6591875.0,233.2154
6592500.0,213.2866
6593125.0,210.4413
6593750.0,214.2909
6594375.0,231.1343
6595000.0,47.6476
6595625.0,48.8567
6596250.0,46.2335
6596875.0,44.8269
6597500.0,38.6999
6598125.0,35.9761
6598750.0,37.3451
6599375.0,34.1326
6600000.0,225.3902
6600625.0,243.7090
6601250.0,223.6912
6601875.0,241.4482
6602500.0,204.9602
6603125.0,225.5111
6603750.0,230.0123
6604375.0,252.2135
6605000.0,44.2527
6605625.0,48.5768
6606250.0,49.4838
6606875.0,45.3045
6607500.0,36.3090
6608125.0,37.2620
6608750.0,34.2593
6609375.0,36.1581
6610000.0,239.3563
6610625.0,230.8799
6611250.0,223.2365
6611875.0,226.2721
6612500.0,231.5352
6613125.0,233.6896
6613750.0,218.7403
6614375.0,242.2656
6615000.0,50.0934
6615625.0,48.5916
6616250.0,45.0190
6616875.0,44.6025
6617500.0,36.3958
6618125.0,37.1124
6618750.0,33.7283
6619375.0,37.9152
6620000.0,246.9346
6620625.0,238.6871
6621250.0,224.1578
6621875.0,222.7849
6622500.0,235.4783
6623125.0,230.2217
6623750.0,237.1393
6624375.0,238.9800
6625000.0,49.5659
6625625.0,44.3395
6626250.0,47.5208
6626875.0,46.1458
6627500.0,36.8175
6628125.0,38.5992
6628750.0,38.8003
6629375.0,39.5871
6630000.0,229.7879
6630625.0,223.7623
6631250.0,222.1551
6631875.0,205.4840
6632500.0,240.0720
6633125.0,221.3786
6633750.0,230.6913
6634375.0,232.6387
6635000.0,44.0735
6635625.0,44.8301
6636250.0,50.6355
6636875.0,47.6825
6637500.0,35.9259
6638125.0,36.7663
6638750.0,39.0095
6639375.0,38.7285
6640000.0,214.9935
6640625.0,250.9577
6641250.0,243.2073
6641875.0,230.2313
6642500.0,218.1760
6643125.0,244.2265
6643750.0,237.5266
6644375.0,215.0895
6645000.0,46.4546
6645625.0,54.3465
6646250.0,47.0388
6646875.0,45.2564
6647500.0,35.1343
6648125.0,40.2784
6648750.0,38.5684
6649375.0,39.6038
6650000.0,227.7921
6650625.0,239.1077
6651250.0,215.4564
6651875.0,226.8291
6652500.0,228.2294
6653125.0,240.5525
6653750.0,228.5870
6654375.0,217.9630
6655000.0,47.1506
6655625.0,43.0604
6656250.0,41.5457
6656875.0,48.9537
6657500.0,36.3067
6658125.0,36.5164
6658750.0,38.5373
6659375.0,39.5845
6660000.0,238.2001
6660625.0,254.3656
6661250.0,237.8312
6661875.0,235.5057
6662500.0,234.7885
6663125.0,217.0883
6663750.0,243.0896
6664375.0,203.6326
6665000.0,45.6223
6665625.0,47.0539
6666250.0,45.1441
6666875.0,45.9384
6667500.0,40.4028
6668125.0,39.0424
6668750.0,35.7312
6669375.0,36.1313
6670000.0,210.6337
6670625.0,232.9312
6671250.0,222.1904
6671875.0,202.8773
6672500.0,226.1338
6673125.0,229.9385
6673750.0,235.8353
6674375.0,224.1748
6675000.0,46.1242
6675625.0,51.6677
6676250.0,47.0155
6676875.0,48.6910
6677500.0,36.0019
6678125.0,38.2763
6678750.0,34.3071
6679375.0,36.1452
6680000.0,217.9840
6680625.0,224.9823
6681250.0,246.5055
6681875.0,224.8970
6682500.0,240.3318
6683125.0,249.6003
6683750.0,231.6801
6684375.0,243.5277
6685000.0,48.2481
6685625.0,47.2736
6686250.0,48.7632
6686875.0,51.3239
6687500.0,35.8211
6688125.0,35.2255
6688750.0,35.1169
6689375.0,38.8397
6690000.0,237.7054
6690625.0,218.9583
6691250.0,200.9698
6691875.0,217.4090
6692500.0,231.1634
6693125.0,224.2494
6693750.0,227.0289
6694375.0,219.1124
6695000.0,49.3831
6695625.0,47.8065
6696250.0,48.3782
6696875.0,47.3738
6697500.0,37.9701
6698125.0,37.8484
6698750.0,35.2831
6699375.0,37.6902
6700000.0,241.1815
6700625.0,245.3996
6701250.0,236.8268
6701875.0,220.8031
6702500.0,222.5887
6703125.0,226.9523
6703750.0,234.1978
6704375.0,230.5821
6705000.0,44.3592
6705625.0,44.3452
6706250.0,42.0685
6706875.0,39.6692
6707500.0,36.7562
6708125.0,41.2924
6708750.0,40.3240
6709375.0,35.1903
6710000.0,226.6864
6710625.0,208.5235
6711250.0,210.2388
6711875.0,211.5284
6712500.0,222.4631
6713125.0,222.9473
6713750.0,227.8429
6714375.0,232.4612
6715000.0,46.2083
6715625.0,47.0851
6716250.0,44.4295
6716875.0,43.8404
6717500.0,34.2269
6718125.0,38.2011
6718750.0,36.3749
6719375.0,33.5384
6720000.0,231.2682
6720625.0,217.5137
6721250.0,251.2604
6721875.0,225.2857
6722500.0,239.9055
6723125.0,244.6320
6723750.0,220.9228
6724375.0,232.8821
6725000.0,48.3006
6725625.0,47.2715
6726250.0,47.8486
6726875.0,43.8754
6727500.0,38.0250
6728125.0,36.1006
6728750.0,37.6465
6729375.0,38.7020
6730000.0,232.5241
6730625.0,228.9231
6731250.0,232.2239
6731875.0,232.7446
6732500.0,241.8244
6733125.0,224.6169
6733750.0,226.8445
6734375.0,235.4858
6735000.0,45.8476
6735625.0,43.8621
6736250.0,48.1591
6736875.0,46.5158
6737500.0,34.7661
6738125.0,37.9260
6738750.0,39.6476
6739375.0,33.9850
6740000.0,243.8590
6740625.0,202.5700
6741250.0,227.3567
6741875.0,253.3500
6742500.0,228.1914
6743125.0,233.0433
6743750.0,240.8492
6744375.0,212.0889
6745000.0,47.1694
6745625.0,47.1509
6746250.0,51.3765
6746875.0,44.0960
6747500.0,36.2942
6748125.0,35.2825
6748750.0,35.0863
6749375.0,39.0857
6750000.0,225.2998
6750625.0,218.7499
6751250.0,219.1742
6751875.0,218.6637
6752500.0,219.6697
6753125.0,210.7750
6753750.0,222.0893
6754375.0,220.9589
6755000.0,45.2192
6755625.0,47.3644
6756250.0,47.5637
6756875.0,45.6919
6757500.0,36.7334
6758125.0,40.9935
6758750.0,40.9228
6759375.0,35.0499
6760000.0,221.3924
6760625.0,219.7109
6761250.0,244.2618
6761875.0,227.3771
6762500.0,234.7802
6763125.0,255.1648
6763750.0,231.8786
6764375.0,240.1925
6765000.0,48.2230
6765625.0,45.6177
6766250.0,49.4890
6766875.0,45.0032
6767500.0,39.4788
6768125.0,35.9132
6768750.0,36.1158
6769375.0,34.9863
6770000.0,214.6021
6770625.0,220.1989
6771250.0,197.6473
6771875.0,222.3750
6772500.0,219.2853
6773125.0,233.8876
6773750.0,229.7585
6774375.0,217.0391
6775000.0,45.9224
6775625.0,46.4486
6776250.0,50.4920
6776875.0,45.0676
6777500.0,35.6684
6778125.0,34.9121
6778750.0,34.2582
6779375.0,37.5680
6780000.0,234.3537
6780625.0,246.8800
6781250.0,244.0803
6781875.0,259.8066
6782500.0,231.1431
6783125.0,228.9779
6783750.0,216.9174
6784375.0,240.0803
6785000.0,47.2786
6785625.0,48.5305
6786250.0,44.3231
6786875.0,47.8263
6787500.0,37.3796
6788125.0,37.2572
6788750.0,35.7360
6789375.0,39.2003
6790000.0,248.0660
6790625.0,212.5086
6791250.0,233.1050
6791875.0,192.6242
6792500.0,232.5219
6793125.0,203.9608
6793750.0,219.0941
6794375.0,210.2285
6795000.0,46.4933
6795625.0,48.9712
6796250.0,42.6353
6796875.0,46.1552
6797500.0,36.0503
6798125.0,39.9249
6798750.0,37.7988
6799375.0,34.8221
6800000.0,226.5330
6800625.0,250.0508
6801250.0,240.2866
6801875.0,221.3485
6802500.0,228.9020
6803125.0,229.2727
6803750.0,225.7594
6804375.0,212.1615
6805000.0,45.4076
6805625.0,50.2646
6806250.0,46.1043
6806875.0,46.7574
6807500.0,37.2600
6808125.0,41.1036
6808750.0,37.0164
6809375.0,39.0238
6810000.0,218.2705
6810625.0,222.0818
6811250.0,225.1412
6811875.0,216.2910
6812500.0,222.7082
6813125.0,234.9906
6813750.0,215.9959
6814375.0,225.0010
6815000.0,48.6655
6815625.0,45.0625
6816250.0,49.5742
6816875.0,47.1713
6817500.0,36.6945
6818125.0,33.2849
6818750.0,36.3088
6819375.0,37.6874
6820000.0,252.2460
6820625.0,238.5875
6821250.0,245.0641
6821875.0,217.9744
6822500.0,230.5289
6823125.0,246.1607
6823750.0,221.7023
6824375.0,243.1966
6825000.0,48.7233
6825625.0,47.6456
6826250.0,46.2275
6826875.0,44.6822
6827500.0,40.2845
6828125.0,38.1689
6828750.0,37.6301
6829375.0,36.2362
6830000.0,225.4261
6830625.0,226.8531
6831250.0,229.4986
6831875.0,233.2613
6832500.0,216.1972
6833125.0,208.5008
6833750.0,225.9482
6834375.0,205.3438
6835000.0,46.2394
6835625.0,45.8034
6836250.0,48.1556
6836875.0,51.6591
6837500.0,33.4025
6838125.0,41.2072
6838750.0,36.5688
6839375.0,37.6434
6840000.0,215.5879
6840625.0,243.5637
6841250.0,232.4811
6841875.0,231.2870
6842500.0,209.5263
6843125.0,232.8560
6843750.0,241.8116
6844375.0,229.2592
6845000.0,49.7594
6845625.0,49.6623
6846250.0,45.4934
6846875.0,50.7485
6847500.0,37.0838
6848125.0,37.0920
6848750.0,37.1831
6849375.0,37.1282
6850000.0,195.4110
6850625.0,222.9131
6851250.0,209.6556
6851875.0,243.2963
6852500.0,242.8434
6853125.0,234.5843
6853750.0,222.3172
6854375.0,213.6598
6855000.0,45.4547
6855625.0,51.5652
6856250.0,45.3733
6856875.0,41.4644
6857500.0,38.9058
6858125.0,39.7759
6858750.0,40.0695
6859375.0,38.9209
6860000.0,245.9376
6860625.0,232.6140
6861250.0,207.9150
6861875.0,232.3234
6862500.0,239.2102
6863125.0,230.4309
6863750.0,229.9023
6864375.0,220.8162
6865000.0,44.6459
6865625.0,51.3196
6866250.0,51.4047
6866875.0,46.9938
6867500.0,37.5208
6868125.0,35.1854
6868750.0,38.1888
6869375.0,40.2554
6870000.0,207.7962
6870625.0,230.2187
6871250.0,231.0640
6871875.0,230.9356
6872500.0,243.4817
6873125.0,247.9052
6873750.0,222.3733
6874375.0,232.5732
6875000.0,47.1979
6875625.0,45.5145
6876250.0,47.6364
6876875.0,48.5780
6877500.0,37.4013
6878125.0,35.3698
6878750.0,36.1424
6879375.0,36.1566
6880000.0,222.2277
6880625.0,235.6371
6881250.0,236.8501
6881875.0,243.3624
6882500.0,222.0516
6883125.0,225.3012
6883750.0,250.0330
6884375.0,230.0918
6885000.0,47.0708
6885625.0,46.5885
6886250.0,49.6626
6886875.0,49.7538
6887500.0,39.0594
6888125.0,37.0492
6888750.0,35.3860
6889375.0,40.5616
6890000.0,234.6335
6890625.0,219.8626
6891250.0,241.0180
6891875.0,218.9744
6892500.0,240.8704
6893125.0,241.6307
6893750.0,214.6333
6894375.0,231.5448
6895000.0,48.8381
6895625.0,53.1450
6896250.0,45.2556
6896875.0,50.3665
6897500.0,37.0321
6898125.0,34.7035
6898750.0,36.7780
6899375.0,37.0046
6900000.0,219.7169
6900625.0,235.6212
6901250.0,243.1106
6901875.0,234.7631
6902500.0,225.7146
6903125.0,230.2777
6903750.0,231.9473
6904375.0,234.5209
6905000.0,49.6081
6905625.0,47.6391
6906250.0,43.7037
6906875.0,45.6785
6907500.0,37.3071
6908125.0,39.0796
6908750.0,39.4010
6909375.0,40.2832
6910000.0,226.4694
6910625.0,233.5872
6911250.0,208.6373
6911875.0,229.8362
6912500.0,212.9033
6913125.0,224.2964
6913750.0,259.0857
6914375.0,228.4150
6915000.0,44.9700
6915625.0,47.9583
6916250.0,45.7849
6916875.0,44.7423
6917500.0,40.8908
6918125.0,38.9736
6918750.0,37.6392
6919375.0,36.2751
6920000.0,228.3948
6920625.0,249.8928
6921250.0,235.5563
6921875.0,196.2395
6922500.0,260.0829
6923125.0,234.1235
6923750.0,235.9831
6924375.0,244.6057
6925000.0,48.0937
6925625.0,48.7552
6926250.0,46.0042
6926875.0,44.1100
6927500.0,37.5184
6928125.0,39.6485
6928750.0,35.8016
6929375.0,35.6532
6930000.0,238.7365
6930625.0,219.8560
6931250.0,220.3812
6931875.0,220.8021
6932500.0,224.2690
6933125.0,207.2966
6933750.0,218.9324
6934375.0,227.5916
6935000.0,47.5246
6935625.0,49.7213
6936250.0,51.3226
6936875.0,50.5543
6937500.0,38.6921
6938125.0,36.7248
6938750.0,35.8473
6939375.0,37.0331
6940000.0,238.7927
6940625.0,241.5345
6941250.0,239.2278
6941875.0,230.5944
6942500.0,241.1276
6943125.0,246.6261
6943750.0,242.2099
6944375.0,231.6286
6945000.0,45.0405
6945625.0,44.9847
6946250.0,45.3991
6946875.0,47.6041
6947500.0,37.9616
6948125.0,34.3831
6948750.0,36.0676
6949375.0,37.4501
6950000.0,214.8786
6950625.0,229.8814
6951250.0,221.5414
6951875.0,216.8615
6952500.0,225.5986
6953125.0,229.4132
6953750.0,215.4540
6954375.0,222.2706
6955000.0,48.0990
6955625.0,45.2091
6956250.0,43.1043
6956875.0,43.3891
6957500.0,36.2266
6958125.0,34.5609
6958750.0,36.3567
6959375.0,40.0801
6960000.0,216.0083
6960625.0,228.7218
6961250.0,256.7347
6961875.0,236.7343
6962500.0,227.7344
6963125.0,230.1802
6963750.0,236.9806
6964375.0,251.6710
6965000.0,45.7525
6965625.0,45.2196
6966250.0,43.7598
6966875.0,47.2423
6967500.0,34.3995
6968125.0,36.1420
6968750.0,35.3189
6969375.0,38.9871
6970000.0,219.2805
6970625.0,229.4655
6971250.0,206.9540
6971875.0,226.4795
6972500.0,211.4644
6973125.0,220.2115
6973750.0,249.8760
6974375.0,235.4870
6975000.0,46.6982
6975625.0,54.5175
6976250.0,44.8493
6976875.0,49.7383
6977500.0,34.1646
6978125.0,36.5487
6978750.0,34.5066
6979375.0,37.4760
6980000.0,232.6493
6980625.0,228.4311
6981250.0,244.6679
6981875.0,225.4217
6982500.0,235.7915
6983125.0,241.5184
6983750.0,214.7946
6984375.0,223.3184
6985000.0,47.1266
6985625.0,48.4809
6986250.0,50.3399
6986875.0,46.4927
6987500.0,36.4145
6988125.0,35.3857
6988750.0,37.6105
6989375.0,36.4503
6990000.0,221.9171
6990625.0,223.9438
6991250.0,231.2058
6991875.0,218.6580
6992500.0,216.3132
6993125.0,229.8569
6993750.0,190.9606
6994375.0,218.2086
6995000.0,44.2944
6995625.0,49.8277
6996250.0,45.9638
6996875.0,45.6823
6997500.0,36.9100
6998125.0,35.8986
6998750.0,36.2551
6999375.0,37.1797
7000000.0,227.1043
7000625.0,227.0211
7001250.0,220.2822
7001875.0,218.6161
7002500.0,232.7034
7003125.0,235.5566
7003750.0,215.4334
7004375.0,240.8153
7005000.0,48.7955
7005625.0,49.2905
7006250.0,47.7047
7006875.0,48.4971
7007500.0,41.0423
7008125.0,36.4422
7008750.0,35.0655
7009375.0,34.1620
7010000.0,244.7513
7010625.0,244.8989
7011250.0,214.5983
7011875.0,216.8176
7012500.0,221.3551
7013125.0,238.7729
7013750.0,210.5179
7014375.0,202.8755
7015000.0,52.0937
7015625.0,47.7341
7016250.0,48.0679
7016875.0,46.5180
7017500.0,37.8617
7018125.0,34.1987
7018750.0,35.4443
7019375.0,37.1945
7020000.0,205.6577
7020625.0,228.4908
7021250.0,227.7757
7021875.0,228.4888
7022500.0,225.6075
7023125.0,220.4477
7023750.0,210.8644
7024375.0,233.6791
7025000.0,46.2947
7025625.0,43.7681
7026250.0,47.1470
7026875.0,46.3069
7027500.0,36.1471
7028125.0,33.0097
7028750.0,38.2631
7029375.0,34.7189
7030000.0,225.7118
7030625.0,215.9070
7031250.0,220.6268
7031875.0,237.9633
7032500.0,230.9807
7033125.0,237.7129
7033750.0,228.7168
7034375.0,229.4566
7035000.0,42.8143
7035625.0,46.2538
7036250.0,46.4715
7036875.0,49.8756
7037500.0,36.0635
7038125.0,37.4900
7038750.0,37.4177
7039375.0,39.1417
7040000.0,230.4486
7040625.0,241.6023
7041250.0,212.2236
7041875.0,213.2774
7042500.0,205.5132
7043125.0,241.1174
7043750.0,239.8145
7044375.0,242.4032
7045000.0,45.4082
7045625.0,45.6757
7046250.0,46.7155
7046875.0,50.3927
7047500.0,40.1336
7048125.0,38.4685
7048750.0,37.6124
7049375.0,39.4705
7050000.0,222.1218
7050625.0,220.6019
7051250.0,223.5485
7051875.0,213.9895
7052500.0,223.0311
7053125.0,212.4292
7053750.0,236.5313
7054375.0,231.1165
7055000.0,50.3595
7055625.0,43.1712
7056250.0,51.4690
7056875.0,43.3047
7057500.0,34.7831
7058125.0,35.8515
7058750.0,39.4193
7059375.0,37.4173
7060000.0,229.1716
7060625.0,222.8055
7061250.0,216.0392
7061875.0,245.1385
7062500.0,241.2642
7063125.0,247.6884
7063750.0,236.6031
7064375.0,201.3516
7065000.0,44.0752
7065625.0,48.0924
7066250.0,46.1312
7066875.0,45.6867
7067500.0,34.9590
7068125.0,38.7530
7068750.0,37.8440
7069375.0,37.9272
7070000.0,217.8720
7070625.0,226.9832
7071250.0,209.9501
7071875.0,223.5394
7072500.0,196.5608
7073125.0,207.3587
7073750.0,221.3740
7074375.0,251.7201
7075000.0,42.7683
7075625.0,44.0776
7076250.0,47.5094
7076875.0,51.1581
7077500.0,37.3740
7078125.0,38.2990
7078750.0,36.3754
7079375.0,36.0554
7080000.0,232.9533
7080625.0,224.3638
7081250.0,240.4015
7081875.0,213.3672
7082500.0,242.3238
7083125.0,232.4560
7083750.0,229.5092
7084375.0,212.9414
7085000.0,44.6975
7085625.0,49.8168
7086250.0,46.5098
7086875.0,47.6542
7087500.0,35.3729
7088125.0,36.9462
7088750.0,34.4615
7089375.0,37.1848
7090000.0,229.1697
7090625.0,228.6069
7091250.0,214.8347
7091875.0,221.1519
7092500.0,231.0434
7093125.0,222.6213
7093750.0,221.7678
7094375.0,246.4140
7095000.0,44.7652
7095625.0,49.5390
7096250.0,44.2865
7096875.0,48.5387
7097500.0,38.3101
7098125.0,36.0558
7098750.0,34.7477
7099375.0,33.3547
7100000.0,224.8647
7100625.0,238.1041
7101250.0,219.4995
7101875.0,233.1246
7102500.0,214.8734
7103125.0,229.2869
7103750.0,218.6943
7104375.0,231.0954
7105000.0,45.8225
7105625.0,44.2026
7106250.0,45.4516
7106875.0,44.8047
7107500.0,34.5692
7108125.0,39.0031
7108750.0,36.3337
7109375.0,32.9259
7110000.0,217.9881
7110625.0,235.2905
7111250.0,216.4347
7111875.0,241.8496
7112500.0,215.3626
7113125.0,230.6633
7113750.0,236.6622
7114375.0,230.0647
7115000.0,43.7699
7115625.0,44.7852
7116250.0,49.7497
7116875.0,45.1092
7117500.0,38.8050
7118125.0,36.2040
7118750.0,37.2617
7119375.0,34.4357
7120000.0,224.9441
7120625.0,221.8464
7121250.0,234.6170
7121875.0,233.0811
7122500.0,237.3667
7123125.0,226.3099
7123750.0,221.2093
7124375.0,234.1197
7125000.0,44.5805
7125625.0,49.5343
7126250.0,46.7309
7126875.0,46.2336
7127500.0,37.8550
7128125.0,36.8587
7128750.0,33.9326
7129375.0,35.0364
7130000.0,236.8992
7130625.0,225.9437
7131250.0,206.0824
7131875.0,228.9613
7132500.0,218.7083
7133125.0,215.1619
7133750.0,212.1202
7134375.0,236.2492
7135000.0,42.3811
7135625.0,45.0318
7136250.0,47.2823
7136875.0,50.7092
7137500.0,38.0246
7138125.0,35.4349
7138750.0,39.8293
7139375.0,34.4930
7140000.0,235.0779
7140625.0,237.6583
7141250.0,221.7791
7141875.0,240.0921
7142500.0,226.0389
7143125.0,240.0637
7143750.0,210.6607
7144375.0,235.8857
7145000.0,46.0315
7145625.0,49.7018
7146250.0,46.8966
7146875.0,49.9357
7147500.0,37.9391
7148125.0,36.7641
7148750.0,38.4572
7149375.0,38.4690
7150000.0,230.3090
7150625.0,199.2116
7151250.0,213.9462
7151875.0,240.5712
7152500.0,210.8706
7153125.0,234.9277
7153750.0,232.9476
7154375.0,216.8353
7155000.0,42.3112
7155625.0,45.6631
7156250.0,51.8833
7156875.0,44.9713
7157500.0,35.5306
7158125.0,35.1545
7158750.0,39.2474
7159375.0,36.5506
7160000.0,224.7395
7160625.0,248.3963
7161250.0,238.7221
7161875.0,221.3362
7162500.0,217.8064
7163125.0,245.4348
7163750.0,232.1947
7164375.0,214.0309
7165000.0,42.8097
7165625.0,44.3773
7166250.0,44.0872
7166875.0,42.1917
7167500.0,34.9659
7168125.0,35.2997
7168750.0,36.1440
7169375.0,40.1319
7170000.0,221.9980
7170625.0,223.1148
7171250.0,230.7291
7171875.0,222.3302
7172500.0,229.5017
7173125.0,228.1569
7173750.0,226.3791
7174375.0,256.1227
7175000.0,49.1411
7175625.0,44.4580
7176250.0,47.8700
7176875.0,45.1394
7177500.0,37.8256
7178125.0,34.4559
7178750.0,34.9506
7179375.0,37.6362
7180000.0,243.5730
7180625.0,237.8307
7181250.0,241.9078
7181875.0,236.3363
7182500.0,234.0010
7183125.0,226.1572
7183750.0,241.4308
7184375.0,243.8886
7185000.0,46.8517
7185625.0,46.7252
7186250.0,50.7398
7186875.0,46.9520
7187500.0,37.1400
7188125.0,37.8958
7188750.0,36.8191
7189375.0,35.4824
7190000.0,229.2521
7190625.0,224.5640
7191250.0,245.7253
7191875.0,233.8700
7192500.0,218.3008
7193125.0,233.2019
7193750.0,228.4635
7194375.0,239.7310
7195000.0,45.7675
7195625.0,47.4434
7196250.0,46.7671
7196875.0,47.1374
7197500.0,35.3624
7198125.0,38.0654
7198750.0,37.7732
7199375.0,39.3777
7200000.0,231.8837
7200625.0,227.2227
7201250.0,241.1558
7201875.0,222.7872
7202500.0,244.5858
7203125.0,244.5610
7203750.0,246.5844
7204375.0,236.3688
7205000.0,45.8567
7205625.0,47.2566
7206250.0,47.8932
7206875.0,45.6837
7207500.0,39.4663
7208125.0,38.0732
7208750.0,35.3494
7209375.0,40.4833
7210000.0,226.0956
7210625.0,212.6913
7211250.0,215.6596
7211875.0,241.7376
7212500.0,245.5311
7213125.0,236.3567
7213750.0,239.8422
7214375.0,238.6869
7215000.0,48.3088
7215625.0,47.7732
7216250.0,48.2687
7216875.0,48.7296
7217500.0,35.6280
7218125.0,38.3541
7218750.0,39.6984
7219375.0,36.6182
7220000.0,228.3663
7220625.0,237.5279
7221250.0,224.4640
7221875.0,216.7249
7222500.0,245.3135
7223125.0,226.7690
7223750.0,232.2140
7224375.0,224.9225
7225000.0,50.0004
7225625.0,49.0050
7226250.0,46.4343
7226875.0,44.2272
7227500.0,36.3582
7228125.0,38.0548
7228750.0,37.3490
7229375.0,37.2018
7230000.0,227.3816
7230625.0,233.5365
7231250.0,224.5291
7231875.0,230.0627
7232500.0,213.8972
7233125.0,253.7308
7233750.0,221.8066
7234375.0,227.2904
7235000.0,48.3312
7235625.0,46.0346
7236250.0,47.0184
7236875.0,46.9898
7237500.0,35.3090
7238125.0,37.8114
7238750.0,33.9489
7239375.0,40.2425
7240000.0,241.1985
7240625.0,239.4138
7241250.0,211.8550
7241875.0,222.8067
7242500.0,248.1164
7243125.0,280.1544
7243750.0,245.8584
7244375.0,244.0285
7245000.0,48.2337
7245625.0,45.0084
7246250.0,49.3387
7246875.0,44.4122
7247500.0,34.7604
7248125.0,34.6440
7248750.0,38.8051
7249375.0,36.8938
7250000.0,226.1347
7250625.0,224.8267
7251250.0,212.3357
7251875.0,217.4543
7252500.0,218.0202
7253125.0,209.1907
7253750.0,219.3276
7254375.0,212.8353
7255000.0,48.3575
7255625.0,48.5533
7256250.0,43.9599
7256875.0,46.3029
7257500.0,40.4337
7258125.0,35.1856
7258750.0,37.7893
7259375.0,37.1952
7260000.0,244.6775
7260625.0,235.4274
7261250.0,226.9970
7261875.0,232.7745
7262500.0,232.9439
7263125.0,230.9363
7263750.0,216.6983
7264375.0,246.4198
7265000.0,49.5061
7265625.0,44.5462
7266250.0,46.2933
7266875.0,46.4710
7267500.0,34.8604
7268125.0,33.5464
7268750.0,35.7594
7269375.0,36.3407
7270000.0,208.7861
7270625.0,226.9910
7271250.0,238.0821
7271875.0,234.4738
7272500.0,223.5748
7273125.0,204.2954
7273750.0,233.0517
7274375.0,226.6469
7275000.0,47.9972
7275625.0,51.5498
7276250.0,45.0617
7276875.0,40.2442
7277500.0,35.0511
7278125.0,37.8992
7278750.0,37.0498
7279375.0,34.7511
7280000.0,215.5313
7280625.0,227.8865
7281250.0,217.5453
7281875.0,238.0393
7282500.0,227.2274
7283125.0,224.7254
7283750.0,223.2040
7284375.0,235.0522
7285000.0,47.1001
7285625.0,47.4746
7286250.0,47.4233
7286875.0,46.8303
7287500.0,35.0887
7288125.0,35.6488
7288750.0,36.2699
7289375.0,40.8206
7290000.0,209.8256
7290625.0,220.2865
7291250.0,226.1055
7291875.0,221.5875
7292500.0,237.0822
7293125.0,221.5294
7293750.0,222.3614
7294375.0,234.1646
7295000.0,51.2552
7295625.0,50.3076
7296250.0,46.6789
7296875.0,46.8836
7297500.0,37.0864
7298125.0,37.2719
7298750.0,35.4324
7299375.0,38.7327
7300000.0,234.3967
7300625.0,231.4797
7301250.0,217.2547
7301875.0,232.7225
7302500.0,210.0387
7303125.0,225.2529
7303750.0,225.4681
7304375.0,235.3291
7305000.0,51.4176
7305625.0,48.3440
7306250.0,50.4037
7306875.0,48.5162
7307500.0,39.0813
7308125.0,40.4357
7308750.0,35.6461
7309375.0,35.5254
7310000.0,232.5241
7310625.0,224.9586
7311250.0,227.4790
7311875.0,222.2025
7312500.0,218.2921
7313125.0,243.2336
7313750.0,212.6266
7314375.0,232.7219
7315000.0,48.2319
7315625.0,43.2893
7316250.0,45.0477
7316875.0,45.4427
7317500.0,38.0445
7318125.0,36.3210
7318750.0,36.8417
7319375.0,34.3034
7320000.0,258.9806
7320625.0,232.8259
7321250.0,237.7884
7321875.0,225.7287
7322500.0,224.4295
7323125.0,254.1871
7323750.0,209.7660
7324375.0,235.2323
7325000.0,44.1530
7325625.0,46.0482
7326250.0,45.5005
7326875.0,44.6830
7327500.0,37.0656
7328125.0,32.2491
7328750.0,36.4163
7329375.0,36.8330
7330000.0,209.7081
7330625.0,242.0237
7331250.0,218.3123
7331875.0,222.3283
7332500.0,218.3375
7333125.0,224.0824
7333750.0,239.7166
7334375.0,252.8214
7335000.0,48.7523
7335625.0,49.5568
7336250.0,51.0336
7336875.0,47.5848
7337500.0,39.9050
7338125.0,38.4659
7338750.0,37.2664
7339375.0,37.6481
7340000.0,210.8716
7340625.0,235.3886
7341250.0,214.0925
7341875.0,213.1469
7342500.0,234.2374
7343125.0,219.0767
7343750.0,231.9175
7344375.0,233.6058
7345000.0,47.4302
7345625.0,44.8753
7346250.0,49.1119
7346875.0,46.7903
7347500.0,37.8160
7348125.0,34.7866
7348750.0,36.6701
7349375.0,39.0300
7350000.0,235.9145
7350625.0,216.0305
7351250.0,218.8625
7351875.0,213.8773
7352500.0,217.6154
7353125.0,209.2605
7353750.0,223.4455
7354375.0,232.1228
7355000.0,45.1551
7355625.0,46.7871
7356250.0,46.4818
7356875.0,49.4795
7357500.0,35.8686
7358125.0,35.9359
7358750.0,35.4349
7359375.0,34.8956
7360000.0,238.1385
7360625.0,230.4327
7361250.0,232.6358
7361875.0,246.7858
7362500.0,247.4521
7363125.0,212.9037
7363750.0,239.5149
7364375.0,234.6175
7365000.0,45.9153
7365625.0,47.7701
7366250.0,42.9430
7366875.0,50.4372
7367500.0,37.9526
7368125.0,35.3994
7368750.0,35.9170
7369375.0,33.8492
7370000.0,221.4680
7370625.0,219.5693
7371250.0,210.0925
7371875.0,233.7379
7372500.0,239.3640
7373125.0,224.6922
7373750.0,221.5615
7374375.0,229.8936
7375000.0,46.9538
7375625.0,44.4569
7376250.0,45.4662
7376875.0,46.3034
7377500.0,37.4591
7378125.0,37.0173
7378750.0,37.3892
7379375.0,34.1791
7380000.0,239.7165
7380625.0,232.0396
7381250.0,261.6114
7381875.0,227.5034
7382500.0,235.7521
7383125.0,264.8189
7383750.0,234.2515
7384375.0,231.2155
7385000.0,44.6807
7385625.0,50.5914
7386250.0,44.2761
7386875.0,48.0037
7387500.0,36.1239
7388125.0,36.6497
7388750.0,34.3657
7389375.0,39.4848
7390000.0,221.8748
7390625.0,211.3302
7391250.0,239.0928
7391875.0,219.3285
7392500.0,228.7643
7393125.0,234.4659
7393750.0,230.3329
7394375.0,200.2879
7395000.0,48.6341
7395625.0,46.7636
7396250.0,46.2268
7396875.0,46.7437
7397500.0,34.0214
7398125.0,37.3555
7398750.0,34.4759
7399375.0,36.4712
7400000.0,233.8127
7400625.0,244.4588
7401250.0,222.4925
7401875.0,248.8384
7402500.0,242.9835
7403125.0,227.0188
7403750.0,219.1385
7404375.0,215.2517
7405000.0,47.6386
7405625.0,45.2674
7406250.0,49.8185
7406875.0,45.4031
7407500.0,35.3338
7408125.0,37.4322
7408750.0,35.7308
7409375.0,37.0158
7410000.0,236.0924
7410625.0,226.3188
7411250.0,226.3609
7411875.0,227.3079
7412500.0,205.9526
7413125.0,229.4082
7413750.0,226.7992
7414375.0,235.0451
7415000.0,48.4237
7415625.0,46.5254
7416250.0,49.4261
7416875.0,46.3123
7417500.0,37.4572
7418125.0,36.4244
7418750.0,37.8543
7419375.0,36.3035
7420000.0,251.1116
7420625.0,255.4014
7421250.0,242.1377
7421875.0,249.8790
7422500.0,214.1451
7423125.0,215.5120
7423750.0,228.2699
7424375.0,232.4783
7425000.0,46.5342
7425625.0,43.1410
7426250.0,49.7062
7426875.0,52.0624
7427500.0,39.3698
7428125.0,39.0082
7428750.0,37.4183
7429375.0,35.4405
7430000.0,225.8159
7430625.0,248.6879
7431250.0,221.0401
7431875.0,219.8817
7432500.0,237.4572
7433125.0,238.2040
7433750.0,215.4611
7434375.0,222.0583
7435000.0,45.8205
7435625.0,47.1638
7436250.0,49.5937
7436875.0,45.1105
7437500.0,39.0159
7438125.0,37.1881
7438750.0,41.3035
7439375.0,37.5898
7440000.0,230.8757
7440625.0,238.6667
7441250.0,228.0891
7441875.0,211.1748
7442500.0,229.2100
7443125.0,229.0270
7443750.0,213.5291
7444375.0,231.1528
7445000.0,42.1423
7445625.0,46.1829
7446250.0,47.5725
7446875.0,47.2279
7447500.0,36.2395
7448125.0,36.8418
7448750.0,35.5495
7449375.0,37.0200
7450000.0,225.6535
7450625.0,214.8722
7451250.0,228.0116
7451875.0,227.9413
7452500.0,223.1301
7453125.0,252.2368
7453750.0,223.4171
7454375.0,221.8586
7455000.0,46.0074
7455625.0,44.7183
7456250.0,48.6119
7456875.0,45.3873
7457500.0,35.9493
7458125.0,36.0043
7458750.0,35.1779
7459375.0,33.7605
7460000.0,226.6299
7460625.0,242.1307
7461250.0,234.2850
7461875.0,250.1027
7462500.0,240.7111
7463125.0,238.0780
7463750.0,253.8387
7464375.0,230.8731
7465000.0,47.1482
7465625.0,46.9731
7466250.0,50.6279
7466875.0,47.0059
7467500.0,35.8007
7468125.0,38.0872
7468750.0,35.4899
7469375.0,37.9869
7470000.0,229.6557
7470625.0,222.8692
7471250.0,231.3654
7471875.0,208.2624
7472500.0,226.8333
7473125.0,219.7939
7473750.0,257.2005
7474375.0,226.7530
7475000.0,45.5985
7475625.0,43.7610
7476250.0,50.0677
7476875.0,46.1774
7477500.0,35.5360
7478125.0,37.6222
7478750.0,38.2020
7479375.0,38.1728
7480000.0,232.2291
7480625.0,233.8466
7481250.0,234.6916
7481875.0,235.9022
7482500.0,236.9287
7483125.0,244.6957
7483750.0,232.6544
7484375.0,222.5251
7485000.0,46.6609
7485625.0,48.7714
7486250.0,42.8017
7486875.0,42.8152
7487500.0,38.6988
7488125.0,39.8122
7488750.0,34.6594
7489375.0,37.1858
7490000.0,220.5051
7490625.0,222.0657
7491250.0,228.4372
7491875.0,210.4552
7492500.0,212.5438
7493125.0,221.6109
7493750.0,223.3645
7494375.0,212.3330
7495000.0,48.8557
7495625.0,46.0187
7496250.0,46.0087
7496875.0,47.6642
7497500.0,36.7615
7498125.0,38.5493
7498750.0,35.2732
7499375.0,34.4148
7500000.0,228.4065
7500625.0,232.6987
7501250.0,217.6072
7501875.0,215.9021
7502500.0,234.1147
7503125.0,223.2097
7503750.0,215.1509
7504375.0,243.1980
7505000.0,45.5153
7505625.0,49.7021
7506250.0,47.0669
7506875.0,47.6927
7507500.0,36.6087
7508125.0,32.0879
7508750.0,34.8969
7509375.0,36.7674
7510000.0,229.1032
7510625.0,204.8662
7511250.0,224.3970
7511875.0,212.3745
7512500.0,227.6395
7513125.0,224.7817
7513750.0,233.3644
7514375.0,237.0018
7515000.0,48.0786
7515625.0,49.0219
7516250.0,46.1767
7516875.0,53.6343
7517500.0,34.7452
7518125.0,36.0237
7518750.0,38.6675
7519375.0,38.3925
7520000.0,237.6537
7520625.0,239.8337
7521250.0,207.8307
7521875.0,250.4359
7522500.0,229.6349
7523125.0,246.4524
7523750.0,208.4111
7524375.0,234.9762
7525000.0,45.6758
7525625.0,48.3445
7526250.0,47.7451
7526875.0,47.8602
7527500.0,35.0410
7528125.0,36.8946
7528750.0,36.6667
7529375.0,37.9163
7530000.0,236.1296
7530625.0,226.6929
7531250.0,210.6431
7531875.0,226.2103
7532500.0,254.3746
7533125.0,243.5176
7533750.0,191.5380
7534375.0,225.7126
7535000.0,49.1905
7535625.0,46.5715
7536250.0,45.9188
7536875.0,46.3726
7537500.0,38.0216
7538125.0,34.8753
7538750.0,39.1991
7539375.0,36.8964
7540000.0,221.1537
7540625.0,245.0425
7541250.0,214.0765
7541875.0,225.5596
7542500.0,225.3686
7543125.0,256.8697
7543750.0,224.0538
7544375.0,207.0024
7545000.0,45.6327
7545625.0,48.0705
7546250.0,48.8426
7546875.0,52.3499
7547500.0,39.6028
7548125.0,37.3477
7548750.0,35.3509
7549375.0,40.0045
7550000.0,220.8537
7550625.0,217.5957
7551250.0,220.3079
7551875.0,210.9118
7552500.0,219.7685
7553125.0,222.3775
7553750.0,233.2199
7554375.0,220.6340
7555000.0,44.0215
7555625.0,43.2311
7556250.0,47.4925
7556875.0,47.1707
7557500.0,35.9745
7558125.0,36.1352
7558750.0,37.7187
7559375.0,39.5725
7560000.0,222.9503
7560625.0,233.0313
7561250.0,243.1159
7561875.0,222.9971
7562500.0,231.8187
7563125.0,231.5593
7563750.0,216.7890
7564375.0,233.9546
7565000.0,47.0741
7565625.0,48.3044
7566250.0,44.2108
7566875.0,47.0234
7567500.0,39.5562
7568125.0,40.8434
7568750.0,39.3682
7569375.0,34.8224
7570000.0,230.0743
7570625.0,219.5646
7571250.0,228.1939
7571875.0,216.3126
7572500.0,205.7234
7573125.0,221.1242
7573750.0,233.1293
7574375.0,228.2400
7575000.0,47.9469
7575625.0,47.5084
7576250.0,47.9506
7576875.0,48.2444
7577500.0,36.4918
7578125.0,37.1533
7578750.0,40.2250
7579375.0,37.2628
7580000.0,232.4937
7580625.0,233.1935
7581250.0,229.4723
7581875.0,226.9499
7582500.0,234.4207
7583125.0,226.1337
7583750.0,230.3120
7584375.0,222.8300
7585000.0,47.2538
7585625.0,48.3729
7586250.0,46.5020
7586875.0,42.2803
7587500.0,38.0922
7588125.0,37.2223
7588750.0,35.1625
7589375.0,38.4305
7590000.0,209.2677
7590625.0,236.7608
7591250.0,224.3546
7591875.0,199.4753
7592500.0,227.0062
7593125.0,220.4303
7593750.0,218.7354
7594375.0,216.7006
7595000.0,46.7010
7595625.0,45.8598
7596250.0,42.6368
7596875.0,49.9894
7597500.0,36.5479
7598125.0,35.6459
7598750.0,34.9124
7599375.0,38.4259
7600000.0,216.9382
7600625.0,233.5543
7601250.0,225.2297
7601875.0,225.9051
7602500.0,219.1987
7603125.0,224.8043
7603750.0,232.1022
7604375.0,234.7296
7605000.0,45.1539
7605625.0,46.7863
7606250.0,49.0879
7606875.0,43.0928
7607500.0,36.9884
7608125.0,35.2410
7608750.0,35.0525
7609375.0,37.4829
7610000.0,218.8659
7610625.0,211.3110
7611250.0,239.8982
7611875.0,235.3510
7612500.0,203.2616
7613125.0,208.4127
7613750.0,231.6764
7614375.0,221.7952
7615000.0,50.5264
7615625.0,48.4484
7616250.0,47.7037
7616875.0,44.5986
7617500.0,37.9092
7618125.0,34.6398
7618750.0,39.4147
7619375.0,37.7810
7620000.0,222.4320
7620625.0,241.3343
7621250.0,258.0017
7621875.0,229.4756
7622500.0,238.3848
7623125.0,226.9908
7623750.0,232.9901
7624375.0,214.5161
7625000.0,46.9988
7625625.0,47.1024
7626250.0,51.2276
7626875.0,42.7817
7627500.0,36.4804
7628125.0,39.3830
7628750.0,36.5527
7629375.0,36.6830
7630000.0,215.6258
7630625.0,214.5082
7631250.0,204.4591
7631875.0,217.9213
7632500.0,213.8698
7633125.0,226.3279
7633750.0,216.1387
7634375.0,219.6046
7635000.0,45.9373
7635625.0,46.8868
7636250.0,45.7580
7636875.0,44.5048
7637500.0,37.1587
7638125.0,38.9748
7638750.0,37.2377
7639375.0,35.8718
7640000.0,230.5715
7640625.0,208.2127
7641250.0,230.3829
7641875.0,227.3559
7642500.0,221.1719
7643125.0,223.2757
7643750.0,227.2413
7644375.0,243.5125
7645000.0,49.5663
7645625.0,44.8189
7646250.0,45.7825
7646875.0,45.8424
7647500.0,38.4977
7648125.0,37.2692
7648750.0,37.1717
7649375.0,37.9921
7650000.0,218.2903
7650625.0,240.3437
7651250.0,224.9804
7651875.0,215.3710
7652500.0,222.4165
7653125.0,238.8592
7653750.0,220.2172
7654375.0,235.6825
7655000.0,45.5304
7655625.0,45.2007
7656250.0,48.5501
7656875.0,44.9462
7657500.0,38.5217
7658125.0,37.6505
7658750.0,35.3839
7659375.0,36.8678
7660000.0,225.6342
7660625.0,236.0481
7661250.0,253.8985
7661875.0,227.6998
7662500.0,238.1918
7663125.0,232.2835
7663750.0,232.2791
7664375.0,230.0836
7665000.0,44.9851
7665625.0,47.7876
7666250.0,46.3215
7666875.0,44.8737
7667500.0,38.8762
7668125.0,37.1832
7668750.0,36.5780
7669375.0,39.4791
7670000.0,204.3441
7670625.0,239.3192
7671250.0,215.0979
7671875.0,227.3797
7672500.0,218.3843
7673125.0,214.6162
7673750.0,239.7812
7674375.0,245.8824
7675000.0,46.4801
7675625.0,47.7884
7676250.0,47.1339
7676875.0,51.0667
7677500.0,33.0907
7678125.0,37.6977
7678750.0,35.6548
7679375.0,32.6415
7680000.0,227.8179
7680625.0,253.4374
7681250.0,224.3898
7681875.0,241.1729
7682500.0,245.9046
7683125.0,231.8527
7683750.0,233.3973
7684375.0,212.0909
7685000.0,45.3170
7685625.0,49.1315
7686250.0,47.1426
7686875.0,47.8633
7687500.0,37.2463
7688125.0,41.0552
7688750.0,36.2035
7689375.0,39.9700
7690000.0,226.5019
7690625.0,244.0597
7691250.0,211.2190
7691875.0,227.0773
7692500.0,220.5710
7693125.0,226.5691
7693750.0,238.7517
7694375.0,229.2616
7695000.0,49.8679
7695625.0,45.4250
7696250.0,45.0663
7696875.0,47.0378
7697500.0,36.9285
7698125.0,36.6562
7698750.0,35.2265
7699375.0,39.2175
7700000.0,227.7911
7700625.0,248.5425
7701250.0,232.1478
7701875.0,239.5218
7702500.0,238.4694
7703125.0,222.4384
7703750.0,236.2596
7704375.0,254.3687
7705000.0,47.5913
7705625.0,49.1180
7706250.0,48.6292
7706875.0,47.7216
7707500.0,37.3450
7708125.0,38.0125
7708750.0,38.4121
7709375.0,34.4985
7710000.0,227.7822
7710625.0,222.9291
7711250.0,220.5953
7711875.0,239.5796
7712500.0,216.7521
7713125.0,209.3088
7713750.0,233.9518
7714375.0,209.0206
7715000.0,42.4693
7715625.0,49.1344
7716250.0,47.3730
7716875.0,48.1109
7717500.0,36.1815
7718125.0,34.4388
7718750.0,34.8063
7719375.0,36.4965
7720000.0,217.2401
7720625.0,235.5618
7721250.0,226.6355
7721875.0,234.1464
7722500.0,233.7997
7723125.0,236.4869
7723750.0,237.7940
7724375.0,228.0108
7725000.0,47.4323
7725625.0,47.5546
7726250.0,41.2921
7726875.0,48.5193
7727500.0,37.2774
7728125.0,38.0435
7728750.0,34.6193
7729375.0,36.4158
7730000.0,212.7203
7730625.0,233.3768
7731250.0,209.1924
7731875.0,214.5526
7732500.0,231.0110
7733125.0,217.9195
7733750.0,214.5556
7734375.0,235.2006
7735000.0,49.2271
7735625.0,48.6969
7736250.0,48.9945
7736875.0,46.4558
7737500.0,36.6215
7738125.0,35.8010
7738750.0,37.3103
7739375.0,36.0234
7740000.0,226.9764
7740625.0,238.9588
7741250.0,245.7407
7741875.0,236.6198
7742500.0,252.8141
7743125.0,223.8160
7743750.0,210.6795
7744375.0,240.2897
7745000.0,45.1862
7745625.0,46.3568
7746250.0,42.8410
7746875.0,44.8869
7747500.0,34.2209
7748125.0,36.1965
7748750.0,36.2701
7749375.0,37.1664
7750000.0,238.9469
7750625.0,232.6152
7751250.0,206.7506
7751875.0,231.8402
7752500.0,226.2572
7753125.0,223.8995
7753750.0,224.7446
7754375.0,227.3012
7755000.0,45.3741
7755625.0,46.5715
7756250.0,49.7823
7756875.0,45.3458
7757500.0,35.0947
7758125.0,36.8858
7758750.0,34.9085
7759375.0,33.8129
7760000.0,228.0042
7760625.0,248.8040
7761250.0,231.5522
7761875.0,234.0715
7762500.0,207.2903
7763125.0,237.0823
7763750.0,233.0830
7764375.0,224.2870
7765000.0,47.4231
7765625.0,47.3998
7766250.0,44.5102
7766875.0,47.7799
7767500.0,39.2147
7768125.0,36.5783
7768750.0,35.3950
7769375.0,36.6715
7770000.0,234.6144
7770625.0,211.2039
7771250.0,231.5088
7771875.0,217.3723
7772500.0,227.7232
7773125.0,218.6513
7773750.0,218.6211
7774375.0,242.1348
7775000.0,43.6886
7775625.0,48.1406
7776250.0,51.0686
7776875.0,48.6110
7777500.0,34.5375
7778125.0,34.6291
7778750.0,35.6095
7779375.0,37.2921
7780000.0,234.6209
7780625.0,217.2483
7781250.0,221.8760
7781875.0,222.5868
7782500.0,229.9033
7783125.0,255.0225
7783750.0,221.1750
7784375.0,220.6673
7785000.0,44.3371
7785625.0,48.4935
7786250.0,46.9028
7786875.0,44.8939
7787500.0,36.3288
7788125.0,35.5357
7788750.0,37.5474
7789375.0,41.9661
7790000.0,231.1972
7790625.0,223.9539
7791250.0,217.5190
7791875.0,209.8867
7792500.0,233.2540
7793125.0,232.6427
7793750.0,219.7564
7794375.0,238.6500
7795000.0,47.0496
7795625.0,48.8207
7796250.0,47.6961
7796875.0,46.5837
7797500.0,35.2335
7798125.0,36.7308
7798750.0,38.5578
7799375.0,36.0600
7800000.0,286.1564
7800625.0,264.8417
7801250.0,290.9208
7801875.0,284.3812
7802500.0,263.1704
7803125.0,276.8638
7803750.0,293.0402
7804375.0,262.3735
7805000.0,265.0067
7805625.0,279.0270
7806250.0,309.8666
7806875.0,270.5839
7807500.0,286.9338
7808125.0,283.6419
7808750.0,271.7467
7809375.0,282.2559
7810000.0,273.7303
7810625.0,274.9907
7811250.0,256.7422
7811875.0,279.6579
7812500.0,292.5873
7813125.0,280.8040
7813750.0,295.2671
7814375.0,288.1246
7815000.0,279.1664
7815625.0,271.2090
7816250.0,273.1923
7816875.0,259.4129
7817500.0,276.2609
7818125.0,282.0440
7818750.0,304.0159
7819375.0,287.3965
7820000.0,267.8920
7820625.0,259.8488
7821250.0,277.1083
7821875.0,291.3647
7822500.0,276.9114
7823125.0,287.5878
7823750.0,277.4642
7824375.0,290.0380
7825000.0,257.6384
7825625.0,302.4585
7826250.0,264.4252
7826875.0,291.1123
7827500.0,276.1894
7828125.0,278.3784
7828750.0,276.6246
7829375.0,283.5785
7830000.0,286.4053
7830625.0,294.8171
7831250.0,299.7113
7831875.0,284.6455
7832500.0,303.9914
7833125.0,281.3016
7833750.0,295.0842
7834375.0,286.0021
7835000.0,272.3111
7835625.0,282.5373
7836250.0,287.0444
7836875.0,279.5492
7837500.0,285.7800
7838125.0,292.1151
7838750.0,279.6728
7839375.0,238.7856
7840000.0,303.4958
7840625.0,275.8337
7841250.0,268.4741
7841875.0,264.2625
7842500.0,275.2898
7843125.0,272.1215
7843750.0,269.6819
7844375.0,270.4502
7845000.0,287.4164
7845625.0,308.4251
7846250.0,291.4880
7846875.0,295.7164
7847500.0,274.7163
7848125.0,281.4653
7848750.0,285.9708
7849375.0,270.7662
7850000.0,274.0398
7850625.0,291.9637
7851250.0,295.2641
7851875.0,280.9437
7852500.0,263.2678
7853125.0,275.8617
7853750.0,259.8214
7854375.0,281.0528
7855000.0,283.5756
7855625.0,276.2101
7856250.0,283.3840
7856875.0,285.8366
7857500.0,283.5961
7858125.0,263.1786
7858750.0,276.4543
7859375.0,285.7378
7860000.0,302.1020
7860625.0,276.1930
7861250.0,287.7118
7861875.0,292.2941
7862500.0,277.2472
7863125.0,296.0777
7863750.0,296.8304
7864375.0,299.3254
7865000.0,286.4181
7865625.0,313.0419
7866250.0,271.3860
7866875.0,309.7371
7867500.0,290.7562
7868125.0,298.7654
7868750.0,275.5195
7869375.0,291.8226
7870000.0,299.9776
7870625.0,264.7770
7871250.0,277.7134
7871875.0,250.0225
7872500.0,277.5033
7873125.0,268.5759
7873750.0,276.9513
7874375.0,320.9310
7875000.0,304.0492
7875625.0,259.8477
7876250.0,287.7803
7876875.0,291.1850
7877500.0,275.2694
7878125.0,282.4963
7878750.0,283.8638
7879375.0,261.1474
7880000.0,265.5614
7880625.0,282.4122
7881250.0,281.3916
7881875.0,270.0801
7882500.0,268.8787
7883125.0,278.7431
7883750.0,292.4061
7884375.0,278.9292
7885000.0,302.7182
7885625.0,270.2585
7886250.0,282.7035
7886875.0,275.0399
7887500.0,288.2315
7888125.0,269.0578
7888750.0,306.9836
7889375.0,256.3314
7890000.0,304.0167
7890625.0,281.2598
7891250.0,287.7339
7891875.0,298.6833
7892500.0,292.0073
7893125.0,269.7796
7893750.0,288.4013
7894375.0,306.1446
7895000.0,267.5779
7895625.0,309.6580
7896250.0,285.3998
7896875.0,273.9348
7897500.0,267.4939
7898125.0,276.8740
7898750.0,252.6261
7899375.0,274.1866
7900000.0,276.3190
7900625.0,264.9582
7901250.0,290.4698
7901875.0,276.9373
7902500.0,271.0989
7903125.0,275.4453
7903750.0,284.9715
7904375.0,281.0251
7905000.0,270.1863
7905625.0,281.7591
7906250.0,279.2905
7906875.0,264.0475
7907500.0,275.9609
7908125.0,288.1107
7908750.0,288.0099
7909375.0,276.7805
7910000.0,289.4748
7910625.0,266.2806
7911250.0,266.7142
7911875.0,276.4824
7912500.0,300.9659
7913125.0,282.2855
7913750.0,276.1449
7914375.0,301.6179
7915000.0,275.9829
7915625.0,311.2863
7916250.0,272.8420
7916875.0,265.8358
7917500.0,277.6709
7918125.0,276.5128
7918750.0,268.6919
7919375.0,316.4276
7920000.0,284.4608
7920625.0,286.4995
7921250.0,273.5337
7921875.0,271.9126
7922500.0,294.3578
7923125.0,256.5382
7923750.0,263.9999
7924375.0,276.5377
7925000.0,298.9147
7925625.0,274.7568
7926250.0,285.8261
7926875.0,280.3882
7927500.0,298.1476
7928125.0,257.8139
7928750.0,290.3035
7929375.0,277.2154
7930000.0,292.9484
7930625.0,268.5301
7931250.0,280.3415
7931875.0,278.5649
7932500.0,265.9659
7933125.0,262.0742
7933750.0,271.8742
7934375.0,281.8190
7935000.0,269.4032
7935625.0,275.3790
7936250.0,253.5988
7936875.0,274.8109
7937500.0,294.3302
7938125.0,289.8725
7938750.0,278.7831
7939375.0,283.4111
7940000.0,268.4044
7940625.0,302.7421
7941250.0,308.9487
7941875.0,282.3075
7942500.0,316.2696
7943125.0,270.4774
7943750.0,262.4849
7944375.0,270.0653
7945000.0,276.9271
7945625.0,312.3689
7946250.0,276.0638
7946875.0,267.9648
7947500.0,267.4216
7948125.0,295.9603
7948750.0,293.9622
7949375.0,273.2033
7950000.0,253.7390
7950625.0,264.1997
7951250.0,304.0974
7951875.0,289.6433
7952500.0,280.9165
7953125.0,306.1637
7953750.0,307.4166
7954375.0,279.4968
7955000.0,279.7540
7955625.0,271.8513
7956250.0,276.0156
7956875.0,259.1915
7957500.0,259.1346
7958125.0,255.8828
7958750.0,295.1807
7959375.0,258.1404
7960000.0,307.2995
7960625.0,269.7747
7961250.0,304.3229
7961875.0,274.8892
7962500.0,258.0734
7963125.0,297.9729
7963750.0,299.6261
7964375.0,267.3153
7965000.0,275.3569
7965625.0,267.3189
7966250.0,278.3126
7966875.0,281.5096
7967500.0,275.0806
7968125.0,254.5355
7968750.0,271.8677
7969375.0,289.8493
7970000.0,277.0754
7970625.0,275.4158
7971250.0,266.9691
7971875.0,271.4593
7972500.0,299.7253
7973125.0,264.0431
7973750.0,290.0915
7974375.0,280.6588
7975000.0,283.4273
7975625.0,269.7470
7976250.0,275.0751
7976875.0,279.9199
7977500.0,272.7107
7978125.0,284.6400
7978750.0,286.4041
7979375.0,310.4179
7980000.0,283.8947
7980625.0,253.2286
7981250.0,296.2823
7981875.0,277.1458
7982500.0,308.1670
7983125.0,300.5929
7983750.0,272.9263
7984375.0,290.1066
7985000.0,271.6846
7985625.0,280.0377
7986250.0,289.4638
7986875.0,295.5820
7987500.0,292.5329
7988125.0,281.0499
7988750.0,314.7679
7989375.0,274.8897
7990000.0,257.4992
7990625.0,260.1942
7991250.0,300.6361
7991875.0,278.9269
7992500.0,282.2268
7993125.0,272.4047
7993750.0,273.6622
7994375.0,268.9807
7995000.0,286.5961
7995625.0,278.6367
7996250.0,286.0901
7996875.0,284.7521
7997500.0,274.0377
7998125.0,259.5778
7998750.0,258.3588
7999375.0,322.3731
8000000.0,300.6944
8000625.0,298.7626
8001250.0,270.5555
8001875.0,280.1331
8002500.0,268.5849
8003125.0,261.6309
8003750.0,271.7572
8004375.0,298.5666
8005000.0,291.7704
8005625.0,266.4193
8006250.0,275.5926
8006875.0,290.4877
8007500.0,272.0064
8008125.0,281.1142
8008750.0,285.6259
8009375.0,285.4730
8010000.0,283.5580
8010625.0,270.8482
8011250.0,272.2864
8011875.0,264.1289
8012500.0,258.1413
8013125.0,278.3935
8013750.0,291.4276
8014375.0,260.6760
8015000.0,283.8216
8015625.0,290.9848
8016250.0,254.2857
8016875.0,276.2119
8017500.0,303.0469
8018125.0,287.7272
8018750.0,33.5397
8019375.0,38.2179
8020000.0,223.3263
8020625.0,240.0192
8021250.0,223.9951
8021875.0,231.3848
8022500.0,225.7645
8023125.0,232.0366
8023750.0,225.4195
8024375.0,229.4070
8025000.0,44.2373
8025625.0,48.1531
8026250.0,47.4119
8026875.0,43.2011
8027500.0,38.8369
8028125.0,36.6739
8028750.0,37.2993
8029375.0,38.4144
8030000.0,228.6927
8030625.0,238.1085
8031250.0,221.7004
8031875.0,236.6373
8032500.0,226.3829
8033125.0,230.7109
8033750.0,229.5408
8034375.0,238.9582
8035000.0,48.6953
8035625.0,45.9591
8036250.0,45.4930
8036875.0,46.8831
8037500.0,35.5938
8038125.0,35.0534
8038750.0,33.0631
8039375.0,34.1339
8040000.0,255.0307
8040625.0,224.3846
8041250.0,254.0801
8041875.0,236.6766
8042500.0,231.4228
8043125.0,214.5930
8043750.0,232.0542
8044375.0,253.9493
8045000.0,50.6604
8045625.0,47.6445
8046250.0,44.3006
8046875.0,44.7507
8047500.0,35.4227
8048125.0,39.3646
8048750.0,40.0187
8049375.0,37.3624
8050000.0,221.5903
8050625.0,242.4230
8051250.0,213.9910
8051875.0,225.5830
8052500.0,230.2084
8053125.0,215.2935
8053750.0,217.8460
8054375.0,216.9705
8055000.0,50.3293
8055625.0,51.4988
8056250.0,47.2698
8056875.0,46.3697
8057500.0,35.8903
8058125.0,37.0032
8058750.0,35.9821
8059375.0,36.8205
8060000.0,236.7935
8060625.0,227.2984
8061250.0,229.8008
8061875.0,229.8487
8062500.0,228.3163
8063125.0,226.8792
8063750.0,240.8415
8064375.0,211.4595
8065000.0,50.6996
8065625.0,47.3185
8066250.0,48.4335
8066875.0,48.7039
8067500.0,35.6901
8068125.0,35.3084
8068750.0,35.0903
8069375.0,36.5429
8070000.0,232.8661
8070625.0,218.4327
8071250.0,231.8392
8071875.0,198.3609
8072500.0,220.6624
8073125.0,238.1303
8073750.0,223.0766
8074375.0,215.6721
8075000.0,45.4564
8075625.0,39.8841
8076250.0,44.6223
8076875.0,49.4845
8077500.0,35.9222
8078125.0,36.1406
8078750.0,32.6861
8079375.0,33.9830
8080000.0,245.8046
8080625.0,239.1606
8081250.0,216.9497
8081875.0,224.6854
8082500.0,231.6616
8083125.0,218.1249
8083750.0,208.7519
8084375.0,230.1532
8085000.0,48.3456
8085625.0,48.3909
8086250.0,49.0568
8086875.0,43.3491
8087500.0,37.1071
8088125.0,36.5034
8088750.0,36.8386
8089375.0,36.6082
8090000.0,217.5700
8090625.0,191.0499
8091250.0,238.0706
8091875.0,228.7124
8092500.0,208.3017
8093125.0,230.3227
8093750.0,219.9678
8094375.0,220.2866
8095000.0,45.1942
8095625.0,48.2618
8096250.0,45.1204
8096875.0,44.4224
8097500.0,39.0937
8098125.0,36.6691
8098750.0,36.7272
8099375.0,38.2811
8100000.0,224.2560
8100625.0,226.5694
8101250.0,235.5463
8101875.0,214.1200
8102500.0,234.5647
8103125.0,223.2337
8103750.0,241.9235
8104375.0,238.3413
8105000.0,47.9742
8105625.0,43.2236
8106250.0,46.7570
8106875.0,44.2334
8107500.0,36.9318
8108125.0,32.7167
8108750.0,34.1495
8109375.0,39.1997
8110000.0,229.1518
8110625.0,221.0196
8111250.0,214.7766
8111875.0,212.8021
8112500.0,227.2518
8113125.0,221.1341
8113750.0,242.3998
8114375.0,222.9214
8115000.0,47.1380
8115625.0,43.7370
8116250.0,46.1524
8116875.0,47.4159
8117500.0,36.3103
8118125.0,36.1016
8118750.0,37.6048
8119375.0,39.8024
8120000.0,233.6816
8120625.0,245.2726
8121250.0,239.2106
8121875.0,244.5785
8122500.0,224.9272
8123125.0,229.5996
8123750.0,229.6478
8124375.0,238.3368
8125000.0,48.8622
8125625.0,47.2939
8126250.0,49.0603
8126875.0,45.6762
8127500.0,38.6379
8128125.0,38.8792
8128750.0,38.2534
8129375.0,37.2482
8130000.0,233.0249
8130625.0,214.9424
8131250.0,227.2316
8131875.0,228.3807
8132500.0,210.0429
8133125.0,230.3391
8133750.0,210.9508
8134375.0,220.1859
8135000.0,47.0934
8135625.0,45.2828
8136250.0,47.1940
8136875.0,47.1564
8137500.0,35.4827
8138125.0,38.0508
8138750.0,35.5863
8139375.0,41.2328
8140000.0,230.7300
8140625.0,218.4130
8141250.0,220.5816
8141875.0,245.3119
8142500.0,227.2538
8143125.0,216.1803
8143750.0,241.9031
8144375.0,227.1793
8145000.0,48.5355
8145625.0,49.1986
8146250.0,47.6450
8146875.0,52.6304
8147500.0,33.8092
8148125.0,35.4868
8148750.0,36.5265
8149375.0,41.1832
8150000.0,245.2275
8150625.0,239.4978
8151250.0,216.0661
8151875.0,217.3780
8152500.0,215.6787
8153125.0,216.1864
8153750.0,241.7929
8154375.0,222.2576
8155000.0,46.7380
8155625.0,48.8198
8156250.0,43.0907
8156875.0,47.1237
8157500.0,34.9708
8158125.0,36.4553
8158750.0,35.9151
8159375.0,35.8197
8160000.0,234.6167
8160625.0,234.5661
8161250.0,229.4501
8161875.0,236.2999
8162500.0,221.9241
8163125.0,239.9064
8163750.0,229.6081
8164375.0,226.3895
8165000.0,45.1323
8165625.0,46.4327
8166250.0,51.3960
8166875.0,46.8512
8167500.0,34.8829
8168125.0,38.6998
8168750.0,36.1269
8169375.0,37.5250
8170000.0,218.1863
8170625.0,239.4087
8171250.0,218.3540
8171875.0,240.7259
8172500.0,213.1958
8173125.0,221.7048
8173750.0,240.7500
8174375.0,226.8920
8175000.0,52.3379
8175625.0,46.3675
8176250.0,47.6041
8176875.0,51.4771
8177500.0,34.1992
8178125.0,33.9702
8178750.0,35.5283
8179375.0,38.5047
8180000.0,213.3257
8180625.0,238.9258
8181250.0,238.1098
8181875.0,255.3669
8182500.0,244.1276
8183125.0,236.2230
8183750.0,247.7659
8184375.0,238.2513
8185000.0,45.9188
8185625.0,44.3102
8186250.0,45.6620
8186875.0,46.9058
8187500.0,37.3238
8188125.0,33.0499
8188750.0,36.5938
8189375.0,37.0529
8190000.0,231.1598
8190625.0,243.3015
8191250.0,227.0886
8191875.0,214.7674
8192500.0,204.5466
8193125.0,232.7289
8193750.0,215.2228
8194375.0,234.7519
8195000.0,50.2839
8195625.0,43.3714
8196250.0,48.3016
8196875.0,50.0377
8197500.0,38.8852
8198125.0,33.1217
8198750.0,35.4207
8199375.0,34.6317
8200000.0,238.0723
8200625.0,236.7946
8201250.0,200.7045
8201875.0,228.5104
8202500.0,241.2884
8203125.0,233.7165
8203750.0,233.6967
8204375.0,227.7661
8205000.0,44.5115
8205625.0,46.9599
8206250.0,47.1224
8206875.0,48.4458
8207500.0,38.2885
8208125.0,37.1588
8208750.0,39.0256
8209375.0,36.3064
8210000.0,208.7547
8210625.0,230.3669
8211250.0,226.4218
8211875.0,230.5905
8212500.0,210.7749
8213125.0,245.1465
8213750.0,232.9932
8214375.0,221.7600
8215000.0,44.8017
8215625.0,49.5313
8216250.0,44.4108
8216875.0,52.3142
8217500.0,35.8656
8218125.0,40.1829
8218750.0,36.6587
8219375.0,39.9244
8220000.0,223.4755
8220625.0,232.2185
8221250.0,241.3351
8221875.0,239.6801
8222500.0,244.7688
8223125.0,226.3453
8223750.0,232.9838
8224375.0,246.4813
8225000.0,45.3426
8225625.0,48.3455
8226250.0,46.4850
8226875.0,47.4838
8227500.0,37.1564
8228125.0,35.5417
8228750.0,36.5177
8229375.0,37.2681
8230000.0,223.8444
8230625.0,242.6933
8231250.0,236.3620
8231875.0,228.2623
8232500.0,216.4146
8233125.0,215.7297
8233750.0,247.2054
8234375.0,213.6388
8235000.0,47.2676
8235625.0,47.8482
8236250.0,46.2684
8236875.0,44.6448
8237500.0,35.5479
8238125.0,35.9890
8238750.0,35.6874
8239375.0,39.4563
8240000.0,231.8941
8240625.0,225.9239
8241250.0,233.2407
8241875.0,239.7483
8242500.0,228.0024
8243125.0,242.4630
8243750.0,217.2547
8244375.0,245.5871
8245000.0,46.9790
8245625.0,46.8872
8246250.0,45.3714
8246875.0,44.1146
8247500.0,33.9167
8248125.0,35.5889
8248750.0,38.0872
8249375.0,35.2216
8250000.0,207.5800
8250625.0,214.7730
8251250.0,220.6706
8251875.0,221.1131
8252500.0,223.5500
8253125.0,236.6168
8253750.0,239.0541
8254375.0,247.5615
8255000.0,43.1815
8255625.0,44.9887
8256250.0,48.6414
8256875.0,45.9330
8257500.0,38.5925
8258125.0,37.3832
8258750.0,39.9215
8259375.0,38.9290
8260000.0,244.3078
8260625.0,227.2223
8261250.0,230.8695
8261875.0,228.4591
8262500.0,214.5317
8263125.0,249.0725
8263750.0,240.6465
8264375.0,227.9977
8265000.0,50.0658
8265625.0,45.5186
8266250.0,42.6804
8266875.0,49.3673
8267500.0,34.6347
8268125.0,36.6378
8268750.0,37.3813
8269375.0,37.7131
8270000.0,234.5445
8270625.0,231.5346
8271250.0,231.1863
8271875.0,216.1040
8272500.0,228.3102
8273125.0,208.0626
8273750.0,242.5740
8274375.0,209.2211
8275000.0,46.1859
8275625.0,43.9006
8276250.0,45.2841
8276875.0,47.0316
8277500.0,36.0218
8278125.0,39.1169
8278750.0,37.4198
8279375.0,36.1436
8280000.0,230.4504
8280625.0,246.1485
8281250.0,242.5429
8281875.0,218.7903
8282500.0,224.1044
8283125.0,237.5076
8283750.0,236.0991
8284375.0,219.8156
8285000.0,48.7604
8285625.0,44.9064
8286250.0,50.0640
8286875.0,48.2442
8287500.0,34.9059
8288125.0,36.0212
8288750.0,35.9890
8289375.0,37.2958
8290000.0,222.7053
8290625.0,212.1132
8291250.0,209.3146
8291875.0,231.1765
8292500.0,228.2202
8293125.0,226.1873
8293750.0,228.0457
8294375.0,218.0372
8295000.0,47.4324
8295625.0,52.9655
8296250.0,49.7602
8296875.0,46.3222
8297500.0,36.0318
8298125.0,31.7082
8298750.0,38.9771
8299375.0,38.4552
8300000.0,225.6916
8300625.0,215.3922
8301250.0,218.5989
8301875.0,237.1550
8302500.0,230.9636
8303125.0,240.0225
8303750.0,233.0027
8304375.0,243.2144
8305000.0,47.8685
8305625.0,48.9477
8306250.0,42.0892
8306875.0,44.0993
8307500.0,36.3259
8308125.0,38.9972
8308750.0,40.4790
8309375.0,36.6962
8310000.0,218.1197
8310625.0,203.0066
8311250.0,234.7151
8311875.0,218.8104
8312500.0,258.2813
8313125.0,216.6817
8313750.0,248.6843
8314375.0,233.4191
8315000.0,44.5836
8315625.0,47.5455
8316250.0,48.8127
8316875.0,46.4707
8317500.0,38.5503
8318125.0,38.5095
8318750.0,38.1032
8319375.0,36.9695
8320000.0,218.3707
8320625.0,231.1093
8321250.0,234.0424
8321875.0,210.2378
8322500.0,233.9631
8323125.0,230.8771
8323750.0,216.9591
8324375.0,228.1371
8325000.0,46.2672
8325625.0,51.5357
8326250.0,47.5173
8326875.0,49.4347
8327500.0,36.7820
8328125.0,33.5333
8328750.0,38.2438
8329375.0,35.7824
8330000.0,221.2245
8330625.0,213.1541
8331250.0,225.8186
8331875.0,236.9833
8332500.0,235.4933
8333125.0,242.8446
8333750.0,244.4395
8334375.0,201.9839
8335000.0,44.1950
8335625.0,42.7507
8336250.0,48.4850
8336875.0,45.3713
8337500.0,36.0950
8338125.0,36.5993
8338750.0,37.7078
8339375.0,34.2522
8340000.0,217.3972
8340625.0,232.0150
8341250.0,245.9055
8341875.0,231.7054
8342500.0,222.8167
8343125.0,207.0808
8343750.0,243.0510
8344375.0,223.4632
8345000.0,44.3035
8345625.0,42.9690
8346250.0,43.6181
8346875.0,44.7411
8347500.0,36.5581
8348125.0,34.7638
8348750.0,37.3436
8349375.0,36.5441
8350000.0,249.9974
8350625.0,205.8250
8351250.0,226.8166
8351875.0,226.9576
8352500.0,213.4062
8353125.0,226.0716
8353750.0,233.6579
8354375.0,226.0855
8355000.0,50.2535
8355625.0,41.8824
8356250.0,45.0208
8356875.0,50.4664
8357500.0,38.6872
8358125.0,37.9999
8358750.0,39.2814
8359375.0,33.4544
8360000.0,241.2291
8360625.0,244.3467
8361250.0,224.3591
8361875.0,262.4992
8362500.0,234.2776
8363125.0,206.5639
8363750.0,236.4228
8364375.0,223.6496
8365000.0,49.7377
8365625.0,48.2877
8366250.0,45.5949
8366875.0,50.5308
8367500.0,38.7380
8368125.0,35.4683
8368750.0,36.7187
8369375.0,37.9563
8370000.0,220.9020
8370625.0,221.2380
8371250.0,225.4132
8371875.0,213.0098
8372500.0,199.8814
8373125.0,227.6903
8373750.0,202.6249
8374375.0,213.8283
8375000.0,42.8368
8375625.0,43.1262
8376250.0,48.0019
8376875.0,46.4776
8377500.0,36.5220
8378125.0,34.5656
8378750.0,35.7867
8379375.0,37.6964
8380000.0,231.3958
8380625.0,241.5430
8381250.0,243.1951
8381875.0,229.0742
8382500.0,210.5139
8383125.0,223.2229
8383750.0,230.8668
8384375.0,222.9928
8385000.0,44.5216
8385625.0,47.1639
8386250.0,52.7112
8386875.0,45.8528
8387500.0,36.9948
8388125.0,34.5727
8388750.0,39.3003
8389375.0,38.6183
8390000.0,234.0645
8390625.0,240.2977
8391250.0,220.1924
8391875.0,221.5978
8392500.0,244.2361
8393125.0,232.1182
8393750.0,200.0338
8394375.0,230.1167
8395000.0,45.6330
8395625.0,49.1107
8396250.0,47.9592
8396875.0,42.9097
8397500.0,37.4973
8398125.0,37.3897
8398750.0,37.6724
8399375.0,38.0647
8400000.0,249.3532
8400625.0,236.8011
8401250.0,232.2656
8401875.0,245.3164
8402500.0,258.0158
8403125.0,242.6148
8403750.0,234.3920
8404375.0,237.0174
8405000.0,47.6017
8405625.0,47.0435
8406250.0,52.0882
8406875.0,45.2397
8407500.0,39.1366
8408125.0,36.7672
8408750.0,34.2612
8409375.0,36.6516
8410000.0,218.8488
8410625.0,231.4977
8411250.0,226.0271
8411875.0,213.5022
8412500.0,241.5488
8413125.0,237.2640
8413750.0,242.8431
8414375.0,227.6659
8415000.0,46.9160
8415625.0,48.6534
8416250.0,45.6429
8416875.0,47.3056
8417500.0,36.6750
8418125.0,34.2971
8418750.0,37.2358
8419375.0,36.1842
8420000.0,229.1864
8420625.0,236.2199
8421250.0,246.7614
8421875.0,222.1543
8422500.0,228.0959
8423125.0,223.1250
8423750.0,222.3699
8424375.0,225.1030
8425000.0,46.5383
8425625.0,48.3768
8426250.0,47.7530
8426875.0,44.5164
8427500.0,39.3942
8428125.0,38.7472
8428750.0,35.3328
8429375.0,39.2646
8430000.0,228.6781
8430625.0,223.2399
8431250.0,229.0284
8431875.0,224.7101
8432500.0,231.1321
8433125.0,227.1073
8433750.0,221.2040
8434375.0,202.2094
8435000.0,48.2389
8435625.0,46.1219
8436250.0,48.8282
8436875.0,48.1319
8437500.0,36.3568
8438125.0,38.8925
8438750.0,37.3790
8439375.0,37.3027
8440000.0,230.3979
8440625.0,251.5292
8441250.0,223.7261
8441875.0,228.2570
8442500.0,217.6469
8443125.0,240.4301
8443750.0,225.2471
8444375.0,226.5476
8445000.0,45.7852
8445625.0,47.1474
8446250.0,44.0607
8446875.0,41.7284
8447500.0,37.8468
8448125.0,33.0899
8448750.0,38.5802
8449375.0,39.8833
8450000.0,223.1525
8450625.0,239.6193
8451250.0,224.7271
8451875.0,242.9915
8452500.0,219.8675
8453125.0,198.3951
8453750.0,224.1010
8454375.0,244.2146
8455000.0,48.2572
8455625.0,45.7890
8456250.0,47.7729
8456875.0,49.2821
8457500.0,36.8416
8458125.0,41.8588
8458750.0,36.0428
8459375.0,38.8546
8460000.0,240.8385
8460625.0,223.8820
8461250.0,227.0765
8461875.0,243.8099
8462500.0,233.6795
8463125.0,235.9216
8463750.0,213.0228
8464375.0,239.6096
8465000.0,47.6751
8465625.0,46.8498
8466250.0,47.8481
8466875.0,46.0383
8467500.0,35.9050
8468125.0,36.5525
8468750.0,36.1412
8469375.0,41.0340
8470000.0,235.2585
8470625.0,214.1047
8471250.0,247.9083
8471875.0,220.1304
8472500.0,225.3314
8473125.0,235.0959
8473750.0,202.8376
8474375.0,222.3335
8475000.0,45.6527
8475625.0,47.4819
8476250.0,47.8696
8476875.0,46.8184
8477500.0,36.7713
8478125.0,38.9705
8478750.0,37.5577
8479375.0,37.0766
8480000.0,233.7153
8480625.0,253.2963
8481250.0,234.0030
8481875.0,226.0324
8482500.0,209.8556
8483125.0,215.3663
8483750.0,226.5825
8484375.0,230.7428
8485000.0,45.6943
8485625.0,47.8252
8486250.0,45.6640
8486875.0,44.8510
8487500.0,38.1334
8488125.0,39.5334
8488750.0,34.9517
8489375.0,37.4509
8490000.0,203.5687
8490625.0,208.4114
8491250.0,218.3764
8491875.0,237.7677
8492500.0,216.2396
8493125.0,215.8189
8493750.0,225.4060
8494375.0,225.4172
8495000.0,45.1549
8495625.0,51.6676
8496250.0,46.3764
8496875.0,47.2669
8497500.0,36.2567
8498125.0,37.8139
8498750.0,39.2847
8499375.0,40.0778
8500000.0,223.1577
8500625.0,244.7692
8501250.0,238.3763
8501875.0,243.3046
8502500.0,230.9342
8503125.0,229.8303
8503750.0,242.8543
8504375.0,243.0744
8505000.0,50.6794
8505625.0,47.4666
8506250.0,46.7488
8506875.0,41.2193
8507500.0,34.0192
8508125.0,36.2706
8508750.0,34.9630
8509375.0,38.5061
8510000.0,210.2623
8510625.0,219.3603
8511250.0,219.8022
8511875.0,238.5534
8512500.0,218.1573
8513125.0,230.0896
8513750.0,227.2017
8514375.0,235.1620
8515000.0,48.9980
8515625.0,46.9214
8516250.0,43.0137
8516875.0,46.4554
8517500.0,36.9631
8518125.0,37.5291
8518750.0,35.6355
8519375.0,39.1107
8520000.0,232.1580
8520625.0,221.3222
8521250.0,226.6846
8521875.0,254.3711
8522500.0,239.7068
8523125.0,244.1621
8523750.0,219.9176
8524375.0,224.0096
8525000.0,45.3987
8525625.0,47.4333
8526250.0,46.5911
8526875.0,45.8497
8527500.0,36.3265
8528125.0,35.5310
8528750.0,36.6673
8529375.0,39.0594
8530000.0,207.9772
8530625.0,228.8979
8531250.0,240.5260
8531875.0,222.9391
8532500.0,219.0501
8533125.0,235.3976
8533750.0,213.9275
8534375.0,224.7447
8535000.0,44.5564
8535625.0,42.6053
8536250.0,46.6428
8536875.0,44.0310
8537500.0,36.9784
8538125.0,39.0628
8538750.0,40.4304
8539375.0,37.1730
8540000.0,243.8229
8540625.0,236.6280
8541250.0,227.5559
8541875.0,209.6726
8542500.0,250.8673
8543125.0,219.8304
8543750.0,248.0401
8544375.0,238.2270
8545000.0,44.7064
8545625.0,47.7332
8546250.0,52.0123
8546875.0,50.6088
8547500.0,36.0515
8548125.0,35.6828
8548750.0,37.1854
8549375.0,36.6938
8550000.0,238.4970
8550625.0,233.3204
8551250.0,205.9623
8551875.0,230.1601
8552500.0,222.9852
8553125.0,225.4175
8553750.0,227.8006
8554375.0,238.4857
8555000.0,49.2978
8555625.0,45.2381
8556250.0,46.8623
8556875.0,45.9460
8557500.0,33.8886
8558125.0,36.7977
8558750.0,40.4128
8559375.0,33.8327
8560000.0,231.7209
8560625.0,231.3488
8561250.0,235.3377
8561875.0,220.8324
8562500.0,215.4687
8563125.0,216.0083
8563750.0,247.4388
8564375.0,220.6008
8565000.0,45.8260
8565625.0,51.9459
8566250.0,45.2745
8566875.0,47.8046
8567500.0,38.9681
8568125.0,38.8791
8568750.0,34.5366
8569375.0,35.6803
8570000.0,228.4016
8570625.0,246.7014
8571250.0,216.4330
8571875.0,219.4469
8572500.0,229.7202
8573125.0,231.9712
8573750.0,232.6529
8574375.0,215.4785
8575000.0,45.7497
8575625.0,47.5064
8576250.0,49.9664
8576875.0,46.4396
8577500.0,36.9587
8578125.0,35.1020
8578750.0,40.4470
8579375.0,37.2854
8580000.0,244.5020
8580625.0,232.3468
8581250.0,232.9891
8581875.0,214.5964
8582500.0,207.0512
8583125.0,246.5221
8583750.0,232.9055
8584375.0,234.3946
8585000.0,44.0647
8585625.0,44.8778
8586250.0,49.4964
8586875.0,51.0893
8587500.0,35.8506
8588125.0,38.2422
8588750.0,37.3515
8589375.0,36.7770
8590000.0,245.8345
8590625.0,219.9015
8591250.0,238.9580
8591875.0,229.2910
8592500.0,224.8100
8593125.0,240.4352
8593750.0,228.2640
8594375.0,223.9152
8595000.0,50.2417
8595625.0,49.9358
8596250.0,49.8246
8596875.0,37.8637
8597500.0,37.8143
8598125.0,37.3924
8598750.0,36.9355
8599375.0,38.1281
8600000.0,235.0225
8600625.0,239.8626
8601250.0,228.8916
8601875.0,249.3789
8602500.0,241.0358
8603125.0,238.2933
8603750.0,237.7270
8604375.0,245.4245
8605000.0,49.4010
8605625.0,46.7350
8606250.0,49.3272
8606875.0,47.4090
8607500.0,40.5463
8608125.0,39.0308
8608750.0,35.8426
8609375.0,41.3118
8610000.0,201.3521
8610625.0,232.1702
8611250.0,217.1672
8611875.0,246.1745
8612500.0,227.8441
8613125.0,216.0698
8613750.0,222.0019
8614375.0,216.9683
8615000.0,46.2814
8615625.0,46.2277
8616250.0,45.2348
8616875.0,47.6346
8617500.0,37.7238
8618125.0,35.1568
8618750.0,33.9322
8619375.0,37.5753
8620000.0,238.1703
8620625.0,240.4705
8621250.0,238.3936
8621875.0,250.2435
8622500.0,243.5660
8623125.0,263.0860
8623750.0,267.9675
8624375.0,211.6060
8625000.0,41.8367
8625625.0,46.9826
8626250.0,48.1849
8626875.0,46.8217
8627500.0,38.3016
8628125.0,36.5001
8628750.0,35.7162
8629375.0,35.9957
8630000.0,222.7481
8630625.0,234.4895
8631250.0,219.5242
8631875.0,221.7491
8632500.0,231.4149
8633125.0,222.7635
8633750.0,237.5630
8634375.0,214.6556
8635000.0,44.3295
8635625.0,47.7159
8636250.0,47.9501
8636875.0,44.9673
8637500.0,39.4857
8638125.0,40.5611
8638750.0,35.8385
8639375.0,39.7515
8640000.0,204.3673
8640625.0,244.4829
8641250.0,222.0500
8641875.0,243.3224
8642500.0,220.8492
8643125.0,231.2055
8643750.0,222.6027
8644375.0,229.5190
8645000.0,51.3003
8645625.0,46.7463
8646250.0,51.9592
8646875.0,46.0933
8647500.0,39.7598
8648125.0,33.9925
8648750.0,36.4700
8649375.0,36.0082
8650000.0,242.2992
8650625.0,227.0840
8651250.0,201.5091
8651875.0,210.2610
8652500.0,213.6075
8653125.0,235.5081
8653750.0,234.0563
8654375.0,221.6205
8655000.0,45.7110
8655625.0,48.6835
8656250.0,44.3456
8656875.0,48.0755
8657500.0,37.6892
8658125.0,36.4920
8658750.0,37.7357
8659375.0,37.1889
8660000.0,237.7701
8660625.0,216.5244
8661250.0,239.1282
8661875.0,243.9086
8662500.0,235.7230
8663125.0,238.9741
8663750.0,230.7249
8664375.0,242.3395
8665000.0,47.1533
8665625.0,44.3023
8666250.0,48.9275
8666875.0,43.1598
8667500.0,37.5231
8668125.0,36.2892
8668750.0,36.1710
8669375.0,37.3182
8670000.0,217.0205
8670625.0,230.7623
8671250.0,225.6390
8671875.0,218.0554
8672500.0,240.0545
8673125.0,227.3038
8673750.0,232.0965
8674375.0,240.9366
8675000.0,50.2904
8675625.0,48.3625
8676250.0,46.2888
8676875.0,43.6402
8677500.0,37.3824
8678125.0,39.0250
8678750.0,37.6555
8679375.0,30.6275
8680000.0,242.0927
8680625.0,242.8054
8681250.0,228.5058
8681875.0,243.4650
8682500.0,239.2844
8683125.0,224.0481
8683750.0,246.7471
8684375.0,217.2973
8685000.0,46.8655
8685625.0,46.6310
8686250.0,45.0602
8686875.0,47.7139
8687500.0,39.4242
8688125.0,39.3083
8688750.0,38.3388
8689375.0,33.8625
8690000.0,209.9705
8690625.0,226.8694
8691250.0,224.6149
8691875.0,219.3966
8692500.0,246.4349
8693125.0,226.1909
8693750.0,231.1021
8694375.0,236.1138
8695000.0,47.1292
8695625.0,53.0890
8696250.0,44.7901
8696875.0,45.5757
8697500.0,35.2558
8698125.0,39.8909
8698750.0,38.4839
8699375.0,35.9933
8700000.0,221.9790
8700625.0,248.0647
8701250.0,236.1956
8701875.0,248.3608
8702500.0,231.3023
8703125.0,237.9338
8703750.0,235.4826
8704375.0,224.7603
8705000.0,46.6613
8705625.0,44.2169
8706250.0,48.1612
8706875.0,48.7889
8707500.0,38.8318
8708125.0,38.2331
8708750.0,36.7628
8709375.0,39.8711
8710000.0,235.0385
8710625.0,240.6211
8711250.0,241.3270
8711875.0,223.5870
8712500.0,229.3636
8713125.0,233.7139
8713750.0,212.0722
8714375.0,212.3216
8715000.0,43.9466
8715625.0,46.7460
8716250.0,46.2167
8716875.0,43.6262
8717500.0,37.2763
8718125.0,36.8231
8718750.0,39.1871
8719375.0,40.7240
8720000.0,237.2948
8720625.0,223.9191
8721250.0,239.5020
8721875.0,232.1079
8722500.0,229.2145
8723125.0,222.0054
8723750.0,226.6150
8724375.0,229.9376
8725000.0,48.8896
8725625.0,48.2009
8726250.0,51.2901
8726875.0,48.5847
8727500.0,37.7849
8728125.0,36.4335
8728750.0,35.0807
8729375.0,35.9457
8730000.0,217.1268
8730625.0,196.1898
8731250.0,213.6529
8731875.0,243.0249
8732500.0,229.1468
8733125.0,220.7641
8733750.0,229.4829
8734375.0,203.0242
8735000.0,47.6629
8735625.0,50.0021
8736250.0,46.7154
8736875.0,42.8358
8737500.0,36.2342
8738125.0,39.3666
8738750.0,37.4785
8739375.0,34.3761
8740000.0,259.4645
8740625.0,217.4558
8741250.0,229.1821
8741875.0,219.9663
8742500.0,219.9824
8743125.0,226.7550
8743750.0,239.3793
8744375.0,246.9702
8745000.0,46.0925
8745625.0,44.6262
8746250.0,48.1248
8746875.0,48.1937
8747500.0,37.4447
8748125.0,37.5101
8748750.0,36.7918
8749375.0,37.1816
8750000.0,222.9564
8750625.0,237.0402
8751250.0,250.0702
8751875.0,227.0211
8752500.0,224.9261
8753125.0,227.8784
8753750.0,217.5984
8754375.0,233.6060
8755000.0,48.0368
8755625.0,46.0119
8756250.0,49.1199
8756875.0,47.0446
8757500.0,35.2054
8758125.0,37.6505
8758750.0,37.4384
8759375.0,38.7768
8760000.0,241.6459
8760625.0,230.7330
8761250.0,226.5238
8761875.0,232.0202
8762500.0,236.2144
8763125.0,237.6116
8763750.0,235.4964
8764375.0,230.9472
8765000.0,49.3425
8765625.0,45.4154
8766250.0,52.8266
8766875.0,48.7932
8767500.0,34.9142
8768125.0,37.3427
8768750.0,38.4295
8769375.0,36.3537
8770000.0,208.1796
8770625.0,213.3105
8771250.0,231.0985
8771875.0,205.2606
8772500.0,208.6949
8773125.0,231.0394
8773750.0,222.4963
8774375.0,217.1725
8775000.0,45.8374
8775625.0,43.5436
8776250.0,48.1385
8776875.0,45.1046
8777500.0,36.0089
8778125.0,37.6416
8778750.0,36.5252
8779375.0,35.6964
8780000.0,208.9225
8780625.0,236.2621
8781250.0,232.9163
8781875.0,225.9983
8782500.0,219.9662
8783125.0,232.1480
8783750.0,237.5735
8784375.0,233.1340
8785000.0,50.8495
8785625.0,48.6562
8786250.0,46.7479
8786875.0,48.7350
8787500.0,37.0900
8788125.0,37.0836
8788750.0,39.3983
8789375.0,35.3386
8790000.0,225.2622
8790625.0,238.3842
8791250.0,228.4761
8791875.0,220.8482
8792500.0,205.8057
8793125.0,199.4586
8793750.0,248.3570
8794375.0,228.4708
8795000.0,45.6274
8795625.0,47.8212
8796250.0,44.7730
8796875.0,46.2217
8797500.0,35.2593
8798125.0,34.3854
8798750.0,33.1058
8799375.0,34.0443
8800000.0,243.8469
8800625.0,220.5522
8801250.0,238.2047
8801875.0,243.0971
8802500.0,232.1923
8803125.0,228.5366
8803750.0,233.5431
8804375.0,227.1672
8805000.0,49.8292
8805625.0,51.4099
8806250.0,50.4071
8806875.0,41.9438
8807500.0,36.1915
8808125.0,37.0077
8808750.0,37.8567
8809375.0,33.8045
8810000.0,205.3863
8810625.0,239.7014
8811250.0,218.7099
8811875.0,208.2667
8812500.0,212.5840
8813125.0,229.3928
8813750.0,215.7463
8814375.0,227.7183
8815000.0,44.7000
8815625.0,42.9011
8816250.0,50.3473
8816875.0,47.9357
8817500.0,36.3826
8818125.0,36.0355
8818750.0,39.7101
8819375.0,38.0943
8820000.0,245.3030
8820625.0,225.2292
8821250.0,232.5877
8821875.0,236.6655
8822500.0,225.6192
8823125.0,230.8918
8823750.0,225.2301
8824375.0,236.6291
8825000.0,43.8947
8825625.0,48.3441
8826250.0,47.7302
8826875.0,46.5222
8827500.0,37.8316
8828125.0,36.3249
8828750.0,35.7603
8829375.0,38.0059
8830000.0,231.6039
8830625.0,219.2932
8831250.0,218.3282
8831875.0,222.9415
8832500.0,218.7899
8833125.0,242.1576
8833750.0,228.5604
8834375.0,225.1643
8835000.0,44.8081
8835625.0,48.7366
8836250.0,45.5627
8836875.0,45.4660
8837500.0,38.4293
8838125.0,37.7165
8838750.0,32.3686
8839375.0,36.7081
8840000.0,233.4560
8840625.0,228.0607
8841250.0,233.8602
8841875.0,211.0076
8842500.0,199.1602
8843125.0,220.6846
8843750.0,235.2741
8844375.0,194.5905
8845000.0,45.0177
8845625.0,42.4815
8846250.0,46.4298
8846875.0,51.6011
8847500.0,36.5982
8848125.0,36.8011
8848750.0,38.5526
8849375.0,37.0394
8850000.0,222.5813
8850625.0,235.4248
8851250.0,230.3087
8851875.0,228.2470
8852500.0,223.4387
8853125.0,221.1068
8853750.0,235.3182
8854375.0,221.2148
8855000.0,49.8934
8855625.0,44.5392
8856250.0,50.3694
8856875.0,48.1093
8857500.0,35.2082
8858125.0,37.9416
8858750.0,35.7969
8859375.0,37.0618
8860000.0,226.3551
8860625.0,230.4582
8861250.0,242.9206
8861875.0,238.0147
8862500.0,218.9458
8863125.0,219.6101
8863750.0,235.1410
8864375.0,235.9810
8865000.0,45.4151
8865625.0,50.7396
8866250.0,48.9117
8866875.0,45.5299
8867500.0,35.6638
8868125.0,36.5785
8868750.0,36.3861
8869375.0,39.3239
8870000.0,236.0759
8870625.0,225.3945
8871250.0,232.6264
8871875.0,234.2585
8872500.0,225.6554
8873125.0,229.5295
8873750.0,231.6846
8874375.0,230.4856
8875000.0,45.1698
8875625.0,45.4074
8876250.0,46.3218
8876875.0,45.3393
8877500.0,34.2748
8878125.0,38.2505
8878750.0,37.6409
8879375.0,34.5222
8880000.0,229.2054
8880625.0,229.8623
8881250.0,234.1106
8881875.0,219.4497
8882500.0,216.2937
8883125.0,238.0288
8883750.0,214.2060
8884375.0,229.3011
8885000.0,46.2337
8885625.0,46.7103
8886250.0,47.5939
8886875.0,50.7566
8887500.0,34.0409
8888125.0,38.6217
8888750.0,32.3525
8889375.0,39.5784
8890000.0,202.0177
8890625.0,252.4094
8891250.0,220.6151
8891875.0,239.5168
8892500.0,237.1968
8893125.0,220.0895
8893750.0,220.9528
8894375.0,215.5820
8895000.0,48.8503
8895625.0,46.0048
8896250.0,45.0754
8896875.0,48.2626
8897500.0,35.3402
8898125.0,36.3914
8898750.0,37.1981
8899375.0,35.8115
8900000.0,226.2980
8900625.0,249.8058
8901250.0,229.6309
8901875.0,227.8283
8902500.0,229.9685
8903125.0,237.2717
8903750.0,220.0072
8904375.0,236.9557
8905000.0,47.6012
8905625.0,42.7967
8906250.0,51.2165
8906875.0,50.4329
8907500.0,35.5190
8908125.0,34.9235
8908750.0,37.4219
8909375.0,34.3622
8910000.0,240.3482
8910625.0,219.7299
8911250.0,243.2453
8911875.0,215.7255
8912500.0,223.7377
8913125.0,239.2561
8913750.0,221.3636
8914375.0,228.0610
8915000.0,49.5677
8915625.0,45.6933
8916250.0,44.0349
8916875.0,43.5720
8917500.0,38.0794
8918125.0,37.7192
8918750.0,38.9641
8919375.0,36.4930
8920000.0,215.4034
8920625.0,204.7081
8921250.0,265.2684
8921875.0,238.1123
8922500.0,233.5868
8923125.0,235.2322
8923750.0,215.3965
8924375.0,222.7795
8925000.0,51.0968
8925625.0,48.5471
8926250.0,45.2055
8926875.0,44.1170
8927500.0,36.0460
8928125.0,36.4165
8928750.0,40.7909
8929375.0,36.6517
8930000.0,211.6175
8930625.0,224.3407
8931250.0,227.9738
8931875.0,210.5939
8932500.0,229.5244
8933125.0,238.6003
8933750.0,226.5601
8934375.0,216.0330
8935000.0,45.7572
8935625.0,43.1017
8936250.0,46.6855
8936875.0,47.7303
8937500.0,35.3412
8938125.0,40.5884
8938750.0,38.4657
8939375.0,33.6834
8940000.0,211.4418
8940625.0,220.5853
8941250.0,250.2490
8941875.0,242.3347
8942500.0,250.8351
8943125.0,232.1184
8943750.0,229.5699
8944375.0,217.5289
8945000.0,47.8218
8945625.0,46.5390
8946250.0,46.4485
8946875.0,50.8024
8947500.0,36.7663
8948125.0,39.4623
8948750.0,34.0621
8949375.0,41.9730
8950000.0,220.8007
8950625.0,232.9558
8951250.0,234.7456
8951875.0,219.4047
8952500.0,234.2141
8953125.0,234.7988
8953750.0,216.9771
8954375.0,217.1104
8955000.0,47.1065
8955625.0,46.7286
8956250.0,50.2739
8956875.0,48.6513
8957500.0,36.8697
8958125.0,38.1212
8958750.0,33.2137
8959375.0,35.8617
8960000.0,235.3387
8960625.0,244.9382
8961250.0,234.3173
8961875.0,248.9156
8962500.0,242.0681
8963125.0,226.3354
8963750.0,230.3756
8964375.0,236.7377
8965000.0,45.9457
8965625.0,50.5985
8966250.0,44.3945
8966875.0,47.7429
8967500.0,38.3606
8968125.0,36.4201
8968750.0,36.0032
8969375.0,36.8592
8970000.0,234.1350
8970625.0,219.3767
8971250.0,212.9746
8971875.0,237.9441
8972500.0,229.4921
8973125.0,236.3384
8973750.0,233.5425
8974375.0,249.5238
8975000.0,49.6202
8975625.0,45.2984
8976250.0,48.1051
8976875.0,45.6899
8977500.0,36.1599
8978125.0,34.3869
8978750.0,36.4707
8979375.0,38.0083
8980000.0,231.2341
8980625.0,219.2473
8981250.0,214.3330
8981875.0,256.4974
8982500.0,235.7719
8983125.0,222.4408
8983750.0,237.3567
8984375.0,257.3946
8985000.0,48.4581
8985625.0,40.4504
8986250.0,53.2329
8986875.0,42.6543
8987500.0,36.6189
8988125.0,34.9032
8988750.0,35.6310
8989375.0,37.5262
8990000.0,201.7010
8990625.0,223.9847
8991250.0,237.9076
8991875.0,215.5135
8992500.0,209.3593
8993125.0,223.4328
8993750.0,221.1937
8994375.0,218.3037
8995000.0,44.2074
8995625.0,48.2201
8996250.0,48.3989
8996875.0,44.4957
8997500.0,35.2846
8998125.0,37.2525
8998750.0,35.2148
8999375.0,37.3305
9000000.0,249.0293
9000625.0,231.3061
9001250.0,217.9221
9001875.0,236.5484
9002500.0,229.9392
9003125.0,230.2582
9003750.0,237.5137
9004375.0,240.0160
9005000.0,47.0834
9005625.0,46.8574
9006250.0,51.8493
9006875.0,49.8213
9007500.0,38.5421
9008125.0,37.2427
9008750.0,35.1394
9009375.0,39.0857
9010000.0,226.6233
9010625.0,218.5068
9011250.0,222.2647
9011875.0,214.1304
9012500.0,236.8950
9013125.0,232.6842
9013750.0,227.0434
9014375.0,224.5187
9015000.0,45.4004
9015625.0,41.9943
9016250.0,43.6796
9016875.0,45.2548
9017500.0,35.3480
9018125.0,37.5353
9018750.0,38.5013
9019375.0,36.7624
9020000.0,248.3434
9020625.0,222.9184
9021250.0,230.4278
9021875.0,231.4085
9022500.0,244.6694
9023125.0,233.2283
9023750.0,233.5494
9024375.0,212.8038
9025000.0,44.8852
9025625.0,49.5755
9026250.0,42.1229
9026875.0,50.1560
9027500.0,37.9244
9028125.0,35.6171
9028750.0,35.4607
9029375.0,40.5075
9030000.0,240.8783
9030625.0,223.6563
9031250.0,226.5142
9031875.0,217.7305
9032500.0,226.5163
9033125.0,217.4186
9033750.0,224.1164
9034375.0,245.3662
9035000.0,46.7753
9035625.0,44.5371
9036250.0,43.7890
9036875.0,47.2987
9037500.0,35.5923
9038125.0,37.4562
9038750.0,34.0039
9039375.0,38.2770
9040000.0,219.7021
9040625.0,232.5370
9041250.0,228.0757
9041875.0,251.9333
9042500.0,233.9893
9043125.0,254.5675
9043750.0,238.5046
9044375.0,248.5347
9045000.0,46.5093
9045625.0,47.8119
9046250.0,49.8638
9046875.0,49.1267
9047500.0,37.9823
9048125.0,36.3933
9048750.0,36.7063
9049375.0,39.1047
9050000.0,240.1415
9050625.0,218.3303
9051250.0,216.6327
9051875.0,214.8285
9052500.0,234.3341
9053125.0,214.5434
9053750.0,234.1980
9054375.0,231.1390
9055000.0,45.7190
9055625.0,50.6751
9056250.0,43.5637
9056875.0,50.8999
9057500.0,37.5899
9058125.0,33.1641
9058750.0,39.9450
9059375.0,38.7986
9060000.0,227.0327
9060625.0,220.8092
9061250.0,213.7988
9061875.0,260.0192
9062500.0,221.2888
9063125.0,217.3424
9063750.0,235.1079
9064375.0,213.0004
9065000.0,44.6934
9065625.0,49.3382
9066250.0,48.0909
9066875.0,46.0920
9067500.0,37.0339
9068125.0,36.1814
9068750.0,36.8853
9069375.0,35.5906
9070000.0,218.4723
9070625.0,218.1299
9071250.0,216.8341
9071875.0,236.7440
9072500.0,233.6638
9073125.0,214.5109
9073750.0,211.5631
9074375.0,223.2306
9075000.0,52.0649
9075625.0,44.5849
9076250.0,46.6211
9076875.0,47.2085
9077500.0,36.7990
9078125.0,36.1523
9078750.0,39.1369
9079375.0,37.8407
9080000.0,241.8113
9080625.0,238.8368
9081250.0,242.3698
9081875.0,250.3791
9082500.0,247.4401
9083125.0,258.9677
9083750.0,246.1212
9084375.0,224.2344
9085000.0,48.9912
9085625.0,48.6695
9086250.0,51.5127
9086875.0,44.7272
9087500.0,38.0322
9088125.0,35.7400
9088750.0,37.9482
9089375.0,36.6027
9090000.0,230.3940
9090625.0,209.1337
9091250.0,233.9238
9091875.0,227.3182
9092500.0,226.7122
9093125.0,246.9401
9093750.0,220.6971
9094375.0,228.8505
9095000.0,47.2356
9095625.0,47.4654
9096250.0,52.2212
9096875.0,47.1499
9097500.0,35.9505
9098125.0,40.4612
9098750.0,36.4308
9099375.0,34.0304
9100000.0,223.4062
9100625.0,217.5396
9101250.0,211.1204
9101875.0,227.7890
9102500.0,231.1855
9103125.0,245.6941
9103750.0,239.3011
9104375.0,238.7725
9105000.0,44.9010
9105625.0,49.0796
9106250.0,50.2694
9106875.0,47.9272
9107500.0,37.7817
9108125.0,34.6603
9108750.0,38.9507
9109375.0,40.2945
9110000.0,228.6332
9110625.0,218.3135
9111250.0,223.1776
9111875.0,220.2703
9112500.0,220.9449
9113125.0,232.2898
9113750.0,228.1440
9114375.0,236.2943
9115000.0,47.8716
9115625.0,44.9694
9116250.0,45.8234
9116875.0,45.6773
9117500.0,36.6550
9118125.0,40.3202
9118750.0,40.6166
9119375.0,38.5477
9120000.0,233.3777
9120625.0,216.2048
9121250.0,234.5521
9121875.0,222.8359
9122500.0,250.9141
9123125.0,213.3692
9123750.0,236.4600
9124375.0,221.8588
9125000.0,46.9776
9125625.0,48.5653
9126250.0,49.4016
9126875.0,46.8574
9127500.0,38.4083
9128125.0,35.7744
9128750.0,37.4542
9129375.0,38.8541
9130000.0,228.7361
9130625.0,219.0449
9131250.0,221.8608
9131875.0,236.4261
9132500.0,212.7167
9133125.0,214.3765
9133750.0,231.7679
9134375.0,220.0596
9135000.0,43.5853
9135625.0,50.1744
9136250.0,44.4159
9136875.0,46.5313
9137500.0,35.8539
9138125.0,36.4493
9138750.0,35.3635
9139375.0,38.3214
9140000.0,233.2856
9140625.0,243.4104
9141250.0,224.9336
9141875.0,256.7431
9142500.0,209.9061
9143125.0,213.6124
9143750.0,252.3358
9144375.0,237.4989
9145000.0,47.8023
9145625.0,48.0135
9146250.0,48.3423
9146875.0,47.7045
9147500.0,35.2131
9148125.0,38.5137
9148750.0,38.2223
9149375.0,39.6426
9150000.0,244.8477
9150625.0,228.7179
9151250.0,211.1901
9151875.0,244.9409
9152500.0,213.5458
9153125.0,228.8021
9153750.0,222.1117
9154375.0,220.1555
9155000.0,48.7961
9155625.0,47.5745
9156250.0,48.2061
9156875.0,45.0831
9157500.0,36.6780
9158125.0,35.5764
9158750.0,36.6317
9159375.0,36.7803
9160000.0,253.3939
9160625.0,228.9911
9161250.0,207.3431
9161875.0,248.1831
9162500.0,237.2114
9163125.0,230.4803
9163750.0,226.9283
9164375.0,221.0157
9165000.0,51.5544
9165625.0,47.1218
9166250.0,42.9163
9166875.0,47.7702
9167500.0,39.2314
9168125.0,37.2894
9168750.0,35.3321
9169375.0,35.1665
9170000.0,214.6802
9170625.0,242.1187
9171250.0,224.1938
9171875.0,206.1144
9172500.0,229.3215
9173125.0,226.5867
9173750.0,219.9499
9174375.0,213.5204
9175000.0,44.4998
9175625.0,49.5536
9176250.0,47.5817
9176875.0,48.1248
9177500.0,37.4528
9178125.0,37.6062
9178750.0,36.1335
9179375.0,36.6192
9180000.0,245.5130
9180625.0,248.4092
9181250.0,217.8237
9181875.0,229.5842
9182500.0,241.7357
9183125.0,253.8321
9183750.0,252.6707
9184375.0,222.7692
9185000.0,49.9964
9185625.0,47.1378
9186250.0,49.4544
9186875.0,48.8525
9187500.0,34.6617
9188125.0,38.0175
9188750.0,38.8605
9189375.0,36.9627
9190000.0,222.2289
9190625.0,207.3188
9191250.0,232.6907
9191875.0,227.3484
9192500.0,214.6254
9193125.0,221.3343
9193750.0,226.7382
9194375.0,218.7153
9195000.0,47.0063
9195625.0,42.8877
9196250.0,50.1711
9196875.0,47.0374
9197500.0,34.9662
9198125.0,32.4495
9198750.0,38.9039
9199375.0,38.0325
9200000.0,234.4440
9200625.0,242.0183
9201250.0,241.9864
9201875.0,234.2555
9202500.0,229.0511
9203125.0,227.1612
9203750.0,236.8829
9204375.0,248.2056
9205000.0,46.7582
9205625.0,50.4697
9206250.0,47.8769
9206875.0,47.8946
9207500.0,41.4495
9208125.0,40.0575
9208750.0,40.1054
9209375.0,35.5244
9210000.0,249.6621
9210625.0,224.0751
9211250.0,222.4407
9211875.0,200.7085
9212500.0,228.6708
9213125.0,212.8123
9213750.0,229.5929
9214375.0,211.9324
9215000.0,51.2246
9215625.0,48.2962
9216250.0,52.3577
9216875.0,44.5959
9217500.0,39.8660
9218125.0,33.6650
9218750.0,37.3849
9219375.0,35.8315
9220000.0,226.8037
9220625.0,226.0086
9221250.0,221.3893
9221875.0,217.3876
9222500.0,226.8678
9223125.0,233.3459
9223750.0,245.4989
9224375.0,235.4261
9225000.0,49.7414
9225625.0,43.5263
9226250.0,45.9825
9226875.0,48.6709
9227500.0,37.6349
9228125.0,35.4068
9228750.0,38.7280
9229375.0,36.0171
9230000.0,216.2547
9230625.0,230.4782
9231250.0,225.0694
9231875.0,219.1172
9232500.0,218.7352
9233125.0,212.9648
9233750.0,220.5478
9234375.0,237.3751
9235000.0,47.5747
9235625.0,49.2527
9236250.0,48.2128
9236875.0,45.5612
9237500.0,33.9491
9238125.0,35.2853
9238750.0,35.7582
9239375.0,35.6151
9240000.0,243.3798
9240625.0,243.2588
9241250.0,257.6578
9241875.0,223.1408
9242500.0,250.5304
9243125.0,250.4587
9243750.0,229.3057
9244375.0,237.4932
9245000.0,49.9157
9245625.0,46.8615
9246250.0,46.6795
9246875.0,45.5258
9247500.0,32.6339
9248125.0,37.1304
9248750.0,35.6867
9249375.0,35.0106
9250000.0,229.7497
9250625.0,208.6727
9251250.0,234.0684
9251875.0,230.4405
9252500.0,220.4978
9253125.0,224.2878
9253750.0,211.6100
9254375.0,233.4413
9255000.0,47.4403
9255625.0,47.6153
9256250.0,48.1794
9256875.0,45.4903
9257500.0,34.1897
9258125.0,38.7710
9258750.0,38.2741
9259375.0,36.0096
9260000.0,236.7457
9260625.0,246.5925
9261250.0,245.2089
9261875.0,225.4511
9262500.0,214.7304
9263125.0,216.7203
9263750.0,228.3840
9264375.0,248.9629
9265000.0,45.2882
9265625.0,45.5986
9266250.0,45.5503
9266875.0,45.7504
9267500.0,36.9792
9268125.0,34.6319
9268750.0,39.0061
9269375.0,36.7321
9270000.0,252.8903
9270625.0,211.7973
9271250.0,242.8860
9271875.0,240.6526
9272500.0,220.3686
9273125.0,220.5556
9273750.0,214.6354
9274375.0,214.7645
9275000.0,46.9986
9275625.0,47.0486
9276250.0,43.2345
9276875.0,52.3897
9277500.0,36.5199
9278125.0,37.1214
9278750.0,35.8415
9279375.0,36.5060
9280000.0,227.8486
9280625.0,231.9660
9281250.0,231.8308
9281875.0,241.3364
9282500.0,234.6358
9283125.0,240.1697
9283750.0,231.8862
9284375.0,234.6825
9285000.0,46.4329
9285625.0,49.3573
9286250.0,47.7582
9286875.0,46.6285
9287500.0,36.6524
9288125.0,36.7979
9288750.0,37.0563
9289375.0,36.8957
9290000.0,218.7130
9290625.0,233.6051
9291250.0,234.3159
9291875.0,245.0684
9292500.0,218.2092
9293125.0,232.4974
9293750.0,203.5222
9294375.0,234.3267
9295000.0,43.5770
9295625.0,44.6868
9296250.0,47.7807
9296875.0,45.5395
9297500.0,35.5970
9298125.0,36.1031
9298750.0,38.3498
9299375.0,35.2742
9300000.0,231.3718
9300625.0,227.6076
9301250.0,241.5107
9301875.0,241.8359
9302500.0,210.7107
9303125.0,244.1233
9303750.0,224.9152
9304375.0,234.7410
9305000.0,44.7936
9305625.0,47.8722
9306250.0,52.9957
9306875.0,47.2988
9307500.0,36.1493
9308125.0,36.5705
9308750.0,34.2823
9309375.0,39.6806
9310000.0,228.5199
9310625.0,213.1999
9311250.0,213.5664
9311875.0,225.1719
9312500.0,235.4849
9313125.0,212.0514
9313750.0,237.5259
9314375.0,223.9691
9315000.0,44.8139
9315625.0,45.9009
9316250.0,51.1091
9316875.0,43.7377
9317500.0,35.6460
9318125.0,38.7623
9318750.0,37.4004
9319375.0,35.5362
9320000.0,243.1916
9320625.0,243.7426
9321250.0,235.8441
9321875.0,224.8962
9322500.0,226.6837
9323125.0,235.3022
9323750.0,216.7816
9324375.0,247.4023
9325000.0,50.9955
9325625.0,46.4455
9326250.0,47.8368
9326875.0,49.7866
9327500.0,40.6178
9328125.0,39.8804
9328750.0,33.7893
9329375.0,36.4162
9330000.0,230.6327
9330625.0,219.4401
9331250.0,245.0561
9331875.0,243.3305
9332500.0,215.8208
9333125.0,223.1730
9333750.0,216.5675
9334375.0,222.8048
9335000.0,46.4702
9335625.0,49.2425
9336250.0,44.9121
9336875.0,40.8506
9337500.0,34.0316
9338125.0,35.0976
9338750.0,35.7870
9339375.0,37.3463
9340000.0,219.4744
9340625.0,217.9512
9341250.0,221.2184
9341875.0,219.0584
9342500.0,225.5679
9343125.0,225.0715
9343750.0,239.9931
9344375.0,220.5215
9345000.0,46.1596
9345625.0,45.7192
9346250.0,48.9009
9346875.0,46.6374
9347500.0,38.9438
9348125.0,34.8681
9348750.0,36.9087
9349375.0,35.9346
9350000.0,211.2070
9350625.0,224.2405
9351250.0,244.4954
9351875.0,215.4048
9352500.0,223.5661
9353125.0,210.2374
9353750.0,208.5837
9354375.0,216.1434
9355000.0,45.9425
9355625.0,46.0469
9356250.0,46.4688
9356875.0,43.1264
9357500.0,35.8420
9358125.0,37.9283
9358750.0,34.4872
9359375.0,36.3430
9360000.0,235.3970
9360625.0,222.9257
9361250.0,235.9617
9361875.0,214.3549
9362500.0,242.3060
9363125.0,236.2433
9363750.0,232.6457
9364375.0,245.0479
9365000.0,46.2260
9365625.0,45.5480
9366250.0,50.2255
9366875.0,51.3258
9367500.0,35.7171
9368125.0,36.7896
9368750.0,38.9333
9369375.0,36.8554
9370000.0,231.6891
9370625.0,233.7795
9371250.0,218.6741
9371875.0,229.7168
9372500.0,224.9303
9373125.0,211.3102
9373750.0,213.8664
9374375.0,217.6603
9375000.0,49.1820
9375625.0,49.2592
9376250.0,48.7623
9376875.0,48.0343
9377500.0,37.7637
9378125.0,37.5135
9378750.0,37.7541
9379375.0,37.8794
9380000.0,215.7087
9380625.0,222.8331
9381250.0,220.0645
9381875.0,244.8429
9382500.0,251.1876
9383125.0,206.8390
9383750.0,250.1518
9384375.0,233.0060
9385000.0,49.3799
9385625.0,48.1902
9386250.0,50.3849
9386875.0,47.4929
9387500.0,34.4776
9388125.0,36.8045
9388750.0,37.9540
9389375.0,36.6005
9390000.0,232.3995
9390625.0,224.2609
9391250.0,218.3005
9391875.0,212.7827
9392500.0,220.5921
9393125.0,227.3014
9393750.0,202.9568
9394375.0,216.2241
9395000.0,42.3078
9395625.0,45.5499
9396250.0,49.8137
9396875.0,44.2126
9397500.0,38.3008
9398125.0,42.2703
9398750.0,39.6890
9399375.0,37.2470
9400000.0,241.9578
9400625.0,216.1117
9401250.0,213.7484
9401875.0,232.3329
9402500.0,236.6239
9403125.0,244.6951
9403750.0,225.4024
9404375.0,234.2434
9405000.0,47.3739
9405625.0,46.6912
9406250.0,46.8297
9406875.0,44.9914
9407500.0,37.5175
9408125.0,37.3608
9408750.0,36.1860
9409375.0,38.2317
9410000.0,236.5631
9410625.0,232.6205
9411250.0,213.2725
9411875.0,226.1210
9412500.0,214.7464
9413125.0,226.0862
9413750.0,214.7902
9414375.0,239.3681
9415000.0,48.8408
9415625.0,49.7095
9416250.0,49.4715
9416875.0,46.3641
9417500.0,36.2126
9418125.0,40.2222
9418750.0,36.6945
9419375.0,34.4940
9420000.0,243.6866
9420625.0,233.6678
9421250.0,249.4690
9421875.0,234.8184
9422500.0,231.7680
9423125.0,249.7030
9423750.0,214.1538
9424375.0,225.2098
9425000.0,44.9147
9425625.0,41.8416
9426250.0,49.0520
9426875.0,45.6901
9427500.0,38.6749
9428125.0,37.7198
9428750.0,38.1232
9429375.0,36.1575
9430000.0,216.4022
9430625.0,226.0098
9431250.0,235.3406
9431875.0,224.4332
9432500.0,217.1032
9433125.0,211.5110
9433750.0,227.2968
9434375.0,218.7667
9435000.0,46.8314
9435625.0,46.4389
9436250.0,45.9556
9436875.0,47.6904
9437500.0,38.0258
9438125.0,40.6358
9438750.0,38.4022
9439375.0,39.9483
9440000.0,222.5042
9440625.0,213.4290
9441250.0,231.8326
9441875.0,241.9531
9442500.0,240.1335
9443125.0,246.0520
9443750.0,202.5761
9444375.0,246.5345
9445000.0,47.7883
9445625.0,43.3716
9446250.0,48.7003
9446875.0,47.3983
9447500.0,37.7053
9448125.0,38.8484
9448750.0,37.7960
9449375.0,34.2753
9450000.0,223.3910
9450625.0,206.8015
9451250.0,232.3019
9451875.0,240.7272
9452500.0,211.0337
9453125.0,217.4460
9453750.0,215.0733
9454375.0,219.8936
9455000.0,47.9692
9455625.0,45.9588
9456250.0,48.5334
9456875.0,49.5036
9457500.0,39.0383
9458125.0,34.9314
9458750.0,39.5640
9459375.0,39.7122
9460000.0,250.0111
9460625.0,230.1693
9461250.0,223.2786
9461875.0,220.5828
9462500.0,219.2194
9463125.0,232.1356
9463750.0,241.8351
9464375.0,247.1561
9465000.0,45.8589
9465625.0,46.9091
9466250.0,46.7552
9466875.0,45.5071
9467500.0,38.3611
9468125.0,37.6713
9468750.0,37.2624
9469375.0,37.6629
9470000.0,231.9238
9470625.0,231.8112
9471250.0,215.5670
9471875.0,235.0837
9472500.0,227.8729
9473125.0,220.1106
9473750.0,227.6351
9474375.0,228.8754
9475000.0,49.5422
9475625.0,44.5415
9476250.0,50.1137
9476875.0,47.0544
9477500.0,36.0636
9478125.0,36.0070
9478750.0,35.1475
9479375.0,33.7793
9480000.0,239.8578
9480625.0,254.9783
9481250.0,213.2357
9481875.0,220.9750
9482500.0,240.7184
9483125.0,231.4706
9483750.0,241.6793
9484375.0,230.8200
9485000.0,45.6355
9485625.0,46.4693
9486250.0,41.4021
9486875.0,44.3128
9487500.0,38.7543
9488125.0,39.2050
9488750.0,39.6014
9489375.0,37.8156
9490000.0,199.6192
9490625.0,217.8562
9491250.0,239.9024
9491875.0,243.2594
9492500.0,240.3298
9493125.0,222.3422
9493750.0,210.3010
9494375.0,224.5429
9495000.0,47.0348
9495625.0,50.6791
9496250.0,47.5353
9496875.0,47.0392
9497500.0,37.1360
9498125.0,37.7397
9498750.0,38.1589
9499375.0,35.6596
9500000.0,219.7316
9500625.0,247.8985
9501250.0,212.9639
9501875.0,250.9979
9502500.0,209.8361
9503125.0,225.2193
9503750.0,243.2735
9504375.0,232.0040
9505000.0,43.9063
9505625.0,48.0021
9506250.0,47.1575
9506875.0,46.4923
9507500.0,35.8457
9508125.0,36.9360
9508750.0,35.9234
9509375.0,41.5039
9510000.0,222.2998
9510625.0,220.7952
9511250.0,218.9066
9511875.0,244.9907
9512500.0,206.5605
9513125.0,229.0436
9513750.0,222.3080
9514375.0,208.9867
9515000.0,45.0752
9515625.0,47.7448
9516250.0,44.9687
9516875.0,47.6100
9517500.0,40.1989
9518125.0,37.3156
9518750.0,34.3110
9519375.0,35.4334
9520000.0,228.6893
9520625.0,227.9141
9521250.0,233.7634
9521875.0,235.6243
9522500.0,252.0741
9523125.0,231.9569
9523750.0,218.6345
9524375.0,245.3842
9525000.0,49.9681
9525625.0,47.5462
9526250.0,46.4210
9526875.0,48.4630
9527500.0,36.6095
9528125.0,33.1969
9528750.0,38.0424
9529375.0,38.6507
9530000.0,241.2122
9530625.0,216.7790
9531250.0,227.5444
9531875.0,227.7877
9532500.0,225.9606
9533125.0,226.2921
9533750.0,225.4178
9534375.0,227.3822
9535000.0,48.7406
9535625.0,49.8677
9536250.0,45.2226
9536875.0,46.5951
9537500.0,36.2182
9538125.0,35.9535
9538750.0,34.0103
9539375.0,37.0448
9540000.0,237.5601
9540625.0,230.2008
9541250.0,231.8961
9541875.0,236.8539
9542500.0,248.3690
9543125.0,227.1307
9543750.0,218.4093
9544375.0,230.9509
9545000.0,51.4264
9545625.0,44.2719
9546250.0,48.5278
9546875.0,49.7211
9547500.0,32.6238
9548125.0,37.7589
9548750.0,38.1163
9549375.0,36.5054
9550000.0,217.7276
9550625.0,218.3550
9551250.0,221.3036
9551875.0,221.6014
9552500.0,219.4788
9553125.0,221.1247
9553750.0,238.3964
9554375.0,211.3377
9555000.0,42.8897
9555625.0,49.8359
9556250.0,46.5488
9556875.0,46.0877
9557500.0,36.7942
9558125.0,37.3872
9558750.0,36.0305
9559375.0,37.9360
9560000.0,220.8378
9560625.0,228.4988
9561250.0,206.3095
9561875.0,245.5980
9562500.0,229.9574
9563125.0,239.7732
9563750.0,237.5283
9564375.0,238.3778
9565000.0,46.9817
9565625.0,47.9123
9566250.0,44.7410
9566875.0,44.2477
9567500.0,36.8130
9568125.0,35.7424
9568750.0,39.6371
9569375.0,37.6940
9570000.0,216.9396
9570625.0,221.9452
9571250.0,226.4963
9571875.0,224.2350
9572500.0,228.0571
9573125.0,225.7724
9573750.0,209.3551
9574375.0,200.8023
9575000.0,46.1220
9575625.0,48.3172
9576250.0,46.1484
9576875.0,49.9059
9577500.0,36.9133
9578125.0,39.5108
9578750.0,39.1310
9579375.0,38.9449
9580000.0,218.0393
9580625.0,232.1988
9581250.0,246.1842
9581875.0,235.1592
9582500.0,238.4306
9583125.0,215.9005
9583750.0,254.2580
9584375.0,222.8201
9585000.0,42.3131
9585625.0,46.1749
9586250.0,41.2484
9586875.0,44.4500
9587500.0,41.7332
9588125.0,36.2969
9588750.0,34.3586
9589375.0,37.0468
9590000.0,214.8997
9590625.0,234.7258
9591250.0,214.9926
9591875.0,228.0458
9592500.0,212.0956
9593125.0,254.2391
9593750.0,230.6658
9594375.0,223.3631
9595000.0,46.3115
9595625.0,45.6990
9596250.0,45.2119
9596875.0,45.1473
9597500.0,40.1049
9598125.0,35.9777
9598750.0,33.0606
9599375.0,34.8430
9600000.0,242.7616
9600625.0,229.0730
9601250.0,230.4447
9601875.0,245.5698
9602500.0,222.9849
9603125.0,239.3360
9603750.0,224.2526
9604375.0,238.6802
9605000.0,46.0808
9605625.0,46.4324
9606250.0,48.9273
9606875.0,48.7579
9607500.0,36.6940
9608125.0,36.1275
9608750.0,39.9584
9609375.0,38.0903
9610000.0,220.5997
9610625.0,217.6528
9611250.0,236.5301
9611875.0,226.2983
9612500.0,223.1600
9613125.0,226.2935
9613750.0,228.8002
9614375.0,224.3622
9615000.0,49.8287
9615625.0,49.9594
9616250.0,48.2499
9616875.0,50.2306
9617500.0,37.0157
9618125.0,38.2771
9618750.0,38.8582
9619375.0,38.8852
9620000.0,242.6256
9620625.0,239.3218
9621250.0,254.7027
9621875.0,225.7395
9622500.0,230.1994
9623125.0,229.5117
9623750.0,227.7304
9624375.0,208.9302
9625000.0,50.2309
9625625.0,44.5888
9626250.0,47.3991
9626875.0,43.6586
9627500.0,38.1483
9628125.0,35.5470
9628750.0,34.8985
9629375.0,37.3595
9630000.0,217.1167
9630625.0,218.5407
9631250.0,226.9326
9631875.0,233.9999
9632500.0,215.7930
9633125.0,213.8491
9633750.0,225.2642
9634375.0,231.0666
9635000.0,50.4375
9635625.0,44.4824
9636250.0,46.2528
9636875.0,49.7631
9637500.0,40.6502
9638125.0,35.1628
9638750.0,35.6332
9639375.0,37.7050
9640000.0,225.2982
9640625.0,223.1929
9641250.0,234.8359
9641875.0,249.9733
9642500.0,216.8100
9643125.0,249.3807
9643750.0,225.3327
9644375.0,236.0112
9645000.0,50.7385
9645625.0,47.7645
9646250.0,46.3009
9646875.0,48.6877
9647500.0,36.6796
9648125.0,37.9645
9648750.0,36.6213
9649375.0,38.5931
9650000.0,209.3149
9650625.0,213.5979
9651250.0,209.1496
9651875.0,224.3652
9652500.0,207.7927
9653125.0,217.2169
9653750.0,212.5405
9654375.0,241.6464
9655000.0,44.6719
9655625.0,43.9766
9656250.0,47.5836
9656875.0,50.9640
9657500.0,36.7853
9658125.0,36.9284
9658750.0,39.3879
9659375.0,38.6247
9660000.0,236.9348
9660625.0,225.2448
9661250.0,237.2891
9661875.0,216.2149
9662500.0,224.7654
9663125.0,248.6050
9663750.0,247.1031
9664375.0,237.0748
9665000.0,42.4660
9665625.0,44.1607
9666250.0,45.4032
9666875.0,46.5965
9667500.0,34.6867
9668125.0,36.5443
9668750.0,40.2695
9669375.0,37.7415
9670000.0,227.4618
9670625.0,213.5525
9671250.0,206.5614
9671875.0,211.1828
9672500.0,206.1069
9673125.0,225.8441
9673750.0,229.3187
9674375.0,214.1405
9675000.0,47.3476
9675625.0,50.4521
9676250.0,51.6006
9676875.0,48.8105
9677500.0,36.6765
9678125.0,38.3655
9678750.0,39.5008
9679375.0,33.2866
9680000.0,249.1920
9680625.0,225.6828
9681250.0,225.7944
9681875.0,227.8828
9682500.0,235.7130
9683125.0,219.1095
9683750.0,228.6962
9684375.0,238.0932
9685000.0,47.5136
9685625.0,47.8949
9686250.0,46.2387
9686875.0,48.6302
9687500.0,38.9544
9688125.0,38.8434
9688750.0,37.7911
9689375.0,38.7370
9690000.0,234.7994
9690625.0,255.1107
9691250.0,238.7033
9691875.0,224.0016
9692500.0,214.7436
9693125.0,222.0622
9693750.0,221.2674
9694375.0,230.7535
9695000.0,45.3544
9695625.0,49.8016
9696250.0,43.7345
9696875.0,43.1636
9697500.0,36.7500
9698125.0,35.4413
9698750.0,34.6723
9699375.0,35.8214
9700000.0,223.1668
9700625.0,232.1176
9701250.0,224.8025
9701875.0,225.7460
9702500.0,231.9436
9703125.0,243.7652
9703750.0,249.0606
9704375.0,233.7141
9705000.0,47.5300
9705625.0,46.5695
9706250.0,48.1309
9706875.0,47.9170
9707500.0,39.4528
9708125.0,33.5059
9708750.0,36.5662
9709375.0,37.6275
9710000.0,224.7043
9710625.0,214.4343
9711250.0,210.3821
9711875.0,234.0711
9712500.0,216.4846
9713125.0,205.2574
9713750.0,234.6364
9714375.0,230.1636
9715000.0,46.7277
9715625.0,44.8508
9716250.0,46.7334
9716875.0,49.8566
9717500.0,34.0128
9718125.0,34.1066
9718750.0,35.8386
9719375.0,36.9507
9720000.0,226.2430
9720625.0,239.4567
9721250.0,244.6305
9721875.0,235.2337
9722500.0,238.5010
9723125.0,235.1564
9723750.0,232.1103
9724375.0,216.9947
9725000.0,44.5842
9725625.0,43.8253
9726250.0,46.6510
9726875.0,47.5459
9727500.0,34.3189
9728125.0,37.1343
9728750.0,35.3808
9729375.0,35.0220
9730000.0,217.9648
9730625.0,212.3946
9731250.0,231.8249
9731875.0,223.1100
9732500.0,234.1712
9733125.0,220.0107
9733750.0,220.4360
9734375.0,246.0756
9735000.0,43.1858
9735625.0,50.0185
9736250.0,50.8881
9736875.0,48.7997
9737500.0,36.3886
9738125.0,39.6398
9738750.0,36.4047
9739375.0,35.6943
9740000.0,227.4961
9740625.0,225.3858
9741250.0,221.0192
9741875.0,244.8761
9742500.0,223.0280
9743125.0,231.6561
9743750.0,215.2522
9744375.0,232.3574
9745000.0,44.2836
9745625.0,44.2259
9746250.0,46.7432
9746875.0,49.4839
9747500.0,37.8148
9748125.0,37.9419
9748750.0,36.7597
9749375.0,36.3791
9750000.0,233.9003
9750625.0,218.6643
9751250.0,234.3874
9751875.0,238.9044
9752500.0,215.5344
9753125.0,217.1875
9753750.0,218.8609
9754375.0,208.4967
9755000.0,45.8969
9755625.0,50.0584
9756250.0,44.5429
9756875.0,50.1142
9757500.0,36.1981
9758125.0,40.9110
9758750.0,35.7386
9759375.0,36.7336
9760000.0,221.4419
9760625.0,224.0227
9761250.0,247.5229
9761875.0,237.5046
9762500.0,243.9343
9763125.0,216.7392
9763750.0,239.5960
9764375.0,220.7313
9765000.0,43.8573
9765625.0,47.5611
9766250.0,47.5371
9766875.0,47.1254
9767500.0,38.3275
9768125.0,38.6161
9768750.0,39.7190
9769375.0,34.7979
9770000.0,241.8977
9770625.0,246.1760
9771250.0,220.8799
9771875.0,206.2295
9772500.0,209.4356
9773125.0,219.8042
9773750.0,247.6591
9774375.0,225.1922
9775000.0,45.5496
9775625.0,45.3893
9776250.0,43.8916
9776875.0,49.0553
9777500.0,36.8297
9778125.0,40.8847
9778750.0,38.1622
9779375.0,38.5354
9780000.0,229.1916
9780625.0,219.3440
9781250.0,221.8665
9781875.0,216.1167
9782500.0,242.5606
9783125.0,227.5350
9783750.0,243.0490
9784375.0,233.5766
9785000.0,46.3119
9785625.0,44.2514
9786250.0,47.7088
9786875.0,46.4862
9787500.0,38.6690
9788125.0,35.6765
9788750.0,38.1398
9789375.0,40.0356
9790000.0,228.0663
9790625.0,233.8345
9791250.0,231.4338
9791875.0,246.3535
9792500.0,229.1801
9793125.0,232.8745
9793750.0,224.5919
9794375.0,216.2881
9795000.0,44.1608
9795625.0,49.9773
9796250.0,44.6304
9796875.0,48.7528
9797500.0,37.7696
9798125.0,38.6979
9798750.0,36.0478
9799375.0,35.5371
9800000.0,236.3891
9800625.0,228.6088
9801250.0,217.7201
9801875.0,254.4869
9802500.0,222.8197
9803125.0,220.4739
9803750.0,229.1912
9804375.0,246.5332
9805000.0,41.9082
9805625.0,49.7492
9806250.0,44.8580
9806875.0,47.6216
9807500.0,35.7494
9808125.0,40.6850
9808750.0,37.2305
9809375.0,35.6900
9810000.0,221.6127
9810625.0,226.0084
9811250.0,226.9989
9811875.0,229.9361
9812500.0,224.9842
9813125.0,209.5069
9813750.0,221.1720
9814375.0,231.8249
9815000.0,45.4258
9815625.0,48.5810
9816250.0,47.0745
9816875.0,46.4883
9817500.0,39.2092
9818125.0,33.7845
9818750.0,35.7507
9819375.0,39.2800
9820000.0,253.2286
9820625.0,258.5175
9821250.0,232.5841
9821875.0,237.3116
9822500.0,241.4822
9823125.0,246.7909
9823750.0,235.6319
9824375.0,242.7433
9825000.0,48.0805
9825625.0,48.2272
9826250.0,44.8418
9826875.0,46.2263
9827500.0,36.0329
9828125.0,34.8005
9828750.0,33.9445
9829375.0,36.2163
9830000.0,222.0313
9830625.0,226.1817
9831250.0,231.2521
9831875.0,227.1164
9832500.0,222.1097
9833125.0,214.7048
9833750.0,234.8670
9834375.0,223.8545
9835000.0,45.9806
9835625.0,46.5618
9836250.0,45.2781
9836875.0,45.7529
9837500.0,35.9595
9838125.0,36.4684
9838750.0,38.2131
9839375.0,37.7532
9840000.0,249.9422
9840625.0,246.0561
9841250.0,254.6945
9841875.0,238.4862
9842500.0,238.3000
9843125.0,226.3460
9843750.0,241.5818
9844375.0,224.3890
9845000.0,43.5444
9845625.0,50.5869
9846250.0,44.0644
9846875.0,48.0313
9847500.0,35.3714
9848125.0,39.0843
9848750.0,39.3365
9849375.0,37.9790
9850000.0,239.0216
9850625.0,225.0825
9851250.0,250.1345
9851875.0,233.3944
9852500.0,214.8688
9853125.0,225.7831
9853750.0,223.2844
9854375.0,222.1827
9855000.0,43.1057
9855625.0,47.9091
9856250.0,43.7435
9856875.0,41.0653
9857500.0,36.3636
9858125.0,35.6016
9858750.0,35.4062
9859375.0,31.2593
9860000.0,222.1302
9860625.0,229.9858
9861250.0,224.6438
9861875.0,236.4932
9862500.0,248.1549
9863125.0,237.9899
9863750.0,243.9062
9864375.0,244.8659
9865000.0,44.6057
9865625.0,48.0319
9866250.0,49.3386
9866875.0,45.9755
9867500.0,35.5373
9868125.0,37.9813
9868750.0,34.2590
9869375.0,34.9872
9870000.0,217.4990
9870625.0,230.0683
9871250.0,227.4628
9871875.0,236.6142
9872500.0,214.6290
9873125.0,214.0259
9873750.0,230.8940
9874375.0,216.0150
9875000.0,45.5818
9875625.0,42.6366
9876250.0,47.6835
9876875.0,50.6220
9877500.0,35.0958
9878125.0,38.8902
9878750.0,36.8901
9879375.0,33.7340
9880000.0,221.6212
9880625.0,220.9050
9881250.0,228.3283
9881875.0,236.8664
9882500.0,253.4475
9883125.0,215.3987
9883750.0,226.3766
9884375.0,221.6066
9885000.0,44.0202
9885625.0,47.2243
9886250.0,47.0035
9886875.0,42.7376
9887500.0,37.0336
9888125.0,34.7700
9888750.0,37.0219
9889375.0,39.3486
9890000.0,230.2095
9890625.0,226.9971
9891250.0,219.0514
9891875.0,225.7523
9892500.0,231.3366
9893125.0,230.2219
9893750.0,223.8838
9894375.0,227.4455
9895000.0,43.9061
9895625.0,45.2743
9896250.0,48.6628
9896875.0,48.9788
9897500.0,37.1732
9898125.0,39.7361
9898750.0,37.9398
9899375.0,36.5687
9900000.0,217.8509
9900625.0,248.6893
9901250.0,240.9357
9901875.0,252.8604
9902500.0,257.1354
9903125.0,217.0715
9903750.0,217.1017
9904375.0,198.7869
9905000.0,49.1582
9905625.0,48.5427
9906250.0,47.2298
9906875.0,44.1186
9907500.0,36.8353
9908125.0,37.3417
9908750.0,38.4480
9909375.0,37.5050
9910000.0,232.4678
9910625.0,223.6035
9911250.0,238.2917
9911875.0,232.1070
9912500.0,211.6470
9913125.0,240.6287
9913750.0,238.7877
9914375.0,230.2366
9915000.0,47.6597
9915625.0,50.8977
9916250.0,43.1617
9916875.0,49.9169
9917500.0,36.1190
9918125.0,39.0261
9918750.0,37.2227
9919375.0,34.7006
9920000.0,226.2404
9920625.0,243.8521
9921250.0,229.5616
9921875.0,224.7908
9922500.0,224.7132
9923125.0,239.4501
9923750.0,252.3074
9924375.0,207.1658
9925000.0,53.5816
9925625.0,47.4788
9926250.0,48.3635
9926875.0,45.9748
9927500.0,36.9935
9928125.0,37.3561
9928750.0,35.0592
9929375.0,35.5095
9930000.0,238.3264
9930625.0,207.5361
9931250.0,229.9617
9931875.0,220.8317
9932500.0,214.1920
9933125.0,247.1842
9933750.0,214.2618
9934375.0,212.2864
9935000.0,46.5606
9935625.0,45.1939
9936250.0,47.0150
9936875.0,47.3652
9937500.0,37.4341
9938125.0,36.7708
9938750.0,35.7010
9939375.0,38.1903
9940000.0,230.7044
9940625.0,226.2508
9941250.0,249.1679
9941875.0,230.5928
9942500.0,244.6670
9943125.0,246.2313
9943750.0,246.9370
9944375.0,240.0174
9945000.0,46.9985
9945625.0,46.8495
9946250.0,46.4263
9946875.0,41.9078
9947500.0,38.3298
9948125.0,37.4523
9948750.0,38.5272
9949375.0,36.7835
9950000.0,232.4793
9950625.0,209.5030
9951250.0,211.8458
9951875.0,197.1426
9952500.0,223.4886
9953125.0,216.3091
9953750.0,214.8370
9954375.0,228.7648
9955000.0,46.0001
9955625.0,43.6322
9956250.0,52.9802
9956875.0,46.9130
9957500.0,34.9961
9958125.0,35.7608
9958750.0,36.6797
9959375.0,36.6758
9960000.0,247.1051
9960625.0,231.0786
9961250.0,253.5204
9961875.0,226.9839
9962500.0,236.9467
9963125.0,243.8550
9963750.0,245.8638
9964375.0,247.2177
9965000.0,46.3608
9965625.0,46.9871
9966250.0,41.1734
9966875.0,46.5394
9967500.0,39.0188
9968125.0,38.6591
9968750.0,36.8400
9969375.0,40.1434
9970000.0,220.6799
9970625.0,216.9434
9971250.0,219.7332
9971875.0,212.3723
9972500.0,232.0019
9973125.0,228.2454
9973750.0,231.8623
9974375.0,220.3383
9975000.0,46.8635
9975625.0,41.8807
9976250.0,47.8841
9976875.0,47.2323
9977500.0,34.9640
9978125.0,36.8064
9978750.0,36.5230
9979375.0,40.2640
9980000.0,219.6909
9980625.0,235.8445
9981250.0,219.3471
9981875.0,225.5287
9982500.0,235.2111
9983125.0,229.5482
9983750.0,231.9305
9984375.0,235.8596
9985000.0,45.8398
9985625.0,49.0777
9986250.0,46.2821
9986875.0,46.7707
9987500.0,37.6684
9988125.0,37.4200
9988750.0,38.1918
9989375.0,37.5864
9990000.0,230.2766
9990625.0,221.3396
9991250.0,212.9763
9991875.0,208.9391
9992500.0,206.2045
9993125.0,244.8307
9993750.0,200.1063
9994375.0,238.4294
9995000.0,45.0710
9995625.0,49.7881
9996250.0,41.8240
9996875.0,46.4475
9997500.0,39.6899
9998125.0,38.3194
9998750.0,36.3761
9999375.0,33.4055
